,contract address,Token_id,sales_price,timestamp,owner_id,bids_count,sales_count,parcels_list,parcels_count,status (label),"adjacency [road, district, plaza]",coordination-est,mana_price,land_price
0,0xf87e31492faf9a91b02ee0deaad50d51d56d5d4d,7145929705339707732730866756067132440644,6549000000000000000000,1642942635000,0xda3374ebd805b3d2aa6ee2bc5fcb6d9cc00667e3,3,3,"['21,68']",1,parcel,"[[8, 3, 0]]","[21.0, 68.0]",2.1191673192784792,1.387842677395476e+22
1,0xf87e31492faf9a91b02ee0deaad50d51d56d5d4d,115792089237316195423570985008687907847485184427984610160580215681573070045224,5387000000000000000000,1643751407000,0x862364e32c4a03fc84c612040657e94927fc3e81,0,1,"['-17,40']",1,parcel,"[[1, 0, 0]]","[-17.0, 40.0]",2.697334799791993,1.4530542566479468e+22
2,0xf87e31492faf9a91b02ee0deaad50d51d56d5d4d,115792089237316195423570985008687907827748807146570179279704488450530513780692,5299000000000000000000,1642752884000,0x8c593534cc44d3cbb8bde927597611d30f56792b,0,1,"['-76,-44']",1,parcel,"[[5, 0, 7]]","[-76.0, -44.0]",2.6360883603314003,1.396863222139609e+22
3,0xf87e31492faf9a91b02ee0deaad50d51d56d5d4d,115792089237316195423570985008687907839318407621882087037459225103210632970329,8887000000000000000000,1643885971000,0xe6dcf90f6486978ea42bb68f69653111875105de,0,2,"['-136,-37', '-41,90', '-41,89', '-37,89']",4,road,"[[0, 0, 0], [3, 5, 0], [3, 5, 0], [3, 5, 0]]","[-63.75, 57.75]",2.559175162581649,2.2743389669863113e+22
4,0xf87e31492faf9a91b02ee0deaad50d51d56d5d4d,11569600475311907757754736652680119189479,6800000000000000000000,1644600068000,0x959e104e1a4db6317fa58f8295f586e1a978c297,3,3,[],0,,[],[0],2.934937766523291,1.995757681235838e+22
5,0xf87e31492faf9a91b02ee0deaad50d51d56d5d4d,1020847100762815390390123822295304634332,11999000000000000000000,1641699110000,0xde4a3780b70bdcb87d0a78a008ea3d216e307c6b,0,2,"['2,-36', '3,-36']",2,road,"[[0, 0, 0], [1, 0, 0]]","[2.5, -36.0]",2.954629844358916,3.5452603502462633e+22
6,0xf87e31492faf9a91b02ee0deaad50d51d56d5d4d,7486212072260646196194241363498900651974,4888000000000000000000,1641170410000,0x3fe3b19320fc260df2ca67eb4de3eda37be3f2aa,2,1,"['21,-58']",1,parcel,"[[1, 0, 0]]","[21.0, -58.0]",3.3512812933629488,1.6381062961958094e+22
7,0xf87e31492faf9a91b02ee0deaad50d51d56d5d4d,12590447576074723148144860474975423823783,4800000000000000000000,1642667893000,0xb2920574676bdad9f0336b7128d63db480ee3556,3,5,"['36,-89']",1,parcel,"[[1, 0, 0]]","[36.0, -89.0]",2.743729245505247,1.3169900378425186e+22
8,0xf87e31492faf9a91b02ee0deaad50d51d56d5d4d,17694683079888800100095479586451946995823,5999000000000000000000,1644413702000,0x157ee2a2e2dfa06200c1ee75ae64f9c92b3c5aa8,0,2,"['52,111']",1,parcel,"[[7, 9, 0]]","[52.0, 111.0]",3.3539721443673747,2.0120478894059883e+22
9,0xf87e31492faf9a91b02ee0deaad50d51d56d5d4d,20757224382177246271265851053337860898797,5349000000000000000000,1643211665000,0x4c1f9ea2581f08551332ef52f0ff131a661e0946,0,1,"['-73,-105', '58,-20', '60,-17', '60,-19']",4,road,"[[0, 0, 0], [6, 9, 0], [8, 7, 0], [8, 7, 0]]","[26.25, -40.25]",2.1741773039497394,1.1629674398827156e+22
10,0xf87e31492faf9a91b02ee0deaad50d51d56d5d4d,4763953136893138488487244504044754960281,6444000000000000000000,1644002477000,0x28f18d9ad8730e0de394e9b5c4dd8df178e73de4,0,1,"['13,-102', '13,-103']",2,road,"[[0, 0, 0], [0, 0, 0]]","[13.0, -102.5]",2.827924994351074,1.822314866359832e+22
11,0x959e104e1a4db6317fa58f8295f586e1a978c297,4630,31999000000000000000000,1643356038000,0x9051c2a11a9d2405f4228db6aee00291f4c11bba,3,2,"['-6,25', '-6,24', '-5,25', '-5,24']",4,land,"[[0, 0, 0], [0, 0, 0], [0, 0, 0], [0, 0, 0]]","[-5.5, 24.5]",2.26664990562353,7.253053033004733e+22
12,0xf87e31492faf9a91b02ee0deaad50d51d56d5d4d,115792089237316195423570985008687907833193325017305194695118482169438805164166,5198000000000000000000,1644288673000,0x877df04f39d11e4c8dc10aa45b22e09fe678e434,0,2,"['-59,134', '135,-4']",2,road,"[[3, 0, 0], [2, 4, 0]]","[38.0, 65.0]",3.3015594156099715,1.7161505842340634e+22
13,0xf87e31492faf9a91b02ee0deaad50d51d56d5d4d,47639531368931384884872445040447549603823,4100000000000000000000,1641003967000,0x7249b7fe2ae88eebf51aa0f0abd50a6bdca7eb51,0,1,"['138,-17', '139,-17']",2,road,"[[0, 0, 0], [0, 0, 0]]","[138.5, -17.0]",3.2837753609862053,1.3463478980043442e+22
14,0xf87e31492faf9a91b02ee0deaad50d51d56d5d4d,115792089237316195423570985008687907838637842888040210110532475888347096547355,6490000000000000000000,1642569919000,0x16f3b0fd0567e3c224e3b946bbe9d6a70616ad29,0,2,"['-43,27']",1,parcel,"[[0, 0, 0]]","[-43.0, 27.0]",2.8616232703619104,1.8571935024648798e+22
15,0xf87e31492faf9a91b02ee0deaad50d51d56d5d4d,115792089237316195423570985008687907806311018030551056081511888182329116458968,5491000000000000000000,1643024659000,0x6adf3bea0dc42ce10e33fbc6e819a6d681eb9e16,0,2,"['-139,-40']",1,parcel,"[[3, 0, 0]]","[-139.0, -40.0]",2.1191673192784792,1.163634775015813e+22
16,0xf87e31492faf9a91b02ee0deaad50d51d56d5d4d,115792089237316195423570985008687907834894736851909887012435355206597646221425,4799000000000000000000,1640647936000,0xbadd20de6d2b5be8db53ad771cf6a55e879242a9,0,2,"['-61,117', '-54,113', '39,-111']",3,road,"[[0, 0, 0], [1, 0, 0], [0, 0, 0]]","[-25.333333333333332, 39.666666666666664]",3.7605323255684633,1.8046794630403056e+22
17,0x959e104e1a4db6317fa58f8295f586e1a978c297,2200,9000000000000000000000,1643645559000,0x4a1bf5d5f3a824c4353614369451d5233d4d6f06,1,1,"['-131,-145', '-106,-25', '-49,-58', '-49,-59', '9,-22', '19,8', '23,129', '23,128', '24,129', '24,128', '54,31']",11,road,"[[0, 0, 0], [1, 5, 0], [0, 0, 2], [0, 0, 2], [0, 0, 0], [6, 0, 8], [0, 0, 0], [0, 0, 0], [0, 0, 0], [0, 0, 0], [2, 5, 0]]","[-14.454545454545455, 22.181818181818183]",2.838711845336331,2.554840660802698e+22
18,0xf87e31492faf9a91b02ee0deaad50d51d56d5d4d,47979813735852323348335819647879317815238,4511000000000000000000,1641387718000,0xe22c9179a031a412974207447cb19d45efab410f,0,1,"['140,-57', '140,-58', '141,-58']",3,road,"[[9, 1, 0], [9, 1, 0], [8, 2, 0]]","[140.33333333333334, -57.666666666666664]",2.9390688380014987,1.3258139528224762e+22
19,0xd35147be6401dcb20811f2104c33de8e97ed6818,26928,95000000000000000000,1642060696000,0x885b9a313c5f7afc4d70af09353966bf3c8cbdb8,0,1,"['-15,-115']",1,parcel,"[[1, 0, 0]]","[-15.0, -115.0]",3.10225498674441,2.9471422374071894e+20
20,0xf87e31492faf9a91b02ee0deaad50d51d56d5d4d,115792089237316195423570985008687907819241747973546717693120123264736308494356,7420000000000000000000,1644826608000,0xef1bce3a53b010ecee410b64be8204d14bdc9f86,1,1,"['-100,20']",1,parcel,"[[4, 0, 0]]","[-100.0, 20.0]",2.8450160166572074,2.111001884359648e+22
21,0xf87e31492faf9a91b02ee0deaad50d51d56d5d4d,42195013498196369469458451321539258220527,4180000000000000000000,1640156069000,0xb6dd0ea111764f06c188b34454bcc6492f429bc5,0,1,"['123,-17']",1,parcel,"[[0, 0, 0]]","[123.0, -17.0]",3.302356930069449,1.3803851967690298e+22
22,0xf87e31492faf9a91b02ee0deaad50d51d56d5d4d,45257554800484815640628822788425172123611,8550000000000000000000,1643108910000,0x2e4c66e63a271db2c81aba7b4881c5bdb59d1887,2,1,"['132,-37']",1,parcel,"[[0, 1, 0]]","[132.0, -37.0]",2.097272260649448,1.7931677828552782e+22
23,0xf87e31492faf9a91b02ee0deaad50d51d56d5d4d,115792089237316195423570985008687907831151630815779563914338234524848195895426,7995000000000000000000,1640747662000,0xb22386c675be4258c885e31eb6a27e66a65dbca8,1,3,"['-65,130']",1,parcel,"[[0, 8, 0]]","[-65.0, 130.0]",3.381781434798159,2.703734257121128e+22
24,0xd35147be6401dcb20811f2104c33de8e97ed6818,26774,56000000000000000000,1642415174000,0x87fff4905cb3a8c7857a565f160768855e2f8e72,0,1,"['-50,-140']",1,parcel,"[[0, 0, 0]]","[-50.0, -140.0]",3.124674912948848,1.7498179512513547e+20
25,0x959e104e1a4db6317fa58f8295f586e1a978c297,53,111111000000000000000000,1641281114000,0xc143759083a5cc47b8f23e1a8aa8fddb6ebf6041,7,3,"['-75,-63', '-60,-13', '-38,102', '-1,46', '13,14', '18,-84', '43,-5']",7,road,"[[1, 0, 3], [8, 3, 0], [0, 2, 0], [0, 5, 0], [2, 0, 4], [0, 0, 7], [4, 0, 0]]","[-14.285714285714286, -0.42857142857142855]",3.2654965487737213,3.6283258703079696e+23
26,0xf87e31492faf9a91b02ee0deaad50d51d56d5d4d,14972424144521292392388482726997801304145,7000000000000000000000,1644136680000,0x9216157d65b04a9fc55858a34ee5466ffd48f194,0,1,"['44,81']",1,parcel,"[[7, 0, 9]]","[44.0, 81.0]",3.047315041602274,2.133120529121592e+22
27,0xf87e31492faf9a91b02ee0deaad50d51d56d5d4d,115792089237316195423570985008687907844762925492617102452873218822118924353495,5149000000000000000000,1642167242000,0xc54a189dd31a6ba725c297429da226856a198125,1,1,"['-26,-41']",1,parcel,"[[8, 0, 0]]","[-26.0, -41.0]",2.9626491224649576,1.5254680331572067e+22
28,0xf87e31492faf9a91b02ee0deaad50d51d56d5d4d,25521177519070384759753095557382615859054,6543000000000000000000,1640347200000,0xac060e24d6231e4918c932443d4315ecc977035e,4,4,"['74,-146']",1,parcel,"[[0, 7, 0]]","[74.0, -146.0]",3.698074237180769,2.4196499733873772e+22
29,0x959e104e1a4db6317fa58f8295f586e1a978c297,4630,24000000000000000000000,1642848977000,0x9051c2a11a9d2405f4228db6aee00291f4c11bba,3,2,"['-6,25', '-6,24', '-5,25', '-5,24']",4,land,"[[0, 0, 0], [0, 0, 0], [0, 0, 0], [0, 0, 0]]","[-5.5, 24.5]",2.2301581473863834,5.35237955372732e+22
30,0x959e104e1a4db6317fa58f8295f586e1a978c297,2776,25500000000000000000000,1641946403000,0x4a1bf5d5f3a824c4353614369451d5233d4d6f06,10,2,"['-131,-145', '-106,-25', '-49,-58', '-49,-59', '9,-22', '19,8', '23,129', '23,128', '24,129', '24,128', '54,31']",11,road,"[[0, 0, 0], [1, 5, 0], [0, 0, 2], [0, 0, 2], [0, 0, 0], [6, 0, 8], [0, 0, 0], [0, 0, 0], [0, 0, 0], [0, 0, 0], [2, 5, 0]]","[-14.454545454545455, 22.181818181818183]",2.943249112150101,7.505285235982758e+22
31,0xf87e31492faf9a91b02ee0deaad50d51d56d5d4d,41514448764354492542531702106675721797627,3920000000000000000000,1640473132000,0x2d03e6d1001e486d1e58690fc7cb3fe3f87c1149,0,2,"['-20,-140', '-20,-141', '-19,-140', '-19,-141', '121,-5']",5,road,"[[0, 0, 6], [0, 0, 7], [0, 0, 6], [0, 0, 7], [3, 5, 0]]","[8.6, -113.4]",3.772988799640287,1.4790116094589926e+22
32,0x959e104e1a4db6317fa58f8295f586e1a978c297,2142,8000000000000000000000,1640947695000,0x5ce213893956bbf4249a7f8a079331280065eec6,5,2,"['-135,-123', '-108,-62', '-91,-74', '-85,-35', '-70,-110', '-51,-130', '0,141', '6,-143', '8,-94', '9,61', '11,61', '12,-94', '37,-61', '40,-61', '43,59']",15,road,"[[0, 0, 0], [1, 0, 0], [4, 0, 0], [1, 0, 0], [0, 0, 0], [0, 0, 0], [1, 3, 0], [0, 0, 9], [0, 0, 2], [0, 0, 0], [0, 0, 0], [0, 0, 2], [2, 0, 0], [5, 0, 0], [6, 3, 8]]","[-24.933333333333334, -44.333333333333336]",3.297564315644028,2.6380514525152224e+22
33,0xf87e31492faf9a91b02ee0deaad50d51d56d5d4d,13951577043758477001998358904702496669576,4900000000000000000000,1642272996000,0x985495b4907e26962b334abaa5b82742494b532e,0,2,"['40,-120']",1,parcel,"[[2, 0, 0]]","[40.0, -120.0]",2.9998911780482875,1.469946677243661e+22
34,0xf87e31492faf9a91b02ee0deaad50d51d56d5d4d,49340943203536077202189318077606390661097,4288000000000000000000,1641552091000,0x00a20c74546c9dc3162ca0cfbc323692cffce448,0,1,"['144,-23']",1,parcel,"[[5, 0, 0]]","[144.0, -23.0]",3.3829650695793463,1.4506154218356237e+22
35,0xf87e31492faf9a91b02ee0deaad50d51d56d5d4d,115792089237316195423570985008687907844422643125696163989409844214687156142032,5999000000000000000000,1641480717000,0x959e104e1a4db6317fa58f8295f586e1a978c297,0,1,[],0,,[],[0],3.3829650695793463,2.0294407452406497e+22
36,0xf87e31492faf9a91b02ee0deaad50d51d56d5d4d,115792089237316195423570985008687907842721231291091471672092971177528315084777,4850000000000000000000,1641786798000,0x134c2d86cd7439aff217a98d58549da30c937380,0,3,"['-73,38', '-64,-130', '-32,-23']",3,road,"[[0, 2, 0], [0, 0, 0], [0, 0, 0]]","[-56.333333333333336, -38.333333333333336]",2.955280483500563,1.433311034497773e+22
37,0xf87e31492faf9a91b02ee0deaad50d51d56d5d4d,20416942015256307807802476445906092687354,4648000000000000000000,1640209489000,0x959e104e1a4db6317fa58f8295f586e1a978c297,0,1,[],0,,[],[0],3.3014533515725324,1.534515517810913e+22
38,0xf87e31492faf9a91b02ee0deaad50d51d56d5d4d,115792089237316195423570985008687907820943159808151410010436996301895149551594,7700000000000000000000,1641882358000,0x1156bf625b37623a86d004e66e0a01ec4b17e051,4,4,"['-96,-21', '-96,-22', '-95,-21']",3,road,"[[0, 1, 0], [1, 2, 0], [0, 1, 0]]","[-95.66666666666667, -21.333333333333332]",2.832719320096719,2.1811938764744735e+22
39,0xf87e31492faf9a91b02ee0deaad50d51d56d5d4d,115792089237316195423570985008687907819582030340467656156583497872168076705642,4879000000000000000000,1643489471000,0x1c0cfe4447753731bbee7bef474140840cb3ea6b,3,3,"['-100,-150']",1,parcel,"[[0, 0, 0]]","[-100.0, -150.0]",2.3763648429587017,1.1594284068795507e+22
40,0xf87e31492faf9a91b02ee0deaad50d51d56d5d4d,5784800237655953878877368326340059594814,5420000000000000000000,1641696477000,0xb9662d773002006ffe0e55e772cc1324733557f5,0,1,"['17,62']",1,parcel,"[[0, 0, 0]]","[17.0, 62.0]",2.954629844358916,1.6014093756425323e+22
41,0xf87e31492faf9a91b02ee0deaad50d51d56d5d4d,115792089237316195423570985008687907831151630815779563914338234524848195895406,5286000000000000000000,1642751603000,0x4f23515bba53b8a61d16b579efb13600efdff51f,1,1,"['-65,110']",1,parcel,"[[4, 8, 0]]","[-65.0, 110.0]",2.6360883603314003,1.3934363072711784e+22
42,0xf87e31492faf9a91b02ee0deaad50d51d56d5d4d,21097506749098184734729225660769629110150,5800000000000000000000,1643748137000,0x880022503fe93c8842612187800d7cdc17b11770,5,7,"['61,-122']",1,parcel,"[[4, 0, 0]]","[61.0, -122.0]",2.697334799791993,1.564454183879356e+22
43,0xf87e31492faf9a91b02ee0deaad50d51d56d5d4d,115792089237316195423570985008687907842040666557249594745166221962664778661778,5750000000000000000000,1643024443000,0xe4f0e9359756a65da70fe37a3bfa45736f9bea58,2,4,"['-53,-99', '-34,-110']",2,road,"[[0, 0, 0], [0, 0, 0]]","[-43.5, -104.5]",2.1191673192784792,1.2185212085851256e+22
44,0xf87e31492faf9a91b02ee0deaad50d51d56d5d4d,6125082604576892342340742933771827806183,6500000000000000000000,1642937383000,0xbbcbcd620f6271e31fed7b52361c96c3fdeb83a4,1,1,"['17,-25']",1,parcel,"[[0, 0, 0]]","[17.0, -25.0]",2.0414460677600186,1.326939944044012e+22
45,0xf87e31492faf9a91b02ee0deaad50d51d56d5d4d,115792089237316195423570985008687907828769654247332994670094612272825818414999,5000000000000000000000,1643210259000,0x4c1f9ea2581f08551332ef52f0ff131a661e0946,4,2,"['-73,-105', '58,-20', '60,-17', '60,-19']",4,road,"[[0, 0, 0], [6, 9, 0], [8, 7, 0], [8, 7, 0]]","[26.25, -40.25]",2.1741773039497394,1.0870886519748696e+22
46,0xf87e31492faf9a91b02ee0deaad50d51d56d5d4d,11909882842232846221218111260111887400935,5999000000000000000000,1644599935000,0x959e104e1a4db6317fa58f8295f586e1a978c297,2,3,[],0,,[],[0],2.934937766523291,1.7606691661373225e+22
47,0xf87e31492faf9a91b02ee0deaad50d51d56d5d4d,4763953136893138488487244504044754960433,9999000000000000000000,1644001674000,0x17501cdb121f32b8c83ab9921fd6832543c202c3,4,1,"['14,49']",1,parcel,"[[0, 2, 0]]","[14.0, 49.0]",2.827924994351074,2.8276422018516388e+22
48,0xf87e31492faf9a91b02ee0deaad50d51d56d5d4d,115792089237316195423570985008687907839318407621882087037459225103210632970365,5268000000000000000000,1642566351000,0x8b40b6a00528b70eab0a412d14d8b437ed294dff,0,1,"['-41,125']",1,parcel,"[[1, 5, 0]]","[-41.0, 125.0]",2.8616232703619104,1.5075031388266544e+22
49,0xf87e31492faf9a91b02ee0deaad50d51d56d5d4d,115792089237316195423570985008687907840679537089565840891312723532937705816153,8888000000000000000000,1643885846000,0xe6dcf90f6486978ea42bb68f69653111875105de,13,9,"['-136,-37', '-41,90', '-41,89', '-37,89']",4,road,"[[0, 0, 0], [3, 5, 0], [3, 5, 0], [3, 5, 0]]","[-63.75, 57.75]",2.559175162581649,2.2745948845025696e+22
50,0xf87e31492faf9a91b02ee0deaad50d51d56d5d4d,14972424144521292392388482726997801303951,6540000000000000000000,1641156931000,0x91760cc8738b3cb3ab125bb360632a57c2e07e0c,1,2,"['43,-113']",1,parcel,"[[0, 0, 0]]","[43.0, -113.0]",3.3512812933629488,2.1917379658593683e+22
51,0xf87e31492faf9a91b02ee0deaad50d51d56d5d4d,21778071482940061661655974875633165533154,4420000000000000000000,1641001516000,0x785595c97f86f7b6e2e9a7ad9d15db25fca09000,1,1,"['63,-30']",1,parcel,"[[8, 0, 0]]","[63.0, -30.0]",3.2837753609862053,1.4514287095559028e+22
52,0xf87e31492faf9a91b02ee0deaad50d51d56d5d4d,115792089237316195423570985008687907819241747973546717693120123264736308494273,5000000000000000000000,1642656691000,0xb24b20cab56401bec9de589efea541e9cdcf547b,0,2,"['-101,-63']",1,parcel,"[[0, 0, 0]]","[-101.0, -63.0]",2.743729245505247,1.3718646227526234e+22
53,0x6b47e7066c7db71aa04a1d5872496fe05c4c331f,571,398000000000000000000,1644825130000,0x62f833a46853572a1e24650ebe4d47bab445f096,0,1,[],0,,[],[0],2.8450160166572074,1.1323163746295685e+21
54,0xf87e31492faf9a91b02ee0deaad50d51d56d5d4d,8847341539944400050047739793225973497760,5188000000000000000000,1642165863000,0xf56294dad28d3d855514f5f911b39a6f719e6478,0,3,"['25,-96']",1,parcel,"[[1, 0, 0]]","[25.0, -96.0]",2.9626491224649576,1.53702236473482e+22
55,0xf87e31492faf9a91b02ee0deaad50d51d56d5d4d,115792089237316195423570985008687907852929702298719625575994209400481361428422,8888000000000000000000,1644410331000,0x716cab0d2daf76c392bb6dd9c1e8335546da0452,0,1,"['-2,-58']",1,parcel,"[[0, 0, 0]]","[-2.0, -58.0]",3.3539721443673747,2.9810104419137228e+22
56,0xf87e31492faf9a91b02ee0deaad50d51d56d5d4d,115792089237316195423570985008687907819922312707388594620046872479599844917098,5039000000000000000000,1642844330000,0x0bc24194e3bb4e400c545df8cfced14eb3852289,0,1,"['-99,-150']",1,parcel,"[[0, 0, 0]]","[-99.0, -150.0]",2.2301581473863834,1.1237766904679986e+22
57,0xd35147be6401dcb20811f2104c33de8e97ed6818,23195,199000000000000000000,1642414633000,0xd747c169e8ef00a4f5e4c3fe13ea98bc70acdec3,0,2,[],0,,[],[0],3.124674912948848,6.218103076768207e+20
58,0xf87e31492faf9a91b02ee0deaad50d51d56d5d4d,115792089237316195423570985008687907806651300397471994544975262789760884670423,4497000000000000000000,1640148206000,0x758413bc2f76de962eafae2c913d7ca74f852345,2,1,"['-138,-41']",1,parcel,"[[2, 0, 0]]","[-138.0, -41.0]",3.302356930069449,1.4850699114522312e+22
59,0xf87e31492faf9a91b02ee0deaad50d51d56d5d4d,115792089237316195423570985008687907805290170929788240691121764360033811824523,3900000000000000000000,1641383253000,0x2cfc8844e48d105d434f2fcb3419cd5e9cfc3c96,2,3,"['-142,-117']",1,parcel,"[[0, 0, 0]]","[-142.0, -117.0]",3.1944964852537963,1.2458536292489806e+22
60,0xf87e31492faf9a91b02ee0deaad50d51d56d5d4d,115792089237316195423570985008687907805290170929788240691121764360033811824523,5888000000000000000000,1643635340000,0x2cfc8844e48d105d434f2fcb3419cd5e9cfc3c96,2,3,"['-142,-117']",1,parcel,"[[0, 0, 0]]","[-142.0, -117.0]",2.838711845336331,1.6714335345340318e+22
61,0x959e104e1a4db6317fa58f8295f586e1a978c297,1594,19500000000000000000000,1643354681000,0x2130e1f112778cb37e32a9f5b74f15ecc147c64a,5,2,"['40,127', '40,126', '41,127', '41,126']",4,land,"[[4, 8, 0], [4, 7, 0], [5, 7, 0], [5, 7, 0]]","[40.5, 126.5]",2.26664990562353,4.419967315965884e+22
62,0x959e104e1a4db6317fa58f8295f586e1a978c297,4524,30000000000000000000000,1644136538000,0x9216157d65b04a9fc55858a34ee5466ffd48f194,1,1,"['43,80', '43,79', '44,81', '44,80', '44,79']",5,land,"[[6, 0, 8], [6, 0, 8], [7, 0, 9], [6, 0, 8], [5, 0, 7]]","[43.6, 79.8]",3.047315041602274,9.141945124806821e+22
63,0xf87e31492faf9a91b02ee0deaad50d51d56d5d4d,41514448764354492542531702106675721797626,4280000000000000000000,1640469962000,0x6e1d1e68d3029e3c9a9d65a996fd1cf516103ddc,0,2,"['121,-6']",1,parcel,"[[4, 6, 0]]","[121.0, -6.0]",3.772988799640287,1.6148392062460428e+22
64,0xf87e31492faf9a91b02ee0deaad50d51d56d5d4d,45257554800484815640628822788425172123654,5388000000000000000000,1644287252000,0x75c7bb440cbe3ebbec87711cfd2179b387e93528,0,2,"['133,6']",1,parcel,"[[5, 1, 0]]","[133.0, 6.0]",3.3015594156099715,1.7788802131306526e+22
65,0xf87e31492faf9a91b02ee0deaad50d51d56d5d4d,115792089237316195423570985008687907835235019218830825475898729814029414432753,4300000000000000000000,1640647421000,0xff667556da72b0ef0cdad3bf5a8199c95bd0da68,2,3,"['-54,-15']",1,parcel,"[[2, 9, 0]]","[-54.0, -15.0]",3.7605323255684633,1.6170288999944392e+22
66,0xf87e31492faf9a91b02ee0deaad50d51d56d5d4d,115792089237316195423570985008687907846804619694142733233653466466709533622133,5188000000000000000000,1640934729000,0xaa56a2860caabdbfad96b58959c3c61cbded5180,0,1,"['-20,-139', '-19,-139']",2,road,"[[0, 0, 5], [0, 0, 5]]","[-19.5, -139.0]",3.297564315644028,1.7107763669561218e+22
67,0xf87e31492faf9a91b02ee0deaad50d51d56d5d4d,115792089237316195423570985008687907802908194361341671446878142108011434344322,4099000000000000000000,1640746749000,0x4155b07f068014f9eef6abad2b00424493610d5a,1,3,"['-149,-126', '-140,-124']",2,road,"[[0, 0, 0], [0, 0, 0]]","[-144.5, -125.0]",3.381781434798159,1.3861922101237654e+22
68,0xf87e31492faf9a91b02ee0deaad50d51d56d5d4d,19055812547572553953948978016179019841503,4100000000000000000000,1641277782000,0x73a750c0183a847423283d68ebd8d45682794123,1,1,"['55,-33']",1,parcel,"[[3, 0, 0]]","[55.0, -33.0]",3.2654965487737213,1.3388535849972258e+22
69,0xf87e31492faf9a91b02ee0deaad50d51d56d5d4d,50361790304298892592579441899901695295463,5900000000000000000000,1641945248000,0xc8f5b2f4f9910bf65cc8e0a13d1c06f2974fb5a0,1,3,"['147,-25']",1,parcel,"[[2, 0, 0]]","[147.0, -25.0]",2.943249112150101,1.7365169761685596e+22
70,0xf87e31492faf9a91b02ee0deaad50d51d56d5d4d,115792089237316195423570985008687907851568572831035871722140710970754288582543,4977000000000000000000,1642057676000,0xb857e72ed491a6567fb4e5d4f9ebb163d95d2ed0,1,2,"['-6,-113']",1,parcel,"[[3, 0, 0]]","[-6.0, -113.0]",3.10225498674441,1.5439923069026927e+22
71,0x959e104e1a4db6317fa58f8295f586e1a978c297,2508,10000000000000000000000,1641539000000,0xc5988d94fe3feff56d3c33bd761608657c9dcc78,1,1,"['120,-36', '121,-36']",2,road,"[[1, 2, 0], [1, 2, 0]]","[120.5, -36.0]",3.3829650695793463,3.3829650695793465e+22
72,0xf87e31492faf9a91b02ee0deaad50d51d56d5d4d,115792089237316195423570985008687907824686265844281733108534116983644599877618,6789000000000000000000,1640338911000,0x05dc04bba63eb9a570537d578b0619acdf3b744c,1,2,"['-85,-14']",1,parcel,"[[1, 9, 3]]","[-85.0, -14.0]",3.698074237180769,2.510622599622024e+22
73,0xf87e31492faf9a91b02ee0deaad50d51d56d5d4d,680564733841876926926749214863536422975,15000000000000000000000,1643483790000,0xd1b788a5265d140a76ccf911d204fb699ae6deb7,0,1,"['2,63', '3,63']",2,road,"[[0, 0, 0], [0, 0, 0]]","[2.5, 63.0]",2.3763648429587017,3.5645472644380523e+22
74,0x959e104e1a4db6317fa58f8295f586e1a978c297,4527,30000000000000000000000,1641882005000,0xe03513898e041bfa68292ad8992b2d781ae738d9,1,1,"['-90,-94', '-90,-95', '-89,-95', '-88,-95', '-87,-94', '-87,-95']",6,land,"[[0, 0, 0], [0, 0, 0], [0, 0, 0], [0, 0, 0], [0, 0, 0], [0, 0, 0]]","[-88.5, -94.66666666666667]",2.832719320096719,8.498157960290156e+22
75,0xf87e31492faf9a91b02ee0deaad50d51d56d5d4d,115792089237316195423570985008687907812776383002048886887316005723532712476644,6333000000000000000000,1642269589000,0xb375e0c12bfa084d269dcbf412ea1d6b100aae5d,3,2,"['-147,23', '-120,-28']",2,road,"[[0, 4, 0], [0, 8, 0]]","[-133.5, -2.5]",2.9998911780482875,1.8998310830579806e+22
76,0xf87e31492faf9a91b02ee0deaad50d51d56d5d4d,19055812547572553953948978016179019841529,5479000000000000000000,1643103575000,0xd276258f8d05ddd25c2ac0a70b079d8f99db1762,3,3,"['55,-7']",1,parcel,"[[3, 0, 0]]","[55.0, -7.0]",2.097272260649448,1.1490954716098326e+22
77,0x959e104e1a4db6317fa58f8295f586e1a978c297,965,53000000000000000000000,1640207779000,0x38c237e74a898388d42597d45c656ffa1151faa4,2,1,"['35,-2', '36,-2']",2,land,"[[1, 0, 0], [1, 0, 0]]","[35.5, -2.0]",3.3014533515725324,1.749770276333442e+23
78,0x959e104e1a4db6317fa58f8295f586e1a978c297,1353,43000000000000000000000,1641774050000,0x6baba143160f3485bcf58dead612219894883cad,3,2,"['13,88', '13,87', '13,86', '14,88', '14,87', '14,86', '15,88', '15,87', '15,86']",9,land,"[[0, 0, 0], [0, 0, 0], [0, 0, 0], [0, 0, 0], [0, 0, 0], [0, 0, 0], [0, 0, 0], [0, 0, 0], [0, 0, 0]]","[14.0, 87.0]",2.955280483500563,1.2707706079052422e+23
79,0xf87e31492faf9a91b02ee0deaad50d51d56d5d4d,50361790304298892592579441899901695295464,4288000000000000000000,1641480001000,0x39a2a55ecec0a05e13ae6e07cb5ff0473d404de2,0,1,"['147,-24']",1,parcel,"[[2, 0, 0]]","[147.0, -24.0]",3.3829650695793463,1.4506154218356237e+22
80,0xf87e31492faf9a91b02ee0deaad50d51d56d5d4d,115792089237316195423570985008687907826727960045807363889314364628235209146321,5298000000000000000000,1642735437000,0x0dbd44103a292f82346d9d3d244ab1ce7dab4017,1,1,"['-79,-47']",1,parcel,"[[5, 0, 7]]","[-79.0, -47.0]",2.6360883603314003,1.3965996133035756e+22
81,0xf87e31492faf9a91b02ee0deaad50d51d56d5d4d,115792089237316195423570985008687907834894736851909887012435355206597646221392,6750000000000000000000,1641150366000,0x51b7848b7f2b95c514a54fbec3ae23d1fa30546e,1,3,"['-54,80']",1,parcel,"[[1, 0, 8]]","[-54.0, 80.0]",3.3512812933629488,2.2621148730199904e+22
82,0xf87e31492faf9a91b02ee0deaad50d51d56d5d4d,4423670769972200025023869896612986748989,5678000000000000000000,1642919883000,0x694dece946cf435d10abbc1178c582623d1eb61e,0,1,"['13,61']",1,parcel,"[[0, 0, 0]]","[13.0, 61.0]",2.0414460677600186,1.1591330772741387e+22
83,0x2a187453064356c898cae034eaed119e1663acb8,105278390322609383869554382004000419126643004532478009987245282649598053442936,1000000000000000000000,1643745845000,0xf0bf2535207174593fb23bfa98b000a72daa2538,0,1,"['-41,42', '-28,26', '136,-149']",3,road,"[[0, 9, 0], [0, 0, 0], [0, 0, 0]]","[22.333333333333332, -27.0]",2.697334799791993,2.6973347997919934e+21
84,0xf87e31492faf9a91b02ee0deaad50d51d56d5d4d,115792089237316195423570985008687907831832195549621440841264983739711732318078,4500000000000000000000,1640998462000,0x134c2d86cd7439aff217a98d58549da30c937380,0,3,"['-73,38', '-64,-130', '-32,-23']",3,road,"[[0, 2, 0], [0, 0, 0], [0, 0, 0]]","[-56.333333333333336, -38.333333333333336]",3.2837753609862053,1.4776989124437924e+22
85,0xf87e31492faf9a91b02ee0deaad50d51d56d5d4d,13951577043758477001998358904702496669638,5169000000000000000000,1644821947000,0x025b382769bd9e761f42ce8983eebc628d2b96ae,0,1,"['40,-58']",1,parcel,"[[3, 0, 0]]","[40.0, -58.0]",2.8450160166572074,1.4705887790101105e+22
86,0xf87e31492faf9a91b02ee0deaad50d51d56d5d4d,115792089237316195423570985008687907851568572831035871722140710970754288582597,5287000000000000000000,1642650050000,0x45f836a8990948f75b16df23f1e5f330f499306f,1,3,"['-6,-59']",1,parcel,"[[2, 0, 0]]","[-6.0, -59.0]",2.743729245505247,1.450609652098624e+22
87,0xf87e31492faf9a91b02ee0deaad50d51d56d5d4d,115792089237316195423570985008687907840679537089565840891312723532937705816040,4699000000000000000000,1641689794000,0x1c3a607163198f8b60aefa1e7c9905415efbc671,0,1,"['-38,-24']",1,parcel,"[[0, 0, 0]]","[-38.0, -24.0]",2.954629844358916,1.3883805638642547e+22
88,0xf87e31492faf9a91b02ee0deaad50d51d56d5d4d,115792089237316195423570985008687907847485184427984610160580215681573070045222,5997000000000000000000,1641380735000,0x60cd55be497921638e96f7acaa58ac618e88570f,1,1,"['-17,38']",1,parcel,"[[1, 0, 0]]","[-17.0, 38.0]",3.1944964852537963,1.9157395422067015e+22
89,0xf87e31492faf9a91b02ee0deaad50d51d56d5d4d,43215860598959184859848575143834562854907,4200000000000000000000,1644401892000,0x055b14df809d19c5dae62ffc943a1c33d1d265a8,2,4,"['-54,-135', '40,128', '50,110', '126,-5']",4,road,"[[0, 0, 0], [4, 8, 0], [9, 8, 0], [3, 5, 0]]","[40.5, 24.5]",3.495626507486707,1.468163133144417e+22
90,0x959e104e1a4db6317fa58f8295f586e1a978c297,5,55000000000000000000000,1640927698000,0x34c7223170d61d63f95f8647aaea5fd24b1e023c,9,4,"['-27,-39', '-27,-40', '-26,-39', '-26,-40']",4,land,"[[0, 0, 0], [9, 0, 0], [0, 0, 0], [9, 0, 0]]","[-26.5, -39.5]",3.297564315644028,1.8136603736042156e+23
91,0xf87e31492faf9a91b02ee0deaad50d51d56d5d4d,115792089237316195423570985008687907840339254722644902427849348925505937604503,6460000000000000000000,1642541075000,0x97192c13dfd4445328dc4c097cce12786ca0d45f,0,1,"['-39,-105']",1,parcel,"[[0, 0, 0]]","[-39.0, -105.0]",2.8616232703619104,1.848608632653794e+22
92,0x959e104e1a4db6317fa58f8295f586e1a978c297,2195,39998000000000000000000,1643885737000,0xe6dcf90f6486978ea42bb68f69653111875105de,2,1,"['-136,-37', '-41,90', '-41,89', '-40,89', '-40,88', '-39,89', '-38,89', '-38,88', '-37,89']",9,road,"[[0, 0, 0], [3, 5, 0], [3, 5, 0], [3, 5, 0], [4, 6, 0], [3, 5, 0], [3, 5, 0], [4, 6, 0], [3, 5, 0]]","[-50.0, 74.88888888888889]",2.559175162581649,1.0236188815294078e+23
93,0x959e104e1a4db6317fa58f8295f586e1a978c297,4642,23420000000000000000000,1643996577000,0xb88194f9bcc5ec80cf80c163ca2b123917468793,0,1,"['37,-57', '37,-58', '38,-57', '38,-58']",4,land,"[[2, 0, 0], [2, 0, 0], [2, 0, 0], [3, 0, 0]]","[37.5, -57.5]",2.827924994351074,6.623000336770215e+22
94,0xf87e31492faf9a91b02ee0deaad50d51d56d5d4d,22118353849861000125119349483064933744606,4420000000000000000000,1640744002000,0x25f332f3d34c7403a5844ffcd0253e02e1103592,0,1,"['64,-34']",1,parcel,"[[7, 9, 0]]","[64.0, -34.0]",3.381781434798159,1.4947473941807862e+22
95,0x959e104e1a4db6317fa58f8295f586e1a978c297,4623,13333000000000000000000,1643016673000,0x6cbae60650a4e79a78c7cfb3e059d2c3732883c2,1,1,"['-98,21', '-97,21']",2,land,"[[3, 1, 0], [2, 1, 0]]","[-97.5, 21.0]",2.1191673192784792,2.8254857867939965e+22
96,0xf87e31492faf9a91b02ee0deaad50d51d56d5d4d,3402823669209384634633746074317682114700,7188000000000000000000,1642164522000,0xc6cded296127d5f344dc44d3a0b824762d7ce4bf,2,1,"['10,140']",1,parcel,"[[0, 7, 0]]","[10.0, 140.0]",2.9626491224649576,2.1295521892278116e+22
97,0xf87e31492faf9a91b02ee0deaad50d51d56d5d4d,41854731131275431005995076714107490009081,5500000000000000000000,1641942836000,0x7156798069982846f046779b26e628d776643c2e,0,3,"['122,-7']",1,parcel,"[[5, 7, 0]]","[122.0, -7.0]",2.943249112150101,1.6187870116825556e+22
98,0xf87e31492faf9a91b02ee0deaad50d51d56d5d4d,115792089237316195423570985008687907828089089513491117743167863057962281992080,5666000000000000000000,1642412756000,0xe05de1d5407290ab9edcdfeca2d8001653eb384f,0,3,"['-75,-112', '120,-18']",2,road,"[[0, 0, 0], [0, 0, 0]]","[22.5, -65.0]",3.124674912948848,1.770440805676817e+22
99,0xf87e31492faf9a91b02ee0deaad50d51d56d5d4d,41174166397433554079068327499243953586156,4800000000000000000000,1641276763000,0xc806ad8f9e408c2d8aa18dc037a6eef43d21dc45,1,4,"['120,-20']",1,parcel,"[[0, 0, 0]]","[120.0, -20.0]",3.2654965487737213,1.5674383434113861e+22
100,0xf87e31492faf9a91b02ee0deaad50d51d56d5d4d,115792089237316195423570985008687907834554454484988948548971980599165878009972,6456000000000000000000,1644591106000,0x5aea8f085bbe5c3bb2e735a52e33b3a74c7e8a45,1,1,"['-55,116']",1,parcel,"[[0, 0, 0]]","[-55.0, 116.0]",2.934937766523291,1.8947958220674367e+22
101,0xf87e31492faf9a91b02ee0deaad50d51d56d5d4d,13611294676837538538534984297270728458178,5419000000000000000000,1643634902000,0xafb660495dd5ff714813f5d42ab102cdbdf61f15,0,1,"['39,-62']",1,parcel,"[[4, 0, 0]]","[39.0, -62.0]",2.838711845336331,1.5382979489877578e+22
102,0xf87e31492faf9a91b02ee0deaad50d51d56d5d4d,7145929705339707732730866756067132440594,6666000000000000000000,1640334809000,0xb2e19dd996848818d972dd3a60a1b7faffb82330,0,2,"['-150,-137', '-132,-45', '-96,-88', '-56,-18', '-37,49', '2,34', '3,40', '10,13', '12,-31', '18,15', '19,10', '20,11', '20,10', '20,9', '21,20', '21,19', '21,18', '23,11', '67,-121', '71,29']",20,road,"[[0, 0, 0], [0, 0, 0], [0, 0, 0], [4, 7, 0], [0, 2, 0], [0, 0, 0], [1, 0, 0], [1, 0, 3], [2, 0, 0], [5, 0, 7], [6, 0, 8], [7, 0, 9], [7, 0, 9], [7, 0, 9], [8, 0, 0], [8, 0, 0], [8, 0, 0], [9, 0, 0], [3, 6, 0], [0, 3, 0]]","[-6.15, -7.6]",3.698074237180769,2.4651362865047e+22
103,0xf87e31492faf9a91b02ee0deaad50d51d56d5d4d,115792089237316195423570985008687907846124054960300856306726717251845997199500,7500000000000000000000,1640147635000,0xeef522649eb0ec721736c379ed82f43278d96cbd,1,1,"['-38,71', '-21,140']",2,road,"[[0, 8, 0], [0, 2, 0]]","[-29.5, 105.5]",3.302356930069449,2.4767676975520867e+22
104,0xf87e31492faf9a91b02ee0deaad50d51d56d5d4d,115792089237316195423570985008687907849186596262589302477897088718731911102329,6249000000000000000000,1642269220000,0x5ee0655b51e475cb5cb03e51944ff11044ba9b14,0,1,"['-13,-135']",1,parcel,"[[0, 0, 1]]","[-13.0, -135.0]",2.9998911780482875,1.8746319971623748e+22
105,0xf87e31492faf9a91b02ee0deaad50d51d56d5d4d,18034965446809738563558854193883715207278,5690000000000000000000,1644132773000,0xd51bada10b1d1c28820bd1289c8e57e3615344bc,1,1,"['52,110', '53,110']",2,road,"[[7, 8, 0], [6, 8, 0]]","[52.5, 110.0]",3.047315041602274,1.7339222586716936e+22
106,0xf87e31492faf9a91b02ee0deaad50d51d56d5d4d,115792089237316195423570985008687907839998972355723963964385974318074169393091,19999000000000000000000,1643206378000,0xbcfb3aad8d51de9f8603a64641d3ef53f8bf187c,7,3,"['-40,-61']",1,parcel,"[[0, 0, 0]]","[-40.0, -61.0]",2.1741773039497394,4.348137190169084e+22
107,0x959e104e1a4db6317fa58f8295f586e1a978c297,4640,35988000000000000000000,1644281907000,0x073832762130265a111b0f6facea508dc8abe1c4,0,1,"['-35,-99', '-35,-100', '-34,-99', '-34,-100', '-33,-99', '-33,-100']",6,land,"[[0, 0, 0], [0, 0, 0], [0, 0, 0], [0, 0, 0], [0, 0, 0], [0, 0, 0]]","[-34.0, -99.5]",3.3015594156099715,1.1881652024897164e+23
108,0xf87e31492faf9a91b02ee0deaad50d51d56d5d4d,24160048051386630905899597127655543013412,4888000000000000000000,1641535522000,0x727834713c20c8f09cb17a39c5b1700cd33f59df,0,1,"['71,36']",1,parcel,"[[0, 1, 0]]","[71.0, 36.0]",3.3829650695793463,1.6535933260103846e+22
109,0xf87e31492faf9a91b02ee0deaad50d51d56d5d4d,11569600475311907757754736652680119189389,15000000000000000000000,1642835383000,0x0409b454db103199a9aee027f307b6a1cb830120,1,1,"['-95,32', '19,-29', '19,-145', '21,-32', '22,-145', '23,-144', '31,-20', '33,-115', '34,-115', '149,-26', '149,-37']",11,road,"[[0, 1, 0], [0, 0, 0], [0, 0, 0], [0, 0, 0], [0, 0, 0], [0, 0, 0], [0, 0, 0], [0, 0, 0], [0, 0, 0], [0, 0, 0], [0, 0, 0]]","[36.81818181818182, -70.54545454545455]",2.2301581473863834,3.345237221079575e+22
110,0xf87e31492faf9a91b02ee0deaad50d51d56d5d4d,115792089237316195423570985008687907831832195549621440841264983739711732318079,4749000000000000000000,1641879314000,0x283d602e692fd3f820688842ce27b16106f07050,1,2,"['-64,-129']",1,parcel,"[[0, 0, 0]]","[-64.0, -129.0]",2.832719320096719,1.3452584051139318e+22
111,0x959e104e1a4db6317fa58f8295f586e1a978c297,1209,22000000000000000000000,1643346903000,0xa6e1cfab0d34cf8bcde454d2b9fea8973b1526fa,3,1,"['47,-12', '48,-12', '49,-12']",3,land,"[[2, 0, 0], [1, 0, 0], [0, 0, 0]]","[48.0, -12.0]",2.26664990562353,4.9866297923717665e+22
112,0xf87e31492faf9a91b02ee0deaad50d51d56d5d4d,23819765684465692442436222520223774801953,6000000000000000000000,1642052099000,0xc4fa63641abe647d839359e37fc45d2783cc025e,5,3,"['70,33']",1,parcel,"[[0, 4, 0]]","[70.0, 33.0]",3.10225498674441,1.861352992046646e+22
113,0xf87e31492faf9a91b02ee0deaad50d51d56d5d4d,16673835979125984709705355764156642361232,6100000000000000000000,1640207466000,0x959e104e1a4db6317fa58f8295f586e1a978c297,0,1,[],0,,[],[0],3.3014533515725324,2.0138865444592447e+22
114,0xf87e31492faf9a91b02ee0deaad50d51d56d5d4d,115792089237316195423570985008687907842040666557249594745166221962664778661886,14999000000000000000000,1640647037000,0x41dc3eb4e53c52e34e4f70644767b5c54bdbcbd8,2,2,"['-34,-2']",1,parcel,"[[0, 0, 0]]","[-34.0, -2.0]",3.7605323255684633,5.640422435120138e+22
115,0xf87e31492faf9a91b02ee0deaad50d51d56d5d4d,115792089237316195423570985008687907844762925492617102452873218822118924353413,5969000000000000000000,1643467509000,0x9a739c2e212754c3d8432cb717dc9437e5b3dfae,5,3,"['-26,-123']",1,parcel,"[[0, 0, 0]]","[-26.0, -123.0]",2.3763648429587017,1.4184521747620489e+22
116,0xf87e31492faf9a91b02ee0deaad50d51d56d5d4d,41854731131275431005995076714107490009083,3920000000000000000000,1640467444000,0x23d5712c5e0c03bf0fbd22648438d6f5810507bd,1,1,"['122,-5']",1,parcel,"[[3, 5, 0]]","[122.0, -5.0]",3.772988799640287,1.4790116094589926e+22
117,0xf87e31492faf9a91b02ee0deaad50d51d56d5d4d,115792089237316195423570985008687907834894736851909887012435355206597646221309,5849000000000000000000,1643088805000,0x49399b9f529d3d4cf651b66862513a8c7589065e,6,4,"['-55,-3']",1,parcel,"[[1, 3, 0]]","[-55.0, -3.0]",2.097272260649448,1.226694545253862e+22
118,0xf87e31492faf9a91b02ee0deaad50d51d56d5d4d,115792089237316195423570985008687907844762925492617102452873218822118924353488,5999000000000000000000,1641479578000,0x959e104e1a4db6317fa58f8295f586e1a978c297,0,1,[],0,,[],[0],3.3829650695793463,2.0294407452406497e+22
119,0xf87e31492faf9a91b02ee0deaad50d51d56d5d4d,50021507937377954129116067292469927084006,4690000000000000000000,1641769171000,0xd1eb81ea39602ef947d03333ebda5483390b8810,0,2,"['146,-26']",1,parcel,"[[3, 0, 0]]","[146.0, -26.0]",2.955280483500563,1.386026546761764e+22
120,0xf87e31492faf9a91b02ee0deaad50d51d56d5d4d,115792089237316195423570985008687907841019819456486779354776098140369474027414,5870000000000000000000,1642734471000,0x734c1932c9d034d8f4eaa1494d183129d068c358,0,1,"['-37,-106']",1,parcel,"[[0, 0, 0]]","[-37.0, -106.0]",2.6360883603314003,1.5473838675145322e+22
121,0xf87e31492faf9a91b02ee0deaad50d51d56d5d4d,20076659648335369344339101838474324475881,4400000000000000000000,1641145803000,0x38baa6d7cb04bf493ec5dd7d45d5d078604e6a4d,0,1,"['58,-23']",1,parcel,"[[6, 9, 0]]","[58.0, -23.0]",3.3512812933629488,1.4745637690796975e+22
122,0xf87e31492faf9a91b02ee0deaad50d51d56d5d4d,115792089237316195423570985008687907838637842888040210110532475888347096547259,6000000000000000000000,1642911624000,0x3e8faf5b3a4ef575a329f8c976ff27f286ab2643,0,1,"['-44,-69']",1,parcel,"[[2, 0, 7]]","[-44.0, -69.0]",2.0414460677600186,1.2248676406560113e+22
123,0xf87e31492faf9a91b02ee0deaad50d51d56d5d4d,5444517870735015415413993718908291383232,6969000000000000000000,1643743610000,0x762c86cbd4e0b88d8d734ec8507b29e00d09b4fd,1,3,"['-6,-58', '15,-64']",2,road,"[[2, 0, 0], [0, 0, 7]]","[4.5, -61.0]",2.697334799791993,1.87977262197504e+22
124,0xf87e31492faf9a91b02ee0deaad50d51d56d5d4d,115792089237316195423570985008687907853269984665640564039457584007913129639876,7300000000000000000000,1644793644000,0x959e104e1a4db6317fa58f8295f586e1a978c297,0,1,[],0,,[],[0],2.8450160166572074,2.0768616921597613e+22
125,0xf87e31492faf9a91b02ee0deaad50d51d56d5d4d,12930729942995661611608235082407192035322,5425000000000000000000,1640920680000,0x263462e25018c092ac747237f6d81ee761de7643,0,2,"['-149,-135', '-133,-36', '-59,-129', '-56,-132', '-52,-128', '-30,-130', '37,-6', '48,-148', '56,-6', '57,-6', '103,-32', '148,-35']",12,road,"[[0, 0, 0], [1, 0, 0], [0, 0, 0], [0, 0, 0], [0, 0, 0], [5, 0, 0], [5, 0, 0], [1, 0, 0], [4, 0, 0], [5, 0, 0], [5, 6, 0], [1, 9, 0]]","[-2.5, -76.91666666666667]",3.297564315644028,1.7889286412368853e+22
126,0xf87e31492faf9a91b02ee0deaad50d51d56d5d4d,19736377281414430880875727231042556264323,5000000000000000000000,1643885407000,0x9234ddbf27882ede952d66afc3504b8b9a0b25b1,2,2,"['-32,-7', '57,-125']",2,road,"[[5, 0, 0], [7, 0, 0]]","[12.5, -66.0]",2.559175162581649,1.2795875812908244e+22
127,0x959e104e1a4db6317fa58f8295f586e1a978c297,3445,6000000000000000000000,1640997278000,0x8ccb77857455039cdf9faf3e29b165e2f6c1144e,4,2,[],0,,[],[0],3.2837753609862053,1.970265216591723e+22
128,0xf87e31492faf9a91b02ee0deaad50d51d56d5d4d,47639531368931384884872445040447549603827,3850000000000000000000,1641377951000,0x21f1786b80a34ca19c829a5cb369f6dc81f849d0,0,2,"['139,-13']",1,parcel,"[[0, 0, 0]]","[139.0, -13.0]",3.1944964852537963,1.2298811468227115e+22
129,0xf87e31492faf9a91b02ee0deaad50d51d56d5d4d,115792089237316195423570985008687907830471066081937686987411485309984659472498,5780000000000000000000,1643991115000,0x916c27a7c9856e60d838d79a6eb83529649706fa,2,2,"['-67,114']",1,parcel,"[[0, 6, 0]]","[-67.0, 114.0]",2.827924994351074,1.6345406467349206e+22
130,0xf87e31492faf9a91b02ee0deaad50d51d56d5d4d,42195013498196369469458451321539258220528,4180000000000000000000,1640145178000,0xc429050640e412d758f6711554485dbfba29b08a,0,1,"['123,-16']",1,parcel,"[[0, 0, 0]]","[123.0, -16.0]",3.302356930069449,1.3803851967690298e+22
131,0xf87e31492faf9a91b02ee0deaad50d51d56d5d4d,115792089237316195423570985008687907842040666557249594745166221962664778661790,5750000000000000000000,1644398370000,0x0056db98538704fa5914d259c6e569318e6837f8,0,1,"['-34,-97', '-34,-98', '90,-149']",3,road,"[[0, 0, 0], [0, 0, 0], [0, 0, 0]]","[7.333333333333333, -114.66666666666667]",3.495626507486707,2.009985241804857e+22
132,0x959e104e1a4db6317fa58f8295f586e1a978c297,4598,8888000000000000000000,1641683226000,0xe16803d17b62b06f6a779c92cca649fd2b80c95f,0,1,"['-21,-103']",1,parcel,"[[0, 0, 0]]","[-21.0, -103.0]",2.954629844358916,2.6260750056662042e+22
133,0xf87e31492faf9a91b02ee0deaad50d51d56d5d4d,4423670769972200025023869896612986748808,5849000000000000000000,1641942547000,0x959e104e1a4db6317fa58f8295f586e1a978c297,0,2,[],0,,[],[0],2.943249112150101,1.721506405696594e+22
134,0xf87e31492faf9a91b02ee0deaad50d51d56d5d4d,115792089237316195423570985008687907815498641937416394595023002582986858168288,6399000000000000000000,1642538499000,0x31a9a5f275b7def9005b366befc864f289773ee9,1,1,"['-112,-32', '48,137']",2,road,"[[0, 0, 0], [0, 0, 0]]","[-32.0, 52.5]",2.8616232703619104,1.8311527307045866e+22
135,0xf87e31492faf9a91b02ee0deaad50d51d56d5d4d,14632141777600353928925108119566033092529,5420000000000000000000,1643016250000,0x424e74aeb8f7a965213a0f97a4e6e6c5fd526693,0,3,"['42,-79']",1,parcel,"[[4, 0, 9]]","[42.0, -79.0]",2.1191673192784792,1.1485886870489357e+22
136,0xf87e31492faf9a91b02ee0deaad50d51d56d5d4d,41514448764354492542531702106675721797626,3995000000000000000000,1640332008000,0x6e1d1e68d3029e3c9a9d65a996fd1cf516103ddc,0,2,"['121,-6']",1,parcel,"[[4, 6, 0]]","[121.0, -6.0]",3.698074237180769,1.4773806577537174e+22
137,0xf87e31492faf9a91b02ee0deaad50d51d56d5d4d,15312706511442230855851857334429569515620,5000000000000000000000,1644553272000,0xefd72fbce1c11d6d8cafb2e343a8211a4c22f5bc,3,3,"['45,100']",1,parcel,"[[9, 4, 0]]","[45.0, 100.0]",3.154267932934502,1.577133966467251e+22
138,0x959e104e1a4db6317fa58f8295f586e1a978c297,3823,18000000000000000000000,1642411696000,0xa4ddb432bdac6872cab7a8a44ad1864412381fef,5,3,"['-108,-27', '-108,-28', '-107,-27', '-19,70']",4,road,"[[1, 7, 0], [0, 8, 0], [0, 7, 0], [7, 2, 9]]","[-85.5, -3.0]",3.124674912948848,5.624414843307926e+22
139,0x2a187453064356c898cae034eaed119e1663acb8,112566599833594422928005236163860351502457640955598782192965513232345261628410,50000000000000000000,1641276641000,0x1ecedacf6e487522ba135495be526d167d9c761d,0,1,[],0,,[],[0],3.2654965487737213,1.6327482743868608e+20
140,0xf87e31492faf9a91b02ee0deaad50d51d56d5d4d,17694683079888800100095479586451946995823,5188000000000000000000,1643632329000,0x157ee2a2e2dfa06200c1ee75ae64f9c92b3c5aa8,0,2,"['52,111']",1,parcel,"[[7, 9, 0]]","[52.0, 111.0]",2.838711845336331,1.4727237053604887e+22
141,0xf87e31492faf9a91b02ee0deaad50d51d56d5d4d,115792089237316195423570985008687907843742078391854287062483094999823619719313,4700000000000000000000,1642256160000,0x5b8a489de37f6fb1a3ccbbf557dafebf50fcdcec,0,1,"['-28,145']",1,parcel,"[[5, 7, 0]]","[-28.0, 145.0]",2.9998911780482875,1.409948853682695e+22
142,0xf87e31492faf9a91b02ee0deaad50d51d56d5d4d,115792089237316195423570985008687907842721231291091471672092971177528315084703,6950000000000000000000,1643206179000,0x0bc94a849cb0888425ec1c9c3305a494afc78374,1,1,"['-32,-97']",1,parcel,"[[0, 0, 0]]","[-32.0, -97.0]",2.1741773039497394,1.511053226245069e+22
143,0xf87e31492faf9a91b02ee0deaad50d51d56d5d4d,1701411834604692317316873037158841057169,4499000000000000000000,1640739716000,0x959e104e1a4db6317fa58f8295f586e1a978c297,0,1,[],0,,[],[0],3.381781434798159,1.5214634675156919e+22
144,0xf87e31492faf9a91b02ee0deaad50d51d56d5d4d,50021507937377954129116067292469927084004,3888000000000000000000,1640643001000,0x82eb445114fa489859b6f2e1e2dec516d451a928,0,1,"['146,-28']",1,parcel,"[[3, 0, 0]]","[146.0, -28.0]",3.7605323255684633,1.4620949681810184e+22
145,0x959e104e1a4db6317fa58f8295f586e1a978c297,4602,88888000000000000000000,1642649588000,0xc143759083a5cc47b8f23e1a8aa8fddb6ebf6041,1,1,"['-75,-63', '-60,-13', '-38,102', '-1,46', '13,14', '18,-84', '43,-5']",7,road,"[[1, 0, 3], [8, 3, 0], [0, 2, 0], [0, 5, 0], [2, 0, 4], [0, 0, 7], [4, 0, 0]]","[-14.285714285714286, -0.42857142857142855]",2.743729245505247,2.438846051744704e+23
146,0xf87e31492faf9a91b02ee0deaad50d51d56d5d4d,11909882842232846221218111260111887400845,15000000000000000000000,1642835003000,0x0409b454db103199a9aee027f307b6a1cb830120,1,1,"['-95,32', '19,-29', '19,-145', '21,-32', '22,-145', '23,-144', '31,-20', '33,-115', '34,-115', '149,-26', '149,-37']",11,road,"[[0, 1, 0], [0, 0, 0], [0, 0, 0], [0, 0, 0], [0, 0, 0], [0, 0, 0], [0, 0, 0], [0, 0, 0], [0, 0, 0], [0, 0, 0], [0, 0, 0]]","[36.81818181818182, -70.54545454545455]",2.2301581473863834,3.345237221079575e+22
147,0x959e104e1a4db6317fa58f8295f586e1a978c297,4674,11400000000000000000000,1644277072000,0x8a627bdd4fb7899ea0eb21ee2f06573485113738,0,1,"['-106,-60', '-106,-61']",2,land,"[[0, 0, 0], [0, 0, 0]]","[-106.0, -60.5]",3.3015594156099715,3.7637777337953676e+22
148,0xf87e31492faf9a91b02ee0deaad50d51d56d5d4d,115792089237316195423570985008687907841019819456486779354776098140369474027413,5777000000000000000000,1641527737000,0x71b8b7a658aa3bea4b024e703302937d8a06afda,0,1,"['-37,-107']",1,parcel,"[[0, 0, 0]]","[-37.0, -107.0]",3.3829650695793463,1.9543389206959884e+22
149,0xf87e31492faf9a91b02ee0deaad50d51d56d5d4d,115792089237316195423570985008687907831832195549621440841264983739711732318247,6249000000000000000000,1643340659000,0xe63b9cf35426bd76f40e90d7e63252f9b28a4b4d,1,1,"['-63,39', '85,-18']",2,road,"[[0, 1, 0], [6, 6, 8]]","[11.0, 10.5]",2.26664990562353,1.416429526024144e+22
150,0xf87e31492faf9a91b02ee0deaad50d51d56d5d4d,17694683079888800100095479586451946995822,5288000000000000000000,1644132439000,0xd51bada10b1d1c28820bd1289c8e57e3615344bc,0,1,"['52,110', '53,110']",2,road,"[[7, 8, 0], [6, 8, 0]]","[52.5, 110.0]",3.047315041602274,1.6114201939992824e+22
151,0xf87e31492faf9a91b02ee0deaad50d51d56d5d4d,115792089237316195423570985008687907813797230102811702277706129545828017110941,4988000000000000000000,1642157605000,0xbbd712cbaa46fd0678d36897c3494f6c307bb848,3,2,"['-117,-99']",1,parcel,"[[6, 0, 0]]","[-117.0, -99.0]",2.904286712625543,1.4486582122576209e+22
152,0xf87e31492faf9a91b02ee0deaad50d51d56d5d4d,10208471007628153903901238222953046343608,5432000000000000000000,1640461187000,0x7568de3ac3e1e5c8e15dbd9ac3f7aad197a5f226,1,1,"['-60,134', '29,-72']",2,road,"[[3, 0, 0], [0, 0, 0]]","[-15.5, 31.0]",3.772988799640287,2.049487515964604e+22
153,0xf87e31492faf9a91b02ee0deaad50d51d56d5d4d,15993271245284107782778606549293105938320,6000000000000000000000,1640207307000,0x959e104e1a4db6317fa58f8295f586e1a978c297,1,1,[],0,,[],[0],3.3014533515725324,1.9808720109435196e+22
154,0xf87e31492faf9a91b02ee0deaad50d51d56d5d4d,115792089237316195423570985008687907806311018030551056081511888182329116458967,5494000000000000000000,1641879259000,0x08f8c30dc93f00a22c8c92e40f80a18bef936a5a,0,1,"['-139,-41']",1,parcel,"[[2, 0, 0]]","[-139.0, -41.0]",2.832719320096719,1.5562959944611376e+22
155,0xf87e31492faf9a91b02ee0deaad50d51d56d5d4d,20757224382177246271265851053337860898798,5249000000000000000000,1643087018000,0xb915324f65edf34a1c2c80b48ed3514b29813f80,0,1,"['-72,16', '60,-18']",2,road,"[[4, 2, 6], [8, 7, 0]]","[-6.0, -1.0]",2.097272260649448,1.1008582096148951e+22
156,0xf87e31492faf9a91b02ee0deaad50d51d56d5d4d,40493601663591677152141578284380417163249,5100000000000000000000,1643464447000,0xef6bec661e630ff6e53e2ffa093c8d4efe3ee94e,0,3,"['118,-15']",1,parcel,"[[0, 0, 0]]","[118.0, -15.0]",2.3763648429587017,1.2119460699089379e+22
157,0x959e104e1a4db6317fa58f8295f586e1a978c297,3724,12000000000000000000000,1642041769000,0x5ce213893956bbf4249a7f8a079331280065eec6,4,3,"['-135,-123', '-108,-62', '-91,-74', '-85,-35', '-70,-110', '-51,-130', '0,141', '6,-143', '8,-94', '9,61', '11,61', '12,-94', '37,-61', '40,-61', '43,59']",15,road,"[[0, 0, 0], [1, 0, 0], [4, 0, 0], [1, 0, 0], [0, 0, 0], [0, 0, 0], [1, 3, 0], [0, 0, 9], [0, 0, 2], [0, 0, 0], [0, 0, 0], [0, 0, 2], [2, 0, 0], [5, 0, 0], [6, 3, 8]]","[-24.933333333333334, -44.333333333333336]",3.10225498674441,3.722705984093292e+22
158,0xf87e31492faf9a91b02ee0deaad50d51d56d5d4d,115792089237316195423570985008687907813797230102811702277706129545828017110979,5249000000000000000000,1641767114000,0x4e2a4d6e1052c0a2d794cbce81ef23153f76cb11,0,1,"['-117,-61']",1,parcel,"[[0, 0, 0]]","[-117.0, -61.0]",2.955280483500563,1.5512267257894454e+22
159,0xf87e31492faf9a91b02ee0deaad50d51d56d5d4d,39132472195907923298288079854653344317403,6425000000000000000000,1641478600000,0x6f3562a5064bea639bc6c7d44fb96951724aff57,0,2,"['-52,26', '114,-37']",2,road,"[[0, 0, 0], [0, 1, 0]]","[31.0, -5.5]",3.3829650695793463,2.17355505720473e+22
160,0xf87e31492faf9a91b02ee0deaad50d51d56d5d4d,6125082604576892342340742933771827806270,5420000000000000000000,1642734318000,0xacff1cdfdd18c43943af3ebc5c9b62114892a625,0,1,"['18,62']",1,parcel,"[[0, 0, 0]]","[18.0, 62.0]",2.6360883603314003,1.428759891299619e+22
161,0xf87e31492faf9a91b02ee0deaad50d51d56d5d4d,115792089237316195423570985008687907832172477916542379304728358347143500529807,4995000000000000000000,1643742569000,0x095d1654f0b65e02b15d9d24a23ff68119976e22,0,1,"['-62,143']",1,parcel,"[[9, 0, 0]]","[-62.0, 143.0]",2.697334799791993,1.3473187324961007e+22
162,0xf87e31492faf9a91b02ee0deaad50d51d56d5d4d,115792089237316195423570985008687907831151630815779563914338234524848195895332,5749000000000000000000,1642905674000,0x80624431a7f1ea873b62e142b916e949a87e2812,0,1,"['-65,36']",1,parcel,"[[0, 4, 0]]","[-65.0, 36.0]",2.0414460677600186,1.1736273443552347e+22
163,0x959e104e1a4db6317fa58f8295f586e1a978c297,3506,30000000000000000000000,1641134120000,0xf15d7066b78a4e969deefa1e4ca945212ddd3171,5,1,"['-78,-34', '-75,-65', '-38,79', '-37,84', '56,-79', '59,35', '65,35']",7,road,"[[8, 0, 0], [1, 0, 3], [0, 8, 0], [8, 9, 0], [5, 0, 7], [7, 3, 0], [0, 2, 0]]","[-6.857142857142857, 7.857142857142857]",3.3512812933629488,1.0053843880088847e+23
164,0xf87e31492faf9a91b02ee0deaad50d51d56d5d4d,115792089237316195423570985008687907852929702298719625575994209400481361428357,7350000000000000000000,1643878430000,0xa3df4febfce3631144c2591cb542187e212c14e7,0,1,"['-2,-123']",1,parcel,"[[0, 0, 0]]","[-2.0, -123.0]",2.559175162581649,1.880993744497512e+22
165,0xf87e31492faf9a91b02ee0deaad50d51d56d5d4d,115792089237316195423570985008687907839658689988803025500922599710642401181594,4797000000000000000000,1644393345000,0x2229959d4d14fcfa3087e4cfc0dac2f6ec1c46c6,0,1,"['-41,-102']",1,parcel,"[[0, 0, 0]]","[-41.0, -102.0]",3.495626507486707,1.6768520356413733e+22
166,0xf87e31492faf9a91b02ee0deaad50d51d56d5d4d,8166776806102523123120990578362437074799,3800000000000000000000,1641377404000,0x9550eea4e9522f1cf117d7944a8363226144146c,0,1,"['23,-145']",1,parcel,"[[0, 0, 0]]","[23.0, -145.0]",3.1944964852537963,1.2139086643964427e+22
167,0xf87e31492faf9a91b02ee0deaad50d51d56d5d4d,42195013498196369469458451321539258220530,4180000000000000000000,1640141327000,0x16d645bf065f5cc6694c704d420d84177088e406,0,1,"['123,-14']",1,parcel,"[[0, 0, 0]]","[123.0, -14.0]",3.302356930069449,1.3803851967690298e+22
168,0xf87e31492faf9a91b02ee0deaad50d51d56d5d4d,20416942015256307807802476445906092687358,5650000000000000000000,1644773022000,0x959e104e1a4db6317fa58f8295f586e1a978c297,0,1,[],0,,[],[0],2.8450160166572074,1.607434049411322e+22
169,0x959e104e1a4db6317fa58f8295f586e1a978c297,3662,24997000000000000000000,1643982785000,0xc94a173951e3109f79862cf2c61269b2f090bfea,1,1,"['-135,-75', '-134,-75', '-133,-75', '-132,-75']",4,land,"[[0, 0, 0], [0, 0, 0], [0, 0, 0], [0, 0, 0]]","[-133.5, -75.0]",2.827924994351074,7.06896410837938e+22
170,0xf87e31492faf9a91b02ee0deaad50d51d56d5d4d,4083388403051261561560495289181218537352,5850000000000000000000,1641942455000,0x959e104e1a4db6317fa58f8295f586e1a978c297,0,2,[],0,,[],[0],2.943249112150101,1.721800730607809e+22
171,0x959e104e1a4db6317fa58f8295f586e1a978c297,1768,9000000000000000000000,1640330897000,0x069da1bad547d67abf26c42358d3a6a8a78deca0,5,2,"['138,-143', '139,-143', '143,-149', '144,-148', '145,-148']",5,road,"[[6, 5, 0], [6, 5, 0], [0, 0, 0], [1, 0, 0], [1, 0, 0]]","[141.8, -146.2]",3.698074237180769,3.328266813462692e+22
172,0xf87e31492faf9a91b02ee0deaad50d51d56d5d4d,11229318108390969294291362045248350977912,5555000000000000000000,1642537062000,0x681d57b76e182f6c7cecc85411b095c90233a20d,1,2,"['32,-136']",1,parcel,"[[4, 0, 0]]","[32.0, -136.0]",2.8616232703619104,1.5896317266860412e+22
173,0xf87e31492faf9a91b02ee0deaad50d51d56d5d4d,4423670769972200025023869896612986748997,5600000000000000000000,1640915764000,0x3f417470a9b88b2140191d1d9b5df74b105f31f2,1,3,"['13,69']",1,parcel,"[[1, 5, 3]]","[13.0, 69.0]",3.297564315644028,1.8466360167606558e+22
174,0xf87e31492faf9a91b02ee0deaad50d51d56d5d4d,9527906273786276976974489008089509920649,4999000000000000000000,1644543971000,0xbc6bdab88229a60c9a0983f4fab2cf9374b64818,0,1,"['27,-119']",1,parcel,"[[1, 0, 0]]","[27.0, -119.0]",3.154267932934502,1.5768185396739577e+22
175,0x959e104e1a4db6317fa58f8295f586e1a978c297,3519,44420000000000000000000,1641678082000,0x8673cd6cb22b8b7b843f029f3b401c51701985a0,5,3,"['35,-68', '35,-69', '35,-70', '36,-68', '36,-69', '36,-70', '37,-68', '37,-69', '37,-70']",9,land,"[[0, 0, 0], [0, 0, 0], [0, 0, 0], [1, 0, 0], [1, 0, 0], [1, 0, 0], [2, 0, 0], [2, 0, 0], [2, 0, 0]]","[36.0, -69.0]",2.954629844358916,1.3124465768642304e+23
176,0x959e104e1a4db6317fa58f8295f586e1a978c297,3756,38495000000000000000000,1642834693000,0x03e2c10b74a260f46ab5cf881938c5888a6142df,6,3,"['-91,-61', '-61,-109', '-61,-110', '-60,-109', '-60,-110', '-59,-109', '-59,-110', '-58,-109', '-26,-23', '-19,25', '-15,-125', '-13,-143', '-12,-143', '-12,-150', '13,-143', '15,-125', '17,16', '31,-118', '34,-1', '34,-2', '36,103', '59,106']",22,road,"[[0, 0, 0], [2, 0, 0], [2, 0, 0], [1, 0, 0], [2, 0, 0], [1, 0, 0], [1, 0, 0], [0, 0, 0], [0, 0, 0], [0, 0, 0], [0, 0, 6], [0, 0, 9], [0, 0, 9], [0, 0, 0], [0, 0, 9], [0, 0, 6], [4, 0, 6], [0, 0, 0], [0, 0, 0], [1, 0, 0], [0, 2, 0], [0, 2, 0]]","[-16.681818181818183, -70.45454545454545]",2.2301581473863834,8.584993788363883e+22
177,0xf87e31492faf9a91b02ee0deaad50d51d56d5d4d,50361790304298892592579441899901695295430,5000000000000000000000,1643014503000,0xafe917b99e9ff99c0b23e73404d375f4a26e663e,0,3,"['147,-58']",1,parcel,"[[2, 8, 0]]","[147.0, -58.0]",2.1191673192784792,1.0595836596392397e+22
178,0xf87e31492faf9a91b02ee0deaad50d51d56d5d4d,41174166397433554079068327499243953586158,5555000000000000000000,1642409318000,0xe05de1d5407290ab9edcdfeca2d8001653eb384f,1,4,"['-75,-112', '120,-18']",2,road,"[[0, 0, 0], [0, 0, 0]]","[22.5, -65.0]",3.124674912948848,1.735756914143085e+22
179,0xf87e31492faf9a91b02ee0deaad50d51d56d5d4d,115792089237316195423570985008687907835235019218830825475898729814029414432907,4600000000000000000000,1640737806000,0x28cc4eccd5c245fdddc63679796dba243e4a887f,0,1,"['-53,139']",1,parcel,"[[8, 0, 0]]","[-53.0, 139.0]",3.381781434798159,1.5556194600071532e+22
180,0x959e104e1a4db6317fa58f8295f586e1a978c297,4645,11999000000000000000000,1643622494000,0x0636211443e91468ee3657e1d7faede7059c4843,0,1,"['-86,-110', '-73,41', '-34,-3', '-34,-9', '-33,-3', '-4,48', '22,-1', '25,128', '25,-83', '30,9', '33,16', '35,9', '35,8']",13,land,"[[0, 0, 0], [8, 2, 0], [1, 0, 0], [7, 0, 0], [1, 0, 0], [1, 3, 0], [0, 0, 0], [0, 0, 0], [0, 0, 0], [7, 0, 0], [0, 0, 0], [7, 0, 0], [6, 0, 0]]","[-4.538461538461538, 3.8461538461538463]",2.5302591704510458,3.0360579786242097e+22
181,0x959e104e1a4db6317fa58f8295f586e1a978c297,4562,25000000000000000000000,1643325261000,0x2229959d4d14fcfa3087e4cfc0dac2f6ec1c46c6,3,1,"['-41,-102', '10,-128', '11,-128', '12,-128', '13,-128']",5,land,"[[0, 0, 0], [0, 0, 3], [0, 0, 3], [0, 0, 3], [0, 0, 3]]","[1.0, -122.8]",2.26664990562353,5.6666247640588246e+22
182,0xf87e31492faf9a91b02ee0deaad50d51d56d5d4d,115792089237316195423570985008687907813797230102811702277706129545828017110939,5199000000000000000000,1643198961000,0x62c8f8474dcf13a2a9a4b5aea8db008dcb20563c,0,2,"['-117,-101']",1,parcel,"[[6, 0, 0]]","[-117.0, -101.0]",2.1741773039497394,1.1303547803234696e+22
183,0x959e104e1a4db6317fa58f8295f586e1a978c297,1692,7100000000000000000000,1640995161000,0x5ce213893956bbf4249a7f8a079331280065eec6,7,2,"['-135,-123', '-108,-62', '-91,-74', '-85,-35', '-70,-110', '-51,-130', '0,141', '6,-143', '8,-94', '9,61', '11,61', '12,-94', '37,-61', '40,-61', '43,59']",15,road,"[[0, 0, 0], [1, 0, 0], [4, 0, 0], [1, 0, 0], [0, 0, 0], [0, 0, 0], [1, 3, 0], [0, 0, 9], [0, 0, 2], [0, 0, 0], [0, 0, 0], [0, 0, 2], [2, 0, 0], [5, 0, 0], [6, 3, 8]]","[-24.933333333333334, -44.333333333333336]",3.2837753609862053,2.3314805063002058e+22
184,0xf87e31492faf9a91b02ee0deaad50d51d56d5d4d,115792089237316195423570985008687907843742078391854287062483094999823619719193,7000000000000000000000,1642254206000,0xebff93d8ac49c037519e84a075bf231023224ddc,0,1,"['-28,25', '-28,24']",2,road,"[[0, 0, 0], [0, 0, 0]]","[-28.0, 24.5]",2.9998911780482875,2.0999238246338012e+22
185,0xf87e31492faf9a91b02ee0deaad50d51d56d5d4d,115792089237316195423570985008687907818561183239704840766193374049872772071356,5199000000000000000000,1641275706000,0xed5f91c90cca7c18ef9caba7b627c7ca5c693f7e,1,2,"['-103,-68', '-102,-68']",2,road,"[[0, 0, 0], [0, 0, 0]]","[-102.5, -68.0]",3.2654965487737213,1.6977316557074578e+22
186,0xf87e31492faf9a91b02ee0deaad50d51d56d5d4d,115792089237316195423570985008687907829790501348095810060484736095121123049508,5444000000000000000000,1640639445000,0x7e27ed7749ec98a39b94e57c9a4a029792ea7620,1,2,"['-69,36']",1,parcel,"[[0, 4, 0]]","[-69.0, 36.0]",3.7605323255684633,2.0472337980394712e+22
187,0x959e104e1a4db6317fa58f8295f586e1a978c297,1286,250000000000000000000000,1641521424000,0xa83bd770a30e0717b0047340c8d39fba369e4718,2,2,"['52,49', '52,48', '52,47', '52,46', '52,45', '52,44', '52,43', '52,42', '52,41', '52,40', '52,39', '53,49', '53,48', '53,47', '53,46', '53,45', '53,44', '53,43', '53,42', '53,41', '53,40', '53,39', '54,49', '54,48', '54,47', '54,46', '54,45', '54,44', '54,43', '54,42', '54,41', '54,40', '54,39', '55,49', '55,48', '55,47', '55,46', '55,45', '55,44', '55,43', '55,42', '55,41', '55,40', '55,39', '56,49', '56,48', '56,47', '56,46', '56,45', '56,44', '56,43', '56,42']",52,land,"[[0, 0, 0], [0, 0, 0], [0, 0, 0], [0, 0, 0], [0, 0, 0], [0, 0, 0], [0, 0, 0], [0, 0, 0], [0, 0, 0], [0, 0, 0], [0, 0, 0], [0, 0, 0], [0, 0, 0], [0, 0, 0], [0, 0, 0], [0, 0, 0], [0, 0, 0], [0, 0, 0], [0, 0, 0], [0, 0, 0], [0, 0, 0], [0, 0, 0], [0, 0, 0], [0, 0, 0], [0, 0, 0], [0, 0, 0], [0, 0, 0], [0, 0, 0], [0, 0, 0], [0, 0, 0], [0, 0, 0], [0, 0, 0], [0, 0, 0], [0, 0, 0], [0, 0, 0], [0, 0, 0], [0, 0, 0], [0, 0, 0], [0, 0, 0], [0, 0, 0], [0, 0, 0], [0, 0, 0], [0, 0, 0], [0, 0, 0], [0, 0, 0], [0, 0, 0], [0, 0, 0], [0, 0, 0], [0, 0, 0], [0, 0, 0], [0, 0, 0], [0, 0, 0]]","[53.88461538461539, 44.23076923076923]",3.3829650695793463,8.457412673948365e+23
188,0x959e104e1a4db6317fa58f8295f586e1a978c297,1972,40000000000000000000000,1642647877000,0xa5836a1f1b6dbd88248f960cd83dcb2bde1c92ae,7,2,"['-42,117', '-42,116', '-41,117', '-41,116']",4,land,"[[0, 6, 0], [0, 6, 0], [0, 5, 0], [0, 5, 0]]","[-41.5, 116.5]",2.743729245505247,1.0974916982020988e+23
189,0xf87e31492faf9a91b02ee0deaad50d51d56d5d4d,6465364971497830805804117541203596017528,4600000000000000000000,1644272305000,0x4ff5a901213714ec05547c1b66d44b1ec66311a0,1,2,"['18,-136']",1,parcel,"[[0, 0, 2]]","[18.0, -136.0]",3.3015594156099715,1.518717331180587e+22
190,0xf87e31492faf9a91b02ee0deaad50d51d56d5d4d,115792089237316195423570985008687907842040666557249594745166221962664778661791,6650000000000000000000,1643463022000,0x0056db98538704fa5914d259c6e569318e6837f8,0,1,"['-34,-97', '-34,-98', '90,-149']",3,road,"[[0, 0, 0], [0, 0, 0], [0, 0, 0]]","[7.333333333333333, -114.66666666666667]",2.3763648429587017,1.5802826205675364e+22
191,0xf87e31492faf9a91b02ee0deaad50d51d56d5d4d,7486212072260646196194241363498900652120,6777000000000000000000,1643076887000,0x4cce267317a3614b2f1f309338fb33296014534f,5,2,"['22,88']",1,parcel,"[[4, 2, 0]]","[22.0, 88.0]",2.097272260649448,1.4213214110421308e+22
192,0xf87e31492faf9a91b02ee0deaad50d51d56d5d4d,51042355038140769519506191114765231718302,4869000000000000000000,1640205987000,0x46c9f763b2f9c3e6d632a75642edb6c24fdabd21,0,3,"['149,-98']",1,parcel,"[[0, 0, 0]]","[149.0, -98.0]",3.3014533515725324,1.6074776368806659e+22
193,0xf87e31492faf9a91b02ee0deaad50d51d56d5d4d,47639531368931384884872445040447549603692,5999000000000000000000,1644131741000,0x2beccefc0bfd86711449b70a64ba89ecfbea2478,1,2,"['105,-139', '139,-148']",2,road,"[[0, 0, 0], [1, 0, 0]]","[122.0, -143.5]",3.047315041602274,1.828084293457204e+22
194,0xf87e31492faf9a91b02ee0deaad50d51d56d5d4d,9868188640707215440437863615521278132128,5699000000000000000000,1642041636000,0x61cfad94b622e3aa72092b8316242e36ffadabe7,0,2,"['28,-96']",1,parcel,"[[0, 0, 0]]","[28.0, -96.0]",3.10225498674441,1.7679751169456394e+22
195,0xf87e31492faf9a91b02ee0deaad50d51d56d5d4d,115792089237316195423570985008687907818220900872783902302729999442441003859863,5000000000000000000000,1642156760000,0x069b3214ce0667264ab6781938999cd779bc4608,0,2,"['-104,-105']",1,parcel,"[[0, 0, 0]]","[-104.0, -105.0]",2.904286712625543,1.4521433563127714e+22
196,0x959e104e1a4db6317fa58f8295f586e1a978c297,4580,42500000000000000000000,1640459674000,0x97dd3b1284158c4a8e767fd6959ef6e72b1eb8bb,1,1,"['64,-31', '64,-32', '64,-33', '65,-31', '65,-32', '65,-33', '66,-31', '66,-32', '66,-33', '128,-36']",10,road,"[[7, 9, 0], [7, 9, 0], [7, 9, 0], [6, 8, 0], [6, 8, 0], [6, 8, 0], [6, 7, 0], [5, 7, 0], [5, 7, 0], [1, 2, 0]]","[71.3, -32.4]",3.772988799640287,1.603520239847122e+23
197,0xf87e31492faf9a91b02ee0deaad50d51d56d5d4d,10548753374549092367364612830384814555062,5687000000000000000000,1641870125000,0xf144a535f2acc183f068d7856342fe9bfd2c0bd1,0,1,"['30,-74']",1,parcel,"[[0, 0, 0]]","[30.0, -74.0]",2.832719320096719,1.6109674773390041e+22
198,0xf87e31492faf9a91b02ee0deaad50d51d56d5d4d,2381976568446569244243622252022377480255,5888000000000000000000,1641471468000,0x89d53d1bb5d241c39a567bb6d9890c7b2b59ce85,0,1,"['7,63']",1,parcel,"[[0, 0, 0]]","[7.0, 63.0]",3.3829650695793463,1.991889832968319e+22
199,0xf87e31492faf9a91b02ee0deaad50d51d56d5d4d,4423670769972200025023869896612986749070,4599000000000000000000,1641766902000,0x00b5a553e093725a73869b441c556558cdd77ff3,2,3,"['13,142']",1,parcel,"[[2, 9, 0]]","[13.0, 142.0]",2.955280483500563,1.359133494361909e+22
200,0xf87e31492faf9a91b02ee0deaad50d51d56d5d4d,3062541302288446171170371466885913903244,7288000000000000000000,1642730640000,0x390dbcb859951f159290a7d3b9d07d2c8f7d674d,1,1,"['-33,-104', '9,140']",2,road,"[[0, 0, 0], [0, 7, 0]]","[-12.0, 18.0]",2.6360883603314003,1.9211811970095243e+22
201,0xf87e31492faf9a91b02ee0deaad50d51d56d5d4d,680564733841876926926749214863536422974,9800000000000000000000,1641375979000,0xc0619c121c2c7dc4bfdaf6fa6a081b1443e2b0e3,0,1,"['-141,25', '-92,-18', '2,62']",3,road,"[[0, 5, 0], [0, 2, 7], [0, 0, 0]]","[-77.0, 23.0]",3.1944964852537963,3.1306065555487204e+22
202,0xf87e31492faf9a91b02ee0deaad50d51d56d5d4d,12930729942995661611608235082407192035322,5745000000000000000000,1642905463000,0x263462e25018c092ac747237f6d81ee761de7643,0,2,"['-149,-135', '-133,-36', '-59,-129', '-56,-132', '-52,-128', '-30,-130', '37,-6', '48,-148', '56,-6', '57,-6', '103,-32', '148,-35']",12,road,"[[0, 0, 0], [1, 0, 0], [0, 0, 0], [0, 0, 0], [0, 0, 0], [5, 0, 0], [5, 0, 0], [1, 0, 0], [4, 0, 0], [5, 0, 0], [5, 6, 0], [1, 9, 0]]","[-2.5, -76.91666666666667]",2.0414460677600186,1.1728107659281306e+22
203,0xf87e31492faf9a91b02ee0deaad50d51d56d5d4d,20076659648335369344339101838474324475902,5678000000000000000000,1644772817000,0x959e104e1a4db6317fa58f8295f586e1a978c297,2,1,[],0,,[],[0],2.8450160166572074,1.6154000942579625e+22
204,0x959e104e1a4db6317fa58f8295f586e1a978c297,2353,48888000000000000000000,1643741152000,0x197f307de4a57608aa63a471c943a2fe15268834,6,2,"['-136,-46', '-136,-47', '-136,-48', '-135,-46', '-135,-47', '-135,-48', '-134,-46', '-134,-47', '-134,-48']",9,land,"[[1, 0, 0], [1, 0, 0], [0, 0, 0], [1, 0, 0], [1, 0, 0], [0, 0, 0], [1, 0, 0], [1, 0, 0], [0, 0, 0]]","[-135.0, -47.0]",2.697334799791993,1.3186730369223098e+23
205,0xf87e31492faf9a91b02ee0deaad50d51d56d5d4d,42195013498196369469458451321539258220531,4150000000000000000000,1640132230000,0x4f1b0df8652ca176e6d5ce5d0d01fb895d75d1b8,0,1,"['123,-13']",1,parcel,"[[0, 0, 0]]","[123.0, -13.0]",3.302356930069449,1.3704781259788213e+22
206,0xf87e31492faf9a91b02ee0deaad50d51d56d5d4d,7486212072260646196194241363498900651975,4788000000000000000000,1641130044000,0xb0cc48ee7d609a822ee8a995603e15878dbd347d,2,1,"['21,-57']",1,parcel,"[[1, 0, 0]]","[21.0, -57.0]",3.3512812933629488,1.60459348326218e+22
207,0xf87e31492faf9a91b02ee0deaad50d51d56d5d4d,115792089237316195423570985008687907802567911994420732983414767500579666132974,4999000000000000000000,1642521005000,0xa48a301126bfb074ef92a710aad0558cf6b9cf3e,3,1,"['-150,-18']",1,parcel,"[[1, 0, 0]]","[-150.0, -18.0]",2.8616232703619104,1.430525472853919e+22
208,0xf87e31492faf9a91b02ee0deaad50d51d56d5d4d,6465364971497830805804117541203596017536,5999000000000000000000,1643878069000,0x54fd62c2a51de4e23e339c72c92436cf6387beac,0,1,"['18,-128', '127,-18']",2,road,"[[0, 0, 3], [0, 0, 0]]","[72.5, -73.0]",2.559175162581649,1.5352491800327312e+22
209,0xf87e31492faf9a91b02ee0deaad50d51d56d5d4d,18715530180651615490485603408747251630109,5980000000000000000000,1643981150000,0x046ca4a32a11638fc9f30e9c2e707a5a92435290,0,1,"['54,29', '55,29']",2,road,"[[2, 3, 0], [3, 3, 0]]","[54.5, 29.0]",2.827924994351074,1.6910991466219421e+22
210,0xf87e31492faf9a91b02ee0deaad50d51d56d5d4d,41514448764354492542531702106675721797619,4440000000000000000000,1640325831000,0x959e104e1a4db6317fa58f8295f586e1a978c297,0,2,[],0,,[],[0],3.698074237180769,1.6419449613082614e+22
211,0xf87e31492faf9a91b02ee0deaad50d51d56d5d4d,4083388403051261561560495289181218537614,5359000000000000000000,1643076480000,0x1b63a208e891fd022f4ac72e25e12ecca7d692e8,0,2,"['12,142']",1,parcel,"[[2, 9, 0]]","[12.0, 142.0]",2.097272260649448,1.1239282044820393e+22
212,0xf87e31492faf9a91b02ee0deaad50d51d56d5d4d,24160048051386630905899597127655543013341,5899000000000000000000,1642394452000,0xf28d11e05b084f3562b5286fe0f69b4796b2a7cc,1,1,"['70,-35']",1,parcel,"[[2, 3, 0]]","[70.0, -35.0]",3.124674912948848,1.8432457311485254e+22
213,0xf87e31492faf9a91b02ee0deaad50d51d56d5d4d,41854731131275431005995076714107490009075,5000000000000000000000,1640906136000,0x959e104e1a4db6317fa58f8295f586e1a978c297,1,2,[],0,,[],[0],3.297564315644028,1.648782157822014e+22
214,0xf87e31492faf9a91b02ee0deaad50d51d56d5d4d,15312706511442230855851857334429569515530,6994000000000000000000,1643317311000,0xe7fe0c941ff7af6cc0727b52c0f47db98e90a7da,0,1,"['45,10']",1,parcel,"[[4, 6, 0]]","[45.0, 10.0]",2.26664990562353,1.5852949439930968e+22
215,0xf87e31492faf9a91b02ee0deaad50d51d56d5d4d,115792089237316195423570985008687907802908194361341671446878142108011434344322,4410000000000000000000,1641666580000,0x4155b07f068014f9eef6abad2b00424493610d5a,1,3,"['-149,-126', '-140,-124']",2,road,"[[0, 0, 0], [0, 0, 0]]","[-144.5, -125.0]",2.954629844358916,1.3029917613622819e+22
216,0xf87e31492faf9a91b02ee0deaad50d51d56d5d4d,36069930893619477127117708387767430414197,5800000000000000000000,1644391853000,0x2beccefc0bfd86711449b70a64ba89ecfbea2478,7,6,"['105,-139', '139,-148']",2,road,"[[0, 0, 0], [1, 0, 0]]","[122.0, -143.5]",3.495626507486707,2.02746337434229e+22
217,0xf87e31492faf9a91b02ee0deaad50d51d56d5d4d,1020847100762815390390123822295304634246,8888000000000000000000,1643190123000,0x9bae4e6368b89d294c1cfbe918316c7f6269d199,0,1,"['2,-122']",1,parcel,"[[0, 0, 0]]","[2.0, -122.0]",2.1260324733787064,1.889617662338994e+22
218,0xf87e31492faf9a91b02ee0deaad50d51d56d5d4d,115792089237316195423570985008687907850888008097193994795213961755890752159605,6997000000000000000000,1641863955000,0x959e104e1a4db6317fa58f8295f586e1a978c297,0,1,[],0,,[],[0],2.832719320096719,1.982053708271674e+22
219,0xf87e31492faf9a91b02ee0deaad50d51d56d5d4d,115792089237316195423570985008687907818901465606625779229656748657304540282812,5199000000000000000000,1641275584000,0xed5f91c90cca7c18ef9caba7b627c7ca5c693f7e,0,2,"['-103,-68', '-102,-68']",2,road,"[[0, 0, 0], [0, 0, 0]]","[-102.5, -68.0]",3.2654965487737213,1.6977316557074578e+22
220,0x959e104e1a4db6317fa58f8295f586e1a978c297,4615,23988000000000000000000,1642040559000,0xfcfb7c0954f5c82d1c81214560d540897ffd9aec,0,1,"['28,-73', '28,-74', '29,-73', '29,-74']",4,land,"[[1, 0, 0], [1, 0, 0], [1, 0, 0], [1, 0, 0]]","[28.5, -73.5]",3.10225498674441,7.441689262202491e+22
221,0xf87e31492faf9a91b02ee0deaad50d51d56d5d4d,115792089237316195423570985008687907842380948924170533208629596570096546873246,5935000000000000000000,1644265752000,0x854e8bb82e0b491f49bbe1b01059d0cef6d9be7f,0,1,"['-33,-98']",1,parcel,"[[0, 0, 0]]","[-33.0, -98.0]",3.3015594156099715,1.959475513164518e+22
222,0xf87e31492faf9a91b02ee0deaad50d51d56d5d4d,38451907462066046371361330639789807894572,5000000000000000000000,1640204467000,0x118ea837436f06e2a8a6830d2e64b43ee8c59803,6,3,"['113,44']",1,parcel,"[[0, 0, 0]]","[113.0, 44.0]",3.3014533515725324,1.650726675786266e+22
223,0xf87e31492faf9a91b02ee0deaad50d51d56d5d4d,115792089237316195423570985008687907831151630815779563914338234524848195895412,7654000000000000000000,1640737776000,0x143aceb85f68cc8866a8f6ac2613b787410215e3,2,2,"['-65,116']",1,parcel,"[[0, 8, 0]]","[-65.0, 116.0]",3.381781434798159,2.588415510194511e+22
224,0xf87e31492faf9a91b02ee0deaad50d51d56d5d4d,115792089237316195423570985008687907806991582764392933008438637397192652881869,5233000000000000000000,1643014155000,0xc164330f832b80e8483aab6d3875c51d50002f7e,1,3,"['-137,-51']",1,parcel,"[[1, 0, 0]]","[-137.0, -51.0]",2.1191673192784792,1.1089602581784282e+22
225,0xf87e31492faf9a91b02ee0deaad50d51d56d5d4d,115792089237316195423570985008687907833533607384226133158581856776870573375589,6300000000000000000000,1640459122000,0x76064473905caec09155ad4b8f176f749cd672c2,0,2,"['-58,101', '12,17']",2,road,"[[5, 0, 0], [5, 0, 7]]","[-23.0, 59.0]",3.772988799640287,2.376982943773381e+22
226,0x959e104e1a4db6317fa58f8295f586e1a978c297,4624,135000000000000000000000,1643460177000,0x9a724820cabcc2c11efad0b8226654d0e89787d2,0,1,"['17,7', '17,6', '17,5', '18,7', '18,6', '18,5', '19,7', '19,6', '19,5']",9,land,"[[4, 0, 6], [4, 0, 6], [3, 0, 6], [5, 0, 7], [4, 0, 7], [3, 0, 7], [5, 0, 8], [4, 0, 8], [3, 0, 8]]","[18.0, 6.0]",2.3763648429587017,3.208092537994247e+23
227,0x959e104e1a4db6317fa58f8295f586e1a978c297,3523,13600000000000000000000,1640995161000,0xa0b6a11a2a10c8bec8c3a123fbc9c185a58d1ab5,4,3,"['40,72', '40,71', '41,72', '41,71']",4,land,"[[9, 8, 0], [9, 7, 0], [8, 8, 0], [8, 8, 0]]","[40.5, 71.5]",3.2837753609862053,4.465934490941239e+22
228,0xf87e31492faf9a91b02ee0deaad50d51d56d5d4d,115792089237316195423570985008687907807331865131313871471902012004624421093336,5678000000000000000000,1641936957000,0xd9ca31b89075b104421209e82b41c975e5a6b9f7,2,1,"['-136,-40']",1,parcel,"[[0, 0, 0]]","[-136.0, -40.0]",2.943249112150101,1.6711768458788275e+22
229,0xf87e31492faf9a91b02ee0deaad50d51d56d5d4d,2041694201525630780780247644590609268593,5979000000000000000000,1644543600000,0xb8419bcec88039a85705b063c2ae920d7476e21e,0,1,"['5,-143']",1,parcel,"[[0, 0, 9]]","[5.0, -143.0]",3.154267932934502,1.8859367971015388e+22
230,0xf87e31492faf9a91b02ee0deaad50d51d56d5d4d,142,5080000000000000000000,1642246027000,0xf250e61ebcabcb53ae2e5e764b206cfdad1debd5,0,1,"['0,142']",1,parcel,"[[2, 4, 0]]","[0.0, 142.0]",2.9626491224649576,1.5050257542121985e+22
231,0xf87e31492faf9a91b02ee0deaad50d51d56d5d4d,115792089237316195423570985008687907844762925492617102452873218822118924353484,9000000000000000000000,1642833363000,0xf59ca07bbc1c2949ce783371253860f7a0962899,4,1,"['-26,-52']",1,parcel,"[[0, 0, 0]]","[-26.0, -52.0]",2.2301581473863834,2.007142332647745e+22
232,0xf87e31492faf9a91b02ee0deaad50d51d56d5d4d,14632141777600353928925108119566033092527,4325000000000000000000,1640632420000,0x9e73115221e8788ed8a0078e3781b5fcf0db8a34,1,1,"['42,-81']",1,parcel,"[[2, 0, 9]]","[42.0, -81.0]",3.7605323255684633,1.6264302308083603e+22
233,0xf87e31492faf9a91b02ee0deaad50d51d56d5d4d,115792089237316195423570985008687907833533607384226133158581856776870573375348,4998000000000000000000,1643600796000,0x3b1adc9cfa2fc290135d777b4046496e17320181,1,2,"['-59,-140', '-51,-140']",2,road,"[[0, 0, 0], [0, 0, 0]]","[-55.0, -140.0]",2.5302591704510458,1.2646235333914329e+22
234,0xf87e31492faf9a91b02ee0deaad50d51d56d5d4d,3743106036130323098097120681749450326078,5300000000000000000000,1642647009000,0xd6164c1097c34608d3f86960b938af869857c414,1,1,"['11,62']",1,parcel,"[[0, 0, 0]]","[11.0, 62.0]",2.743729245505247,1.4541765001177809e+22
235,0xf87e31492faf9a91b02ee0deaad50d51d56d5d4d,19055812547572553953948978016179019841411,4960000000000000000000,1642152500000,0xbcbbd216c2b665811767bcc02569803b1c620c9d,0,4,"['55,-125']",1,parcel,"[[7, 0, 0]]","[55.0, -125.0]",2.904286712625543,1.4405262094622693e+22
236,0xf87e31492faf9a91b02ee0deaad50d51d56d5d4d,4083388403051261561560495289181218537614,4420000000000000000000,1641517409000,0x1b63a208e891fd022f4ac72e25e12ecca7d692e8,0,2,"['12,142']",1,parcel,"[[2, 9, 0]]","[12.0, 142.0]",3.3829650695793463,1.495270560754071e+22
237,0xf87e31492faf9a91b02ee0deaad50d51d56d5d4d,115792089237316195423570985008687907839318407621882087037459225103210632970172,4999000000000000000000,1641459146000,0x9c177efe6094c8969bd4009b03b1caabe64bdeb2,1,1,"['-118,-63', '-42,-68']",2,road,"[[0, 0, 0], [1, 0, 9]]","[-80.0, -65.5]",2.9390688380014987,1.4692405121169492e+22
238,0xf87e31492faf9a91b02ee0deaad50d51d56d5d4d,2722258935367507707706996859454145691788,7388000000000000000000,1642729404000,0x0aab1f79d28730bc211e2169f7c8f4669afea375,1,1,"['8,140']",1,parcel,"[[0, 7, 0]]","[8.0, 140.0]",2.6360883603314003,1.9475420806128383e+22
239,0x959e104e1a4db6317fa58f8295f586e1a978c297,532,21500000000000000000000,1644123024000,0xa01424b7540adbb792375dcf97b733a5d68ad347,1,3,"['-112,-41', '-108,-45', '-77,-32', '-64,-7', '-60,-12', '-59,129', '-46,83', '-42,125', '-38,-8', '-22,-103', '-20,30', '-1,16', '-1,15', '14,62', '25,-9', '25,-119', '25,-120', '26,-119', '26,-120', '27,86', '33,65', '39,-61', '40,-5', '41,74', '48,115', '48,114', '48,113', '49,114', '56,-7', '59,132', '59,-74', '138,47']",32,road,"[[0, 0, 0], [0, 0, 0], [9, 0, 0], [0, 0, 0], [8, 3, 0], [0, 0, 0], [5, 2, 0], [0, 6, 0], [6, 0, 0], [0, 0, 0], [0, 0, 0], [0, 0, 6], [0, 0, 5], [0, 0, 0], [0, 0, 0], [1, 0, 0], [2, 0, 0], [1, 0, 0], [2, 0, 0], [6, 0, 0], [0, 1, 0], [4, 0, 0], [4, 0, 0], [8, 0, 0], [0, 0, 0], [0, 0, 0], [0, 0, 0], [0, 0, 0], [4, 0, 0], [0, 0, 0], [0, 0, 2], [9, 0, 0]]","[5.5, 13.6875]",3.047315041602274,6.5517273394448895e+22
240,0xf87e31492faf9a91b02ee0deaad50d51d56d5d4d,115792089237316195423570985008687907812776383002048886887316005723532712476617,5794000000000000000000,1641764574000,0x95aacc547345ac17c5f1b25665997492df638d67,0,1,"['-120,-55']",1,parcel,"[[0, 0, 0]]","[-120.0, -55.0]",2.955280483500563,1.7122895121402259e+22
241,0xf87e31492faf9a91b02ee0deaad50d51d56d5d4d,115792089237316195423570985008687907842380948924170533208629596570096546873236,6250000000000000000000,1642904541000,0xf41f30b3f831be8e383d022f80e535445132fceb,0,1,"['-33,-108']",1,parcel,"[[0, 0, 0]]","[-33.0, -108.0]",2.0414460677600186,1.2759037923500115e+22
242,0x959e104e1a4db6317fa58f8295f586e1a978c297,1747,160000000000000000000000,1641367038000,0xd28505cae4cecfec6132dd366dd52d499a27f893,11,2,"['139,-113', '139,-114', '139,-115', '139,-116', '139,-117', '139,-118', '140,-113', '140,-114', '140,-115', '140,-116', '140,-117', '140,-118', '141,-113', '141,-114', '141,-115', '141,-116', '141,-117', '141,-118', '142,-113', '142,-114', '142,-115', '142,-116', '142,-117', '142,-118', '143,-113', '143,-114', '143,-115', '143,-116', '143,-117', '143,-118', '144,-113', '144,-114', '144,-115', '144,-116', '144,-117', '144,-118', '145,-113', '145,-114', '145,-115', '145,-116', '145,-117', '145,-118', '146,-113', '146,-114', '146,-115', '146,-116', '146,-117', '146,-118', '147,-113', '147,-114', '147,-115', '147,-116', '147,-117', '147,-118', '148,-113', '148,-114', '148,-115', '148,-116', '148,-117', '149,-113', '149,-114', '149,-115', '149,-116', '149,-117']",64,land,"[[0, 0, 0], [0, 0, 0], [0, 0, 0], [0, 0, 0], [0, 0, 0], [0, 0, 0], [9, 1, 0], [9, 1, 0], [9, 1, 0], [9, 1, 0], [9, 1, 0], [9, 1, 0], [8, 2, 0], [8, 2, 0], [8, 2, 0], [8, 2, 0], [8, 2, 0], [8, 2, 0], [7, 3, 0], [7, 3, 0], [7, 3, 0], [7, 3, 0], [7, 3, 0], [7, 3, 0], [6, 4, 0], [6, 4, 0], [6, 4, 0], [6, 4, 0], [6, 4, 0], [6, 4, 0], [5, 5, 0], [5, 5, 0], [5, 5, 0], [5, 5, 0], [5, 5, 0], [5, 5, 0], [4, 6, 0], [4, 6, 0], [4, 6, 0], [4, 6, 0], [4, 6, 0], [4, 6, 0], [3, 7, 0], [3, 7, 0], [3, 7, 0], [3, 7, 0], [3, 7, 0], [3, 7, 0], [2, 8, 0], [2, 8, 0], [2, 8, 0], [2, 8, 0], [2, 8, 0], [2, 8, 0], [1, 9, 0], [1, 9, 0], [1, 9, 0], [1, 9, 0], [1, 9, 0], [0, 0, 0], [0, 0, 0], [0, 0, 0], [0, 0, 0], [0, 0, 0]]","[143.859375, -115.421875]",3.1944964852537963,5.111194376406074e+23
243,0xf87e31492faf9a91b02ee0deaad50d51d56d5d4d,39813036929749800225214829069516880740339,4150000000000000000000,1640130031000,0xa4609c1c105dcff7a3395d76c2bd8d9640ad40e7,0,1,"['116,-13']",1,parcel,"[[0, 0, 0]]","[116.0, -13.0]",3.302356930069449,1.3704781259788213e+22
244,0xf87e31492faf9a91b02ee0deaad50d51d56d5d4d,17354400712967861636632104979020178784367,5248000000000000000000,1643966678000,0x483d3972d5cc739e3f2225bf346a8057ccaf6cdc,0,1,"['51,111']",1,parcel,"[[8, 9, 0]]","[51.0, 111.0]",2.6601644067675365,1.3960542806716031e+22
245,0xf87e31492faf9a91b02ee0deaad50d51d56d5d4d,115792089237316195423570985008687907849526878629510240941360463326163679313812,6500000000000000000000,1641124324000,0xdd730eca74f05e2dc91af6a78944909a5a081123,2,3,"['-12,-108']",1,parcel,"[[0, 0, 0]]","[-12.0, -108.0]",3.362912168662877,2.18589290963087e+22
246,0xf87e31492faf9a91b02ee0deaad50d51d56d5d4d,2381976568446569244243622252022377480254,6000000000000000000000,1643868653000,0xddb08c3fe4058669bf6ce74afa30d96547791d1e,0,1,"['7,62']",1,parcel,"[[0, 0, 0]]","[7.0, 62.0]",2.559175162581649,1.5355050975489893e+22
247,0xf87e31492faf9a91b02ee0deaad50d51d56d5d4d,12250165209153784684681485867543655612357,6199000000000000000000,1644765350000,0x018d00b6ea67739b7367b3481cd357c68f5d24ad,0,2,"['35,-59']",1,parcel,"[[0, 0, 0]]","[35.0, -59.0]",2.8450160166572074,1.7636254287258028e+22
248,0xf87e31492faf9a91b02ee0deaad50d51d56d5d4d,115792089237316195423570985008687907802567911994420732983414767500579666132860,4939000000000000000000,1643738979000,0x76ce0bc4999c5e40ddb9248072a176e64a5b200b,0,1,"['-150,-132']",1,parcel,"[[0, 0, 0]]","[-150.0, -132.0]",2.697334799791993,1.3322136576172654e+22
249,0xf87e31492faf9a91b02ee0deaad50d51d56d5d4d,21437789116019123198192600268201397321727,11499000000000000000000,1643291195000,0xe5009e81b5e6346c3b32e857fee02b059a716b96,3,2,"['62,-1']",1,parcel,"[[0, 0, 9]]","[62.0, -1.0]",2.26664990562353,2.606420726476497e+22
250,0xf87e31492faf9a91b02ee0deaad50d51d56d5d4d,13611294676837538538534984297270728458129,5500000000000000000000,1640901344000,0xbadd20de6d2b5be8db53ad771cf6a55e879242a9,2,3,"['-61,117', '-54,113', '39,-111']",3,road,"[[0, 0, 0], [1, 0, 0], [0, 0, 0]]","[-25.333333333333332, 39.666666666666664]",3.297564315644028,1.8136603736042155e+22
251,0x959e104e1a4db6317fa58f8295f586e1a978c297,3982,13000000000000000000000,1640321645000,0xa01424b7540adbb792375dcf97b733a5d68ad347,6,2,"['-112,-41', '-108,-45', '-77,-32', '-64,-7', '-60,-12', '-59,129', '-46,83', '-42,125', '-38,-8', '-22,-103', '-20,30', '-1,16', '-1,15', '14,62', '25,-9', '27,86', '33,65', '39,-61', '40,-5', '41,74', '48,115', '48,114', '48,113', '49,114', '56,-7', '59,132', '59,-74', '138,47']",28,road,"[[0, 0, 0], [0, 0, 0], [9, 0, 0], [0, 0, 0], [8, 3, 0], [0, 0, 0], [5, 2, 0], [0, 6, 0], [6, 0, 0], [0, 0, 0], [0, 0, 0], [0, 0, 6], [0, 0, 5], [0, 0, 0], [0, 0, 0], [6, 0, 0], [0, 1, 0], [4, 0, 0], [4, 0, 0], [8, 0, 0], [0, 0, 0], [0, 0, 0], [0, 0, 0], [0, 0, 0], [4, 0, 0], [0, 0, 0], [0, 0, 2], [9, 0, 0]]","[2.642857142857143, 32.714285714285715]",3.698074237180769,4.8074965083349995e+22
252,0xf87e31492faf9a91b02ee0deaad50d51d56d5d4d,115792089237316195423570985008687907837957278154198333183605726673483560124547,7495000000000000000000,1642392286000,0x2331ada8b291abaf88b651a9a8e24c8ae4438621,8,5,"['-45,131']",1,parcel,"[[0, 9, 0]]","[-45.0, 131.0]",3.124674912948848,2.3419438472551614e+22
253,0xf87e31492faf9a91b02ee0deaad50d51d56d5d4d,115792089237316195423570985008687907834894736851909887012435355206597646221184,4850000000000000000000,1644380446000,0x4512e481f8aa3063abb9884a340ab27e4976cdc0,1,3,"['-58,-129', '-56,-127', '-55,-128']",3,road,"[[0, 0, 0], [0, 0, 0], [0, 0, 0]]","[-56.333333333333336, -128.0]",3.495626507486707,1.6953788561310528e+22
254,0xf87e31492faf9a91b02ee0deaad50d51d56d5d4d,115792089237316195423570985008687907819582030340467656156583497872168076705822,10000000000000000000000,1641662490000,0x20bc2f24a59df41ca868cd8a8e70ed91bfa0717c,9,2,"['-99,30']",1,parcel,"[[0, 3, 0]]","[-99.0, 30.0]",2.954629844358916,2.954629844358916e+22
255,0xf87e31492faf9a91b02ee0deaad50d51d56d5d4d,6125082604576892342340742933771827806295,7777000000000000000000,1643190053000,0xf91167757fed20c5e2afbd12993c690b7eeb0110,0,3,"['18,87', '22,2']",2,road,"[[5, 1, 7], [0, 0, 0]]","[20.0, 44.5]",2.1260324733787064,1.6534154545466198e+22
256,0xf87e31492faf9a91b02ee0deaad50d51d56d5d4d,115792089237316195423570985008687907844762925492617102452873218822118924353491,5099000000000000000000,1642518729000,0x769bfb21206a6aca151e2ca8c2ffe4aa965958c5,0,1,"['-26,-45']",1,parcel,"[[4, 0, 0]]","[-26.0, -45.0]",2.8616232703619104,1.4591417055575382e+22
257,0xf87e31492faf9a91b02ee0deaad50d51d56d5d4d,115792089237316195423570985008687907846804619694142733233653466466709533622130,4988000000000000000000,1640990822000,0xcdaacc41cbf65922d5c7a177c86ef90993e99cf5,0,1,"['-20,-142']",1,parcel,"[[0, 0, 8]]","[-20.0, -142.0]",3.2837753609862053,1.6379471500599192e+22
258,0xf87e31492faf9a91b02ee0deaad50d51d56d5d4d,20416942015256307807802476445906092687340,5277000000000000000000,1643073939000,0x465def7dc32ba0f86092fa86838895394903f543,0,1,"['59,-20']",1,parcel,"[[7, 8, 0]]","[59.0, -20.0]",2.097272260649448,1.1067305719447138e+22
259,0xf87e31492faf9a91b02ee0deaad50d51d56d5d4d,12930729942995661611608235082407192035269,4987000000000000000000,1641934352000,0x7111d9751ed679cb90084a3c1f4c07fed00d4593,0,1,"['37,-59']",1,parcel,"[[2, 0, 0]]","[37.0, -59.0]",2.943249112150101,1.4677983322292554e+22
260,0xf87e31492faf9a91b02ee0deaad50d51d56d5d4d,115792089237316195423570985008687907848506031528747425550970339503868374679581,6108000000000000000000,1640456693000,0x546c7f384b0b43280486976975d5538eda082cef,3,4,"['-14,29']",1,parcel,"[[0, 0, 0]]","[-14.0, 29.0]",3.772988799640287,2.3045415588202872e+22
261,0xf87e31492faf9a91b02ee0deaad50d51d56d5d4d,46618684268168569494482321218152244969521,5000000000000000000000,1643458064000,0xfefb65dfd2bcb24269b944e34388f6748e38a6a8,0,1,"['137,49']",1,parcel,"[[7, 9, 0]]","[137.0, 49.0]",2.3763648429587017,1.188182421479351e+22
262,0xf87e31492faf9a91b02ee0deaad50d51d56d5d4d,115792089237316195423570985008687907811755535901286071496925881901237407842263,7898000000000000000000,1640625089000,0xa4e896feeeaafdf946013e258d46b6b8e515a574,1,1,"['-123,-41']",1,parcel,"[[0, 0, 0]]","[-123.0, -41.0]",3.7605323255684633,2.970068430733972e+22
263,0xf87e31492faf9a91b02ee0deaad50d51d56d5d4d,115792089237316195423570985008687907842380948924170533208629596570096546873237,5950000000000000000000,1642822802000,0xe28feb7853927edf9b482b6b85d9812f43de0bfa,0,1,"['-33,-107']",1,parcel,"[[0, 0, 0]]","[-33.0, -107.0]",2.2301581473863834,1.3269440976948981e+22
264,0xf87e31492faf9a91b02ee0deaad50d51d56d5d4d,115792089237316195423570985008687907839318407621882087037459225103210632970138,4697000000000000000000,1644531432000,0x437bc3503bac3354856c2cf64bb4a4c0e19435ae,0,1,"['-42,-102']",1,parcel,"[[1, 0, 0]]","[-42.0, -102.0]",3.154267932934502,1.4815596480993356e+22
265,0xf87e31492faf9a91b02ee0deaad50d51d56d5d4d,115792089237316195423570985008687907818901465606625779229656748657304540282827,6500000000000000000000,1640203754000,0x959e104e1a4db6317fa58f8295f586e1a978c297,0,1,[],0,,[],[0],3.3014533515725324,2.145944678522146e+22
266,0xf87e31492faf9a91b02ee0deaad50d51d56d5d4d,41854731131275431005995076714107490009085,4399000000000000000000,1640736527000,0x23a59e3bd34f82e8a55ce745d6bd9a3f49543a51,0,3,"['122,-3']",1,parcel,"[[1, 3, 0]]","[122.0, -3.0]",3.381781434798159,1.4876456531677103e+22
267,0xf87e31492faf9a91b02ee0deaad50d51d56d5d4d,47639531368931384884872445040447549603693,5199000000000000000000,1643009185000,0x167e6c08433e81bd709179b2afc23de517c70c23,2,3,"['121,-15', '139,-147']",2,road,"[[0, 0, 0], [2, 9, 0]]","[130.0, -81.0]",2.1191673192784792,1.1017550892928814e+22
268,0xf87e31492faf9a91b02ee0deaad50d51d56d5d4d,6465364971497830805804117541203596017719,4585000000000000000000,1644261692000,0xd5bdef35b4c9034673f46eee465888d0cf15ab1d,1,1,"['19,55']",1,parcel,"[[0, 0, 0]]","[19.0, 55.0]",3.3015594156099715,1.5137649920571718e+22
269,0xf87e31492faf9a91b02ee0deaad50d51d56d5d4d,115792089237316195423570985008687907846804619694142733233653466466709533622342,6000000000000000000000,1642141645000,0xa4ddb432bdac6872cab7a8a44ad1864412381fef,0,1,"['-19,70']",1,parcel,"[[7, 2, 9]]","[-19.0, 70.0]",2.904286712625543,1.7425720275753257e+22
270,0xf87e31492faf9a91b02ee0deaad50d51d56d5d4d,2722258935367507707706996859454145691630,25000000000000000000000,1642032481000,0xe0faba4256e2ca17442dc54e59c1c3f6ef8c216e,1,1,"['2,-46', '2,-47', '7,-18']",3,road,"[[0, 0, 0], [0, 0, 0], [0, 0, 8]]","[3.6666666666666665, -37.0]",3.10225498674441,7.755637466861024e+22
271,0xf87e31492faf9a91b02ee0deaad50d51d56d5d4d,115792089237316195423570985008687907806311018030551056081511888182329116458969,5273000000000000000000,1643600190000,0x82ec59caa51f0e4ab2308025f5ee9e51fa72cddd,1,1,"['-139,-39']",1,parcel,"[[3, 0, 0]]","[-139.0, -39.0]",2.5302591704510458,1.3342056605788364e+22
272,0xf87e31492faf9a91b02ee0deaad50d51d56d5d4d,115792089237316195423570985008687907840679537089565840891312723532937705815958,5430000000000000000000,1642646350000,0x443d1f8a358b8f76df166e7c59afd4cba70073c7,0,1,"['-38,-106']",1,parcel,"[[0, 0, 0]]","[-38.0, -106.0]",2.743729245505247,1.4898449803093492e+22
273,0xf87e31492faf9a91b02ee0deaad50d51d56d5d4d,30965695389805400175167089276290907242357,4299000000000000000000,1641456123000,0x99e0478945ee0a86d8f84bfbb5fcad177e65fc35,0,4,"['90,-139']",1,parcel,"[[0, 0, 0]]","[90.0, -139.0]",2.9390688380014987,1.2635056934568442e+22
274,0xf87e31492faf9a91b02ee0deaad50d51d56d5d4d,115792089237316195423570985008687907851228290464114933258677336363322520371061,6994000000000000000000,1641863928000,0x959e104e1a4db6317fa58f8295f586e1a978c297,0,1,[],0,,[],[0],2.832719320096719,1.981203892475645e+22
275,0x2a187453064356c898cae034eaed119e1663acb8,59461615337844954231445739123148503374245660180342196308976587679503229352201,50000000000000000000,1641272924000,0xfd99fe0348ceeec4d05be61bc0487ba4313f4c96,0,1,[],0,,[],[0],3.2654965487737213,1.6327482743868608e+20
276,0x959e104e1a4db6317fa58f8295f586e1a978c297,672,16000000000000000000000,1641516820000,0x8ed24e9b65407232685490c9ff9b571c5b9db371,9,2,"['22,-75', '23,-75']",2,land,"[[0, 0, 0], [0, 0, 0]]","[22.5, -75.0]",3.3829650695793463,5.412744111326954e+22
277,0x959e104e1a4db6317fa58f8295f586e1a978c297,5,19999000000000000000000,1642244739000,0x34c7223170d61d63f95f8647aaea5fd24b1e023c,9,4,"['-27,-39', '-27,-40', '-26,-39', '-26,-40']",4,land,"[[0, 0, 0], [9, 0, 0], [0, 0, 0], [9, 0, 0]]","[-26.5, -39.5]",2.9626491224649576,5.925001980017668e+22
278,0xf87e31492faf9a91b02ee0deaad50d51d56d5d4d,115792089237316195423570985008687907830811348448858625450874859917416427683948,5129000000000000000000,1642727098000,0xf7cd938ec4cce66836fb6f66358e12777d11990b,1,1,"['-66,108']",1,parcel,"[[5, 6, 0]]","[-66.0, 108.0]",2.6360883603314003,1.352049720013975e+22
279,0xf87e31492faf9a91b02ee0deaad50d51d56d5d4d,115792089237316195423570985008687907813797230102811702277706129545828017110982,5999000000000000000000,1644120249000,0x29f72df38bf0dac637e7919847e344a7b772d86f,0,1,"['-117,-58', '116,-139']",2,road,"[[0, 0, 0], [0, 0, 0]]","[-0.5, -98.5]",3.047315041602274,1.828084293457204e+22
280,0xf87e31492faf9a91b02ee0deaad50d51d56d5d4d,12590447576074723148144860474975423823812,4987000000000000000000,1641763107000,0x592d10784b0aa791845121ecf0e2ea77b9f6653d,0,1,"['36,-60']",1,parcel,"[[1, 0, 0]]","[36.0, -60.0]",2.955280483500563,1.4737983771217307e+22
281,0xf87e31492faf9a91b02ee0deaad50d51d56d5d4d,6465364971497830805804117541203596017573,5450000000000000000000,1642898677000,0x71f7eb7a800edb9b25931682eac9b2fb00c06442,10,10,"['18,-91']",1,parcel,"[[1, 0, 7]]","[18.0, -91.0]",2.0414460677600186,1.11258810692921e+22
282,0xf87e31492faf9a91b02ee0deaad50d51d56d5d4d,115792089237316195423570985008687907840679537089565840891312723532937705816135,4980000000000000000000,1641358889000,0x78f82ea3f84500edaaaac4801550cb06bfedc1e8,4,1,"['-37,71']",1,parcel,"[[0, 8, 0]]","[-37.0, 71.0]",3.1944964852537963,1.5908592496563905e+22
283,0xf87e31492faf9a91b02ee0deaad50d51d56d5d4d,47639531368931384884872445040447549603825,4010000000000000000000,1641110501000,0x69cfabf25bf4b629416bf589e27f37a8a8fe0a34,0,1,"['139,-15']",1,parcel,"[[0, 0, 0]]","[139.0, -15.0]",3.362912168662877,1.3485277796338137e+22
284,0x959e104e1a4db6317fa58f8295f586e1a978c297,4473,11000000000000000000000,1640126753000,0x8ed88fab01eb990448a7c040d19b68c64ae64f63,1,1,"['-16,-114', '-16,-115']",2,land,"[[2, 0, 0], [2, 0, 0]]","[-16.0, -114.5]",3.302356930069449,3.632592623076394e+22
285,0xf87e31492faf9a91b02ee0deaad50d51d56d5d4d,18715530180651615490485603408747251630001,5789000000000000000000,1643284250000,0x1d219f5bfb7361f641d3f5870b02b53abf7badb6,0,2,"['54,-79']",1,parcel,"[[5, 0, 7]]","[54.0, -79.0]",2.1741773039497394,1.258631241256504e+22
286,0xf87e31492faf9a91b02ee0deaad50d51d56d5d4d,18034965446809738563558854193883715207279,5188000000000000000000,1643949174000,0xff66270a270d239a8150b1442d4aca0bd4e89bd5,0,1,"['53,111']",1,parcel,"[[6, 8, 0]]","[53.0, 111.0]",2.6601644067675365,1.380093294230998e+22
287,0xf87e31492faf9a91b02ee0deaad50d51d56d5d4d,6125082604576892342340742933771827806066,4888000000000000000000,1640896253000,0x3f620f198216fb03ffe409be1a7ea683db6acefa,1,1,"['17,-142']",1,parcel,"[[0, 0, 8]]","[17.0, -142.0]",3.297564315644028,1.611849437486801e+22
288,0xf87e31492faf9a91b02ee0deaad50d51d56d5d4d,115792089237316195423570985008687907830811348448858625450874859917416427683982,5198000000000000000000,1643735185000,0x02d73ebb0111678c15f7b10c12f9bc4bea4c3d59,0,1,"['-66,142']",1,parcel,"[[5, 7, 0]]","[-66.0, 142.0]",2.697334799791993,1.4020746289318782e+22
289,0xf87e31492faf9a91b02ee0deaad50d51d56d5d4d,115792089237316195423570985008687907832512760283463317768191732954575268741094,5349000000000000000000,1644744950000,0xb2c7a04fbfade583fc335437f33ec0a1a9dec471,0,1,"['-62,-26']",1,parcel,"[[0, 0, 0]]","[-62.0, -26.0]",2.914828521931521,1.5591417763811706e+22
290,0xf87e31492faf9a91b02ee0deaad50d51d56d5d4d,41854731131275431005995076714107490009085,4799000000000000000000,1641660012000,0x23a59e3bd34f82e8a55ce745d6bd9a3f49543a51,0,3,"['122,-3']",1,parcel,"[[1, 3, 0]]","[122.0, -3.0]",2.954629844358916,1.4179268623078437e+22
291,0xf87e31492faf9a91b02ee0deaad50d51d56d5d4d,41514448764354492542531702106675721797618,5200000000000000000000,1640318513000,0x959e104e1a4db6317fa58f8295f586e1a978c297,0,3,[],0,,[],[0],3.698074237180769,1.9229986033339996e+22
292,0xf87e31492faf9a91b02ee0deaad50d51d56d5d4d,115792089237316195423570985008687907832172477916542379304728358347143500529658,6666000000000000000000,1642513014000,0x3b1d48a58bc4001084f05fdcc1733b13e20deb68,3,3,"['-63,-6']",1,parcel,"[[4, 0, 9]]","[-63.0, -6.0]",2.8616232703619104,1.9075580720232492e+22
293,0xf87e31492faf9a91b02ee0deaad50d51d56d5d4d,5444517870735015415413993718908291383177,6199000000000000000000,1644376008000,0xb97a686a04d585494f983ac47d8d564c5e9649c8,0,1,"['15,-119', '15,-120', '16,-120']",3,road,"[[0, 0, 0], [0, 0, 0], [0, 0, 0]]","[15.333333333333334, -119.66666666666667]",3.495626507486707,2.16693887199101e+22
294,0x959e104e1a4db6317fa58f8295f586e1a978c297,3535,10000000000000000000,1640984645000,0x8dbfbd35f8bc9622ef907c372f4d91188d4de8b3,7,5,"['35,-71', '35,-72', '35,-73', '35,-74', '35,-75', '36,-71', '36,-72', '36,-73', '36,-74', '36,-75', '37,-71', '37,-72', '37,-73', '37,-74', '37,-75']",15,land,"[[0, 0, 0], [0, 0, 0], [0, 0, 0], [0, 0, 0], [0, 0, 0], [1, 0, 0], [1, 0, 0], [1, 0, 0], [1, 0, 0], [1, 0, 0], [2, 0, 0], [2, 0, 0], [2, 0, 0], [2, 0, 0], [2, 0, 0]]","[36.0, -73.0]",3.2837753609862053,3.2837753609862054e+19
295,0xf87e31492faf9a91b02ee0deaad50d51d56d5d4d,115792089237316195423570985008687907803248476728262609910341516715443202555927,8000000000000000000000,1643072911000,0xb375e0c12bfa084d269dcbf412ea1d6b100aae5d,1,2,"['-147,23', '-120,-28']",2,road,"[[0, 4, 0], [0, 8, 0]]","[-133.5, -2.5]",2.097272260649448,1.6778178085195585e+22
296,0x959e104e1a4db6317fa58f8295f586e1a978c297,4093,42069000000000000000000,1643188042000,0x4d98a870f252541f7ffcfc8ab6e007b66ffd4dea,3,1,"['-28,31', '-28,30', '-27,31', '-27,30']",4,land,"[[0, 0, 0], [0, 0, 0], [0, 0, 0], [0, 0, 0]]","[-27.5, 30.5]",2.1260324733787064,8.944006012256879e+22
297,0x959e104e1a4db6317fa58f8295f586e1a978c297,4603,60000000000000000000000,1643859555000,0xc143759083a5cc47b8f23e1a8aa8fddb6ebf6041,2,1,"['-75,-63', '-60,-13', '-38,102', '-1,46', '2,-21', '2,-22', '3,-21', '3,-22', '13,14', '18,-84', '43,-5']",11,road,"[[1, 0, 3], [8, 3, 0], [0, 2, 0], [0, 5, 0], [0, 0, 0], [0, 0, 0], [0, 0, 0], [0, 0, 0], [2, 0, 4], [0, 0, 7], [4, 0, 0]]","[-8.181818181818182, -8.090909090909092]",2.559175162581649,1.5355050975489893e+23
298,0xf87e31492faf9a91b02ee0deaad50d51d56d5d4d,115792089237316195423570985008687907814477794836653579204632878760691553533891,5243000000000000000000,1640447392000,0x54a1ebe811fd624503bb1cb51f94da72f4ce67b8,0,1,"['-115,-61']",1,parcel,"[[0, 0, 0]]","[-115.0, -61.0]",3.772988799640287,1.9781780276514025e+22
299,0xf87e31492faf9a91b02ee0deaad50d51d56d5d4d,115792089237316195423570985008687907847144902061063671697116841074141301833708,5500000000000000000000,1643451978000,0x8b81e64b6d4ebe2ec0f155df28c54ae2f20189dd,1,3,"['-117,-63', '-116,-63', '-52,-97', '-22,-142', '-19,-20', '21,-52', '32,-146', '64,-1']",8,road,"[[0, 0, 0], [0, 0, 0], [0, 0, 0], [0, 0, 8], [8, 0, 0], [0, 0, 0], [3, 0, 0], [0, 0, 7]]","[-26.125, -73.0]",2.294435983046395,1.2619397906755173e+22
300,0xf87e31492faf9a91b02ee0deaad50d51d56d5d4d,42195013498196369469458451321539258220541,4265000000000000000000,1640622318000,0x9296f4abee772107cad2041a4112da4fc7a75fb6,0,2,"['43,-82', '43,-83', '123,-3']",3,road,"[[1, 0, 0], [0, 0, 0], [1, 3, 0]]","[69.66666666666667, -56.0]",3.7605323255684633,1.6038670368549496e+22
301,0xf87e31492faf9a91b02ee0deaad50d51d56d5d4d,115792089237316195423570985008687907848165749161826487087506964896436606467970,5420000000000000000000,1643000252000,0xfcaed3c07daa9af2a4ff266b0dfbd5214fe25f24,1,2,"['-16,-126']",1,parcel,"[[0, 0, 5]]","[-16.0, -126.0]",2.1191673192784792,1.1485886870489357e+22
302,0x959e104e1a4db6317fa58f8295f586e1a978c297,1202,30250000000000000000000,1642390257000,0xf15d7066b78a4e969deefa1e4ca945212ddd3171,5,2,"['-78,-34', '-75,-65', '-38,79', '-37,84', '56,-79', '59,35', '65,35']",7,road,"[[8, 0, 0], [1, 0, 3], [0, 8, 0], [8, 9, 0], [5, 0, 7], [7, 3, 0], [0, 2, 0]]","[-6.857142857142857, 7.857142857142857]",3.124674912948848,9.452141611670265e+22
303,0xf87e31492faf9a91b02ee0deaad50d51d56d5d4d,115792089237316195423570985008687907818901465606625779229656748657304540282828,6500000000000000000000,1640203606000,0x959e104e1a4db6317fa58f8295f586e1a978c297,1,1,[],0,,[],[0],3.3014533515725324,2.145944678522146e+22
304,0xf87e31492faf9a91b02ee0deaad50d51d56d5d4d,115792089237316195423570985008687907839998972355723963964385974318074169393049,5288000000000000000000,1644527205000,0x959e104e1a4db6317fa58f8295f586e1a978c297,1,1,[],0,,[],[0],3.154267932934502,1.6679768829357646e+22
305,0xf87e31492faf9a91b02ee0deaad50d51d56d5d4d,6465364971497830805804117541203596017572,5350000000000000000000,1642820383000,0x4d16678c1a2ec71156fb3ca16872db39470df3cc,2,3,"['18,-92']",1,parcel,"[[1, 0, 7]]","[18.0, -92.0]",2.2301581473863834,1.1931346088517152e+22
306,0x959e104e1a4db6317fa58f8295f586e1a978c297,3247,16000000000000000000000,1644249924000,0x7eae296f609fb1c9e655ba91d833caa18f7b9280,2,3,"['107,39']",1,parcel,"[[0, 0, 0]]","[107.0, 39.0]",3.3015594156099715,5.282495064975955e+22
307,0xf87e31492faf9a91b02ee0deaad50d51d56d5d4d,115792089237316195423570985008687907828089089513491117743167863057962281992230,5287000000000000000000,1641933106000,0xd5e4989a700c8b4d7f2e02697ac56e06d6a858b3,1,1,"['-74,38']",1,parcel,"[[0, 2, 0]]","[-74.0, 38.0]",2.943249112150101,1.5560958055937586e+22
308,0xf87e31492faf9a91b02ee0deaad50d51d56d5d4d,115792089237316195423570985008687907848506031528747425550970339503868374679437,5398000000000000000000,1643596388000,0x885b9a313c5f7afc4d70af09353966bf3c8cbdb8,0,1,"['-15,-115']",1,parcel,"[[1, 0, 0]]","[-15.0, -115.0]",2.5302591704510458,1.3658339002094746e+22
309,0xf87e31492faf9a91b02ee0deaad50d51d56d5d4d,4763953136893138488487244504044754960445,5399000000000000000000,1641453365000,0x1137c668d79fefe410ae19530bdf18b16f63bdde,0,1,"['14,61']",1,parcel,"[[0, 0, 0]]","[14.0, 61.0]",2.9390688380014987,1.5868032656370091e+22
310,0xf87e31492faf9a91b02ee0deaad50d51d56d5d4d,39813036929749800225214829069516880740213,5688000000000000000000,1644117697000,0x29f72df38bf0dac637e7919847e344a7b772d86f,0,1,"['-117,-58', '116,-139']",2,road,"[[0, 0, 0], [0, 0, 0]]","[-0.5, -98.5]",3.047315041602274,1.7333127956633733e+22
311,0xf87e31492faf9a91b02ee0deaad50d51d56d5d4d,6465364971497830805804117541203596017611,8888000000000000000000,1641510703000,0x7d40a629334b4dbad129b8f6a5d445e8a8eac80f,0,2,"['-52,-18', '18,-52', '18,-53']",3,road,"[[0, 0, 0], [0, 0, 0], [0, 0, 0]]","[-5.333333333333333, -41.0]",3.3829650695793463,3.006779353842123e+22
312,0xf87e31492faf9a91b02ee0deaad50d51d56d5d4d,115792089237316195423570985008687907847144902061063671697116841074141301833586,4888000000000000000000,1640726404000,0x3434325287a8e45fdd11b956ca4b1a24916c73da,0,1,"['-19,-142']",1,parcel,"[[0, 0, 8]]","[-19.0, -142.0]",3.381781434798159,1.6530147653293401e+22
313,0xf87e31492faf9a91b02ee0deaad50d51d56d5d4d,115792089237316195423570985008687907827068242412728302352777739235666977357795,5500000000000000000000,1642027941000,0xb955dc4785ac0e821ecda15415e2614c62f7ad23,0,4,"['-78,-29']",1,parcel,"[[8, 0, 0]]","[-78.0, -29.0]",3.10225498674441,1.7062402427094254e+22
314,0x959e104e1a4db6317fa58f8295f586e1a978c297,4633,42500000000000000000000,1642718868000,0x4a34d03130503961f656fb9d26c5aec511d8eccc,2,1,"['6,-142', '54,111', '54,110', '60,-16']",4,road,"[[0, 0, 8], [5, 7, 0], [5, 7, 0], [8, 7, 0]]","[43.5, 15.75]",2.6360883603314003,1.1203375531408451e+23
315,0xf87e31492faf9a91b02ee0deaad50d51d56d5d4d,17354400712967861636632104979020178784336,4994000000000000000000,1642137141000,0xde59f7b03c99719dc3fbcc61f99980a9f495e6ab,0,1,"['-15,-118', '13,-94', '16,-126', '51,80']",4,road,"[[1, 0, 0], [0, 0, 2], [0, 0, 5], [6, 0, 8]]","[16.25, -64.5]",2.904286712625543,1.450400784285196e+22
316,0xf87e31492faf9a91b02ee0deaad50d51d56d5d4d,4083388403051261561560495289181218537612,7188000000000000000000,1642234452000,0x658f894cbd1a015cb5dfa7de2eb51ef97b609b47,0,1,"['11,140', '12,140']",2,road,"[[0, 7, 0], [0, 7, 0]]","[11.5, 140.0]",2.9626491224649576,2.1295521892278116e+22
317,0xf87e31492faf9a91b02ee0deaad50d51d56d5d4d,12590447576074723148144860474975423823813,4987000000000000000000,1641862413000,0xcb9dc355450945de637a2220457b1adac98584a9,1,1,"['-66,114', '36,-59']",2,road,"[[0, 7, 0], [1, 0, 0]]","[-15.0, 27.5]",2.832719320096719,1.4126771249322337e+22
318,0xf87e31492faf9a91b02ee0deaad50d51d56d5d4d,12590447576074723148144860474975423823815,5400000000000000000000,1641763085000,0x959e104e1a4db6317fa58f8295f586e1a978c297,0,1,[],0,,[],[0],2.955280483500563,1.5958514610903039e+22
319,0xf87e31492faf9a91b02ee0deaad50d51d56d5d4d,115792089237316195423570985008687907841019819456486779354776098140369474027415,5970000000000000000000,1642644970000,0x959e104e1a4db6317fa58f8295f586e1a978c297,0,1,[],0,,[],[0],2.743729245505247,1.6380063595666323e+22
320,0xf87e31492faf9a91b02ee0deaad50d51d56d5d4d,7145929705339707732730866756067132440456,6600000000000000000000,1641272085000,0x5b3d787303d8127e66f7238274fae328896fd199,0,1,"['-150,-146', '-36,-10', '20,-120', '22,8', '39,-63', '55,-13', '89,-36']",7,road,"[[0, 0, 0], [8, 0, 0], [0, 0, 0], [6, 0, 0], [4, 0, 0], [3, 0, 0], [1, 2, 0]]","[5.571428571428571, -54.285714285714285]",3.2654965487737213,2.155227722190656e+22
321,0x959e104e1a4db6317fa58f8295f586e1a978c297,4552,50000000000000000000000,1640126635000,0x4a34d03130503961f656fb9d26c5aec511d8eccc,1,1,"['6,-142', '54,111', '54,110', '60,-16']",4,road,"[[0, 0, 8], [5, 7, 0], [5, 7, 0], [8, 7, 0]]","[43.5, 15.75]",3.302356930069449,1.6511784650347244e+23
322,0xf87e31492faf9a91b02ee0deaad50d51d56d5d4d,115792089237316195423570985008687907824345983477360794645070742376212831666057,5100000000000000000000,1643945551000,0xda2083d2c669e093b7d0864ab24565bb21541ebe,0,1,"['-86,-119']",1,parcel,"[[0, 0, 0]]","[-86.0, -119.0]",2.6601644067675365,1.3566838474514436e+22
323,0x959e104e1a4db6317fa58f8295f586e1a978c297,3981,69000000000000000000000,1643725997000,0xdfe0a4d9206738f1943625bbea2cb00baa7d3a79,2,1,"['103,38', '103,37', '103,36', '104,38', '104,37', '104,36', '105,38', '105,37', '105,36', '106,38', '106,37', '106,36']",12,land,"[[9, 1, 0], [9, 2, 0], [9, 1, 0], [0, 1, 0], [0, 2, 0], [0, 1, 0], [0, 1, 0], [0, 2, 0], [0, 1, 0], [0, 1, 0], [0, 2, 0], [0, 2, 0]]","[104.5, 37.0]",2.697334799791993,1.861161011856475e+23
324,0xf87e31492faf9a91b02ee0deaad50d51d56d5d4d,47639531368931384884872445040447549603693,4995000000000000000000,1642893428000,0x167e6c08433e81bd709179b2afc23de517c70c23,2,3,"['121,-15', '139,-147']",2,road,"[[0, 0, 0], [2, 9, 0]]","[130.0, -81.0]",2.0414460677600186,1.0197023108461293e+22
325,0xf87e31492faf9a91b02ee0deaad50d51d56d5d4d,115792089237316195423570985008687907848846313895668364014433714111300142890872,5300000000000000000000,1640301294000,0x9e9ebf31018eaeddb50e52085f4ccb4367235f2d,1,1,"['-134,-49', '-14,-136']",2,road,"[[0, 0, 0], [0, 0, 2]]","[-74.0, -92.5]",3.698074237180769,1.9599793457058076e+22
326,0x959e104e1a4db6317fa58f8295f586e1a978c297,3298,70000000000000000000000,1643183531000,0x072fa5eb0fa34587d6355d6a0a9913ecc6b62025,6,4,"['-86,-116', '-86,-117', '-86,-118', '-85,-116', '-85,-117', '-85,-118', '-84,-116', '-84,-117', '-84,-118']",9,land,"[[0, 0, 0], [0, 0, 0], [0, 0, 0], [0, 0, 0], [0, 0, 0], [0, 0, 0], [0, 0, 0], [0, 0, 0], [0, 0, 0]]","[-85.0, -117.0]",2.1260324733787064,1.4882227313650946e+23
327,0xf87e31492faf9a91b02ee0deaad50d51d56d5d4d,115792089237316195423570985008687907841700384190328656281702847355233010450398,5272000000000000000000,1643281881000,0xea953c047ac54d637f7989b36a2886ebdebf0460,0,1,"['-35,-34']",1,parcel,"[[0, 0, 0]]","[-35.0, -34.0]",2.1741773039497394,1.1462262746423027e+22
328,0x959e104e1a4db6317fa58f8295f586e1a978c297,5,87000000000000000000000,1641352589000,0x34c7223170d61d63f95f8647aaea5fd24b1e023c,9,4,"['-27,-39', '-27,-40', '-26,-39', '-26,-40']",4,land,"[[0, 0, 0], [9, 0, 0], [0, 0, 0], [9, 0, 0]]","[-26.5, -39.5]",3.1944964852537963,2.7792119421708026e+23
329,0xf87e31492faf9a91b02ee0deaad50d51d56d5d4d,5444517870735015415413993718908291383176,6488000000000000000000,1644375554000,0xb97a686a04d585494f983ac47d8d564c5e9649c8,0,1,"['15,-119', '15,-120', '16,-120']",3,road,"[[0, 0, 0], [0, 0, 0], [0, 0, 0]]","[15.333333333333334, -119.66666666666667]",3.495626507486707,2.2679624780573756e+22
330,0xf87e31492faf9a91b02ee0deaad50d51d56d5d4d,49000660836615138738725943470174622449645,4279000000000000000000,1640880192000,0xec6b68212d8150cff6c4933b4b75f684ebd89034,1,2,"['143,-19']",1,parcel,"[[6, 0, 0]]","[143.0, -19.0]",3.297564315644028,1.4110277706640798e+22
331,0xf87e31492faf9a91b02ee0deaad50d51d56d5d4d,115792089237316195423570985008687907852249137564877748649067460185617825005516,9250000000000000000000,1644739526000,0xda0c7ad6c7534bd4af88bc2274714e2909e566f2,1,2,"['-4,-52', '-3,-52']",2,road,"[[0, 0, 0], [0, 0, 0]]","[-3.5, -52.0]",2.914828521931521,2.696216382786657e+22
332,0xf87e31492faf9a91b02ee0deaad50d51d56d5d4d,50361790304298892592579441899901695295461,4000000000000000000000,1640435971000,0x5e3af819e07398bac5d767238a146c4a1cabe247,0,3,"['-92,-142', '147,-27']",2,road,"[[0, 0, 0], [2, 0, 0]]","[27.5, -84.5]",3.772988799640287,1.5091955198561148e+22
333,0x959e104e1a4db6317fa58f8295f586e1a978c297,3523,19999000000000000000000,1641105402000,0xa0b6a11a2a10c8bec8c3a123fbc9c185a58d1ab5,4,3,"['40,72', '40,71', '41,72', '41,71']",4,land,"[[9, 8, 0], [9, 7, 0], [8, 8, 0], [8, 8, 0]]","[40.5, 71.5]",3.362912168662877,6.7254880461088874e+22
334,0xf87e31492faf9a91b02ee0deaad50d51d56d5d4d,115792089237316195423570985008687907812776383002048886887316005723532712476645,6444000000000000000000,1643831645000,0x88d39df8e9be055785fafab3b6c9d59779482439,0,1,"['-120,-27']",1,parcel,"[[0, 7, 0]]","[-120.0, -27.0]",2.559175162581649,1.6491324747676144e+22
335,0xf87e31492faf9a91b02ee0deaad50d51d56d5d4d,115792089237316195423570985008687907844762925492617102452873218822118924353494,4997000000000000000000,1641659025000,0xec2a0afda96c2c2a0c5c9d3bfa00da5b1cf5c7b4,0,1,"['-26,-42']",1,parcel,"[[7, 0, 0]]","[-26.0, -42.0]",2.954629844358916,1.4764285332261502e+22
336,0xf87e31492faf9a91b02ee0deaad50d51d56d5d4d,115792089237316195423570985008687907812776383002048886887316005723532712476695,6999000000000000000000,1640975707000,0x430cff004f6a44ca787e8d3c5f9963e28a3ddee5,4,1,"['-119,23']",1,parcel,"[[0, 3, 0]]","[-119.0, 23.0]",3.2837753609862053,2.298314375154245e+22
337,0x959e104e1a4db6317fa58f8295f586e1a978c297,4542,13500000000000000000000,1643450570000,0x78f6c2458b53d0735208992c693bb2b2dafebb52,0,1,"['-69,137', '-69,136']",2,land,"[[2, 4, 0], [2, 4, 0]]","[-69.0, 136.5]",2.294435983046395,3.0974885771126336e+22
338,0xf87e31492faf9a91b02ee0deaad50d51d56d5d4d,41854731131275431005995076714107490009086,6150000000000000000000,1640607119000,0x8b3e778d84a98635fe4acbd33443f8a1f33a0e48,0,1,"['122,-2']",1,parcel,"[[0, 2, 0]]","[122.0, -2.0]",3.7605323255684633,2.312727380224605e+22
339,0x959e104e1a4db6317fa58f8295f586e1a978c297,1386,21900000000000000000000,1643071205000,0xa5e039b0feb5c056022e35b5b1b4b1d3a4ade00e,9,1,"['-125,-74', '-120,26', '-120,25', '-119,26', '-92,-98', '-85,-119', '-85,-120', '-84,-120', '150,5']",9,road,"[[0, 0, 0], [0, 6, 0], [0, 5, 0], [0, 6, 0], [0, 0, 0], [0, 0, 0], [0, 0, 0], [0, 0, 0], [4, 0, 0]]","[-75.55555555555556, -49.888888888888886]",2.097272260649448,4.593026250822292e+22
340,0x959e104e1a4db6317fa58f8295f586e1a978c297,470,69000000000000000000000,1644238028000,0xa01424b7540adbb792375dcf97b733a5d68ad347,7,1,"['-112,-41', '-108,-45', '-77,-32', '-64,-7', '-60,-12', '-59,129', '-46,83', '-42,125', '-38,-8', '-22,-103', '-20,30', '-1,16', '-1,15', '14,62', '25,-9', '27,86', '33,65', '39,-61', '40,-5', '41,74', '48,115', '48,114', '48,113', '49,114', '56,-7', '59,132', '59,-74', '138,47']",28,road,"[[0, 0, 0], [0, 0, 0], [9, 0, 0], [0, 0, 0], [8, 3, 0], [0, 0, 0], [5, 2, 0], [0, 6, 0], [6, 0, 0], [0, 0, 0], [0, 0, 0], [0, 0, 6], [0, 0, 5], [0, 0, 0], [0, 0, 0], [6, 0, 0], [0, 1, 0], [4, 0, 0], [4, 0, 0], [8, 0, 0], [0, 0, 0], [0, 0, 0], [0, 0, 0], [0, 0, 0], [4, 0, 0], [0, 0, 0], [0, 0, 2], [9, 0, 0]]","[2.642857142857143, 32.714285714285715]",3.3015594156099715,2.2780759967708803e+23
341,0xf87e31492faf9a91b02ee0deaad50d51d56d5d4d,115792089237316195423570985008687907832512760283463317768191732954575268741105,5188000000000000000000,1642384363000,0x628998ce7314583da41616753067adaa82e618c4,0,1,"['-62,-15']",1,parcel,"[[8, 4, 0]]","[-62.0, -15.0]",3.124674912948848,1.6210813448378623e+22
342,0xf87e31492faf9a91b02ee0deaad50d51d56d5d4d,115792089237316195423570985008687907813116665368969825350779380330964480688073,5897000000000000000000,1642511420000,0x00861deaee0942894f2428540c5d7262a9ff17c6,0,1,"['-119,-55']",1,parcel,"[[0, 0, 0]]","[-119.0, -55.0]",2.8616232703619104,1.6874992425324186e+22
343,0xf87e31492faf9a91b02ee0deaad50d51d56d5d4d,115792089237316195423570985008687907831151630815779563914338234524848195895404,5284000000000000000000,1642816047000,0x26e170ad51c973abe406118bf6da127d0082d6e7,0,1,"['-65,109', '-65,108']",2,road,"[[5, 7, 0], [6, 6, 0]]","[-65.0, 108.5]",2.2301581473863834,1.178415565078965e+22
344,0xf87e31492faf9a91b02ee0deaad50d51d56d5d4d,115792089237316195423570985008687907839998972355723963964385974318074169393050,5288000000000000000000,1644527205000,0x959e104e1a4db6317fa58f8295f586e1a978c297,0,1,[],0,,[],[0],3.154267932934502,1.6679768829357646e+22
345,0x959e104e1a4db6317fa58f8295f586e1a978c297,399,360000000000000000000000,1643596288000,0x42e0eaa14ac4dfde0045052deb6994665990a40f,12,2,"['-86,-55', '-86,-56', '-86,-57', '-86,-58', '-86,-59', '-85,-55', '-85,-56', '-85,-57', '-85,-58', '-85,-59', '-84,-55', '-84,-56', '-84,-57', '-84,-58', '-84,-59', '-83,-55', '-83,-56', '-83,-57', '-83,-58', '-83,-59', '-82,-55', '-82,-56', '-82,-57', '-82,-58', '-82,-59', '-81,-55', '-81,-56', '-81,-57', '-81,-58', '-81,-59', '-80,-55', '-80,-56', '-80,-57', '-80,-58', '-80,-59', '-79,-55', '-79,-56', '-79,-57', '-79,-58', '-79,-59', '-78,-55', '-78,-56', '-78,-57', '-78,-58', '-78,-59', '-77,-55', '-77,-56', '-77,-57', '-77,-58', '-77,-59', '-76,-55', '-76,-56', '-76,-57', '-76,-58', '-76,-59', '-75,-55', '-75,-56', '-75,-57', '-75,-58', '-75,-59', '-74,-55', '-74,-56', '-74,-57', '-74,-58', '-74,-59']",65,land,"[[0, 0, 0], [0, 0, 0], [0, 0, 0], [0, 0, 0], [0, 0, 0], [1, 0, 0], [1, 0, 0], [1, 0, 0], [1, 0, 0], [1, 0, 0], [2, 0, 0], [2, 0, 0], [2, 0, 0], [2, 0, 0], [2, 0, 0], [3, 0, 0], [3, 0, 0], [3, 0, 0], [3, 0, 0], [3, 0, 0], [4, 0, 0], [4, 0, 0], [4, 0, 0], [4, 0, 0], [4, 0, 0], [5, 0, 9], [5, 0, 9], [5, 0, 9], [5, 0, 9], [5, 0, 9], [6, 0, 8], [6, 0, 8], [6, 0, 8], [6, 0, 8], [6, 0, 8], [5, 0, 7], [5, 0, 7], [5, 0, 7], [5, 0, 7], [5, 0, 7], [4, 0, 6], [4, 0, 6], [4, 0, 6], [4, 0, 6], [4, 0, 6], [3, 0, 5], [3, 0, 5], [3, 0, 5], [3, 0, 5], [3, 0, 5], [2, 0, 4], [2, 0, 4], [2, 0, 4], [2, 0, 4], [2, 0, 4], [1, 0, 3], [1, 0, 3], [1, 0, 3], [1, 0, 3], [1, 0, 3], [0, 0, 2], [0, 0, 2], [0, 0, 2], [0, 0, 2], [0, 0, 2]]","[-80.0, -57.0]",2.5302591704510458,9.108933013623764e+23
346,0x959e104e1a4db6317fa58f8295f586e1a978c297,4569,18888000000000000000000,1641932371000,0x0e164d8b2b837a5e170c016f1edd21a54d9613ca,1,1,"['-38,118', '3,-123', '6,-68', '6,-69', '24,49']",5,road,"[[0, 2, 0], [0, 0, 0], [0, 0, 3], [0, 0, 2], [0, 2, 0]]","[0.2, -18.6]",2.943249112150101,5.559208923029111e+22
347,0xf87e31492faf9a91b02ee0deaad50d51d56d5d4d,115792089237316195423570985008687907805970735663630117618048513574897348247522,4680000000000000000000,1642024761000,0x21b5b90ea08d61b7dc19c21d410d61b9a217b33a,0,2,"['-140,-30']",1,parcel,"[[3, 0, 0]]","[-140.0, -30.0]",3.10225498674441,1.451855333796384e+22
348,0xf87e31492faf9a91b02ee0deaad50d51d56d5d4d,2381976568446569244243622252022377480253,5888000000000000000000,1641849391000,0x9d2add0ef6a38bc96c1e2cba7862e972f7c834e1,0,1,"['7,61']",1,parcel,"[[0, 0, 0]]","[7.0, 61.0]",2.832719320096719,1.667905135672948e+22
349,0xf87e31492faf9a91b02ee0deaad50d51d56d5d4d,115792089237316195423570985008687907848846313895668364014433714111300142891041,6249000000000000000000,1641451085000,0x801c3cca3b6c2de71c44d40814c2fc10dc21eb8e,0,1,"['-13,33']",1,parcel,"[[0, 0, 0]]","[-13.0, 33.0]",2.9390688380014987,1.8366241168671365e+22
350,0xf87e31492faf9a91b02ee0deaad50d51d56d5d4d,115792089237316195423570985008687907809713841699760440716145634256646798573486,5099000000000000000000,1642995757000,0x0b8d3954372baecb6788810dfb0c5263e56f7b64,2,3,"['-129,-82']",1,parcel,"[[4, 0, 0]]","[-129.0, -82.0]",2.1191673192784792,1.0805634161000967e+22
351,0xf87e31492faf9a91b02ee0deaad50d51d56d5d4d,3402823669209384634633746074317682114702,4500000000000000000000,1640201827000,0xc73ad74fa6a428ea8f72c7e020567c6a5e91faca,0,1,"['10,142']",1,parcel,"[[2, 9, 0]]","[10.0, 142.0]",3.3014533515725324,1.4856540082076396e+22
352,0xf87e31492faf9a91b02ee0deaad50d51d56d5d4d,46958966635089507957945695825584013180911,4125000000000000000000,1641271234000,0xfed1df04f6f7a13f0e04b48285156d27f573b2ef,0,1,"['137,-17']",1,parcel,"[[0, 0, 0]]","[137.0, -17.0]",3.2654965487737213,1.34701732636916e+22
353,0xf87e31492faf9a91b02ee0deaad50d51d56d5d4d,115792089237316195423570985008687907839318407621882087037459225103210632970282,7200000000000000000000,1642717447000,0xf0bf2535207174593fb23bfa98b000a72daa2538,1,1,"['-41,42', '-28,26', '136,-149']",3,road,"[[0, 9, 0], [0, 0, 0], [0, 0, 0]]","[22.333333333333332, -27.0]",2.6360883603314003,1.897983619438608e+22
354,0xf87e31492faf9a91b02ee0deaad50d51d56d5d4d,42875578232038246396385200536402794643421,4000000000000000000000,1640722147000,0x959e104e1a4db6317fa58f8295f586e1a978c297,5,2,[],0,,[],[0],3.381781434798159,1.3527125739192636e+22
355,0xf87e31492faf9a91b02ee0deaad50d51d56d5d4d,115792089237316195423570985008687907840679537089565840891312723532937705815959,5430000000000000000000,1642644785000,0x959e104e1a4db6317fa58f8295f586e1a978c297,0,1,[],0,,[],[0],2.743729245505247,1.4898449803093492e+22
356,0xf87e31492faf9a91b02ee0deaad50d51d56d5d4d,115792089237316195423570985008687907847144902061063671697116841074141301833798,6000000000000000000000,1641762505000,0x024970b100129b0941675cdbe48ee96cf7b3b984,4,1,"['-18,70']",1,parcel,"[[6, 2, 8]]","[-18.0, 70.0]",2.955280483500563,1.7731682901003378e+22
357,0xf87e31492faf9a91b02ee0deaad50d51d56d5d4d,6465364971497830805804117541203596017542,6666000000000000000000,1642133353000,0xfd57b8448c2967953f2dc6fdb5a1a2de2a8c6c61,0,1,"['18,-122']",1,parcel,"[[0, 0, 9]]","[18.0, -122.0]",2.904286712625543,1.9359975226361866e+22
358,0xf87e31492faf9a91b02ee0deaad50d51d56d5d4d,3743106036130323098097120681749450326156,7288000000000000000000,1642225092000,0x658f894cbd1a015cb5dfa7de2eb51ef97b609b47,0,1,"['11,140', '12,140']",2,road,"[[0, 7, 0], [0, 7, 0]]","[11.5, 140.0]",2.9626491224649576,2.159178680452461e+22
359,0xf87e31492faf9a91b02ee0deaad50d51d56d5d4d,5104235503814076951950619111476523171791,8100000000000000000000,1641506062000,0x9abf4e8f149fbe2e572a79b05c8232df9848020d,1,2,"['14,-49']",1,parcel,"[[0, 0, 0]]","[14.0, -49.0]",3.3829650695793463,2.7402017063592706e+22
360,0xf87e31492faf9a91b02ee0deaad50d51d56d5d4d,1701411834604692317316873037158841057306,6964000000000000000000,1644113355000,0xcbae5d2ad7db3fc0e9dd704a8799a69874b6cceb,1,1,"['5,26']",1,parcel,"[[3, 0, 0]]","[5.0, 26.0]",3.047315041602274,2.1221501949718236e+22
361,0xf87e31492faf9a91b02ee0deaad50d51d56d5d4d,41854731131275431005995076714107490009075,4150000000000000000000,1640123479000,0x959e104e1a4db6317fa58f8295f586e1a978c297,1,2,[],0,,[],[0],3.302356930069449,1.3704781259788213e+22
362,0x0b1c6c75d511fae05e7dc696f4cf14129a9c43c9,316,100000000000000000000,1643943972000,0xfe2d424af0df49bb3316cb2e9f574b0d09cf98ad,0,1,"['56,-111']",1,parcel,"[[0, 0, 0]]","[56.0, -111.0]",2.6601644067675365,2.6601644067675364e+20
363,0xf87e31492faf9a91b02ee0deaad50d51d56d5d4d,115792089237316195423570985008687907844762925492617102452873218822118924353413,6465000000000000000000,1643828293000,0x9a739c2e212754c3d8432cb717dc9437e5b3dfae,5,3,"['-26,-123']",1,parcel,"[[0, 0, 0]]","[-26.0, -123.0]",2.559175162581649,1.654506742609036e+22
364,0xf87e31492faf9a91b02ee0deaad50d51d56d5d4d,115792089237316195423570985008687907847144902061063671697116841074141301833588,5088000000000000000000,1640871946000,0x2d03e6d1001e486d1e58690fc7cb3fe3f87c1149,0,1,"['-20,-140', '-20,-141', '-19,-140', '-19,-141', '121,-5']",5,road,"[[0, 0, 6], [0, 0, 7], [0, 0, 6], [0, 0, 7], [3, 5, 0]]","[8.6, -113.4]",3.297564315644028,1.6778007237996816e+22
365,0xf87e31492faf9a91b02ee0deaad50d51d56d5d4d,115792089237316195423570985008687907826727960045807363889314364628235209146351,5990000000000000000000,1642892284000,0x4f3907a77985c754b53a54f98905fd8f5da1e57c,0,3,"['-79,-17']",1,parcel,"[[4, 8, 6]]","[-79.0, -17.0]",2.0414460677600186,1.2228261945882513e+22
366,0x959e104e1a4db6317fa58f8295f586e1a978c297,1702,17950000000000000000000,1640300544000,0x895be97bdb9f8a244c472b18ea96dee39ddf8fe5,4,2,"['-137,-38', '-137,-39', '-137,-40', '-136,-39', '-55,-127', '-38,-36', '-38,-37', '-37,-36', '-19,-59', '29,-88']",10,road,"[[1, 0, 0], [1, 0, 0], [1, 0, 0], [0, 0, 0], [0, 0, 0], [0, 0, 0], [0, 0, 0], [0, 0, 0], [0, 0, 0], [0, 0, 0]]","[-70.5, -53.9]",3.698074237180769,6.6380432557394805e+22
367,0xf87e31492faf9a91b02ee0deaad50d51d56d5d4d,115792089237316195423570985008687907852589419931798687112530834793049593216972,9250000000000000000000,1644739120000,0xda0c7ad6c7534bd4af88bc2274714e2909e566f2,1,2,"['-4,-52', '-3,-52']",2,road,"[[0, 0, 0], [0, 0, 0]]","[-3.5, -52.0]",2.914828521931521,2.696216382786657e+22
368,0xf87e31492faf9a91b02ee0deaad50d51d56d5d4d,115792089237316195423570985008687907842380948924170533208629596570096546873243,5900000000000000000000,1643715542000,0x973c6ec69c0e540f600fb0bbe2a033c03d5e32f8,0,1,"['-33,-101']",1,parcel,"[[0, 0, 0]]","[-33.0, -101.0]",2.838711845336331,1.6748399887484354e+22
369,0xf87e31492faf9a91b02ee0deaad50d51d56d5d4d,18715530180651615490485603408747251630188,5649000000000000000000,1641347304000,0x9d81f127d366b52a1fcbcafe82b52176c8b3188e,0,1,"['55,108']",1,parcel,"[[4, 6, 0]]","[55.0, 108.0]",3.1944964852537963,1.8045710645198695e+22
370,0xf87e31492faf9a91b02ee0deaad50d51d56d5d4d,115792089237316195423570985008687907851568572831035871722140710970754288582598,5287000000000000000000,1642374831000,0x762c86cbd4e0b88d8d734ec8507b29e00d09b4fd,1,3,"['-6,-58', '15,-64']",2,road,"[[2, 0, 0], [0, 0, 7]]","[4.5, -61.0]",3.124674912948848,1.6520156264760558e+22
371,0xf87e31492faf9a91b02ee0deaad50d51d56d5d4d,115792089237316195423570985008687907805290170929788240691121764360033811824523,4970000000000000000000,1642503600000,0x2cfc8844e48d105d434f2fcb3419cd5e9cfc3c96,2,3,"['-142,-117']",1,parcel,"[[0, 0, 0]]","[-142.0, -117.0]",2.919809374476844,1.4511452591149915e+22
372,0xf87e31492faf9a91b02ee0deaad50d51d56d5d4d,5784800237655953878877368326340059594632,6199000000000000000000,1644375520000,0xb97a686a04d585494f983ac47d8d564c5e9649c8,0,1,"['15,-119', '15,-120', '16,-120']",3,road,"[[0, 0, 0], [0, 0, 0], [0, 0, 0]]","[15.333333333333334, -119.66666666666667]",3.495626507486707,2.16693887199101e+22
373,0xf87e31492faf9a91b02ee0deaad50d51d56d5d4d,115792089237316195423570985008687907844762925492617102452873218822118924353550,7499000000000000000000,1643278762000,0xbaad47fa2705cd8b3167bb2a551e71238c080cb8,0,1,"['-25,14']",1,parcel,"[[0, 0, 0]]","[-25.0, 14.0]",2.1741773039497394,1.6304155602319097e+22
374,0xf87e31492faf9a91b02ee0deaad50d51d56d5d4d,115792089237316195423570985008687907852249137564877748649067460185617825005445,6388000000000000000000,1643439109000,0x959e104e1a4db6317fa58f8295f586e1a978c297,0,2,[],0,,[],[0],2.294435983046395,1.465685705970037e+22
375,0xf87e31492faf9a91b02ee0deaad50d51d56d5d4d,2381976568446569244243622252022377480332,7450000000000000000000,1642815243000,0xc5aa7cbb835608cc8d15484d7f1db26b244222eb,0,1,"['7,140']",1,parcel,"[[0, 6, 0]]","[7.0, 140.0]",2.2301581473863834,1.6614678198028555e+22
376,0xf87e31492faf9a91b02ee0deaad50d51d56d5d4d,115792089237316195423570985008687907834894736851909887012435355206597646221423,5300000000000000000000,1641089732000,0xb72257b5aae0b31d234e5851682f5e0386159217,1,2,"['-54,111']",1,parcel,"[[1, 9, 0]]","[-54.0, 111.0]",3.362912168662877,1.7823434493913249e+22
377,0xf87e31492faf9a91b02ee0deaad50d51d56d5d4d,115792089237316195423570985008687907842040666557249594745166221962664778661778,6095000000000000000000,1643182506000,0xe4f0e9359756a65da70fe37a3bfa45736f9bea58,2,4,"['-53,-99', '-34,-110']",2,road,"[[0, 0, 0], [0, 0, 0]]","[-43.5, -104.5]",2.1260324733787064,1.2958167925243215e+22
378,0xf87e31492faf9a91b02ee0deaad50d51d56d5d4d,115792089237316195423570985008687907842040666557249594745166221962664778661863,15000000000000000000000,1640606158000,0x4561b1aa09b39783f8b45b0b2fc8c8fd03287de0,4,2,"['-34,-25']",1,parcel,"[[0, 0, 0]]","[-34.0, -25.0]",3.8824242067186656,5.823636310077998e+22
379,0xf87e31492faf9a91b02ee0deaad50d51d56d5d4d,115792089237316195423570985008687907828089089513491117743167863057962281992079,4250000000000000000000,1640972417000,0x716e537c396311717242e92e73e3cee6998ce42d,0,1,"['-75,-113']",1,parcel,"[[0, 0, 0]]","[-75.0, -113.0]",3.2837753609862053,1.3956045284191372e+22
380,0xf87e31492faf9a91b02ee0deaad50d51d56d5d4d,7486212072260646196194241363498900651892,5888000000000000000000,1644231456000,0xee98db705e16086c45c96bb685ceec9b2e2bb54d,0,1,"['21,-140']",1,parcel,"[[0, 0, 6]]","[21.0, -140.0]",3.318725280995242,1.9540654454499984e+22
381,0xf87e31492faf9a91b02ee0deaad50d51d56d5d4d,115792089237316195423570985008687907819582030340467656156583497872168076705812,8690000000000000000000,1643065096000,0x58f5481f41eaeb31328620a27ce4dfe2e2f915a3,2,1,"['-99,20']",1,parcel,"[[4, 0, 0]]","[-99.0, 20.0]",2.097272260649448,1.8225295945043703e+22
382,0xf87e31492faf9a91b02ee0deaad50d51d56d5d4d,42195013498196369469458451321539258220539,3920000000000000000000,1640433045000,0x602d59f1882b8fe0c95789cb7e0df8be4a024197,0,2,"['123,-5']",1,parcel,"[[3, 5, 0]]","[123.0, -5.0]",3.523907662586453,1.3813718037338897e+22
383,0xf87e31492faf9a91b02ee0deaad50d51d56d5d4d,115792089237316195423570985008687907848165749161826487087506964896436606467986,6400000000000000000000,1643578795000,0x6e5ece49bd171ea718a28e7affb6568044254ea0,0,3,"['-16,-110']",1,parcel,"[[0, 0, 0]]","[-16.0, -110.0]",2.5302591704510458,1.6193658690886693e+22
384,0xf87e31492faf9a91b02ee0deaad50d51d56d5d4d,48320096102773261811799194255311086026695,4511000000000000000000,1641658479000,0x226edfa9fb3a5ea2a084b064b7494773bced6924,2,2,"['141,-57']",1,parcel,"[[8, 2, 0]]","[141.0, -57.0]",2.954629844358916,1.332833522790307e+22
385,0xf87e31492faf9a91b02ee0deaad50d51d56d5d4d,115792089237316195423570985008687907844082360758775225525946469607255387930769,5080000000000000000000,1642220444000,0x719921627feffb77c9da94f15d3446d9f92fd85c,0,2,"['-27,145']",1,parcel,"[[5, 7, 0]]","[-27.0, 145.0]",2.9626491224649576,1.5050257542121985e+22
386,0xf87e31492faf9a91b02ee0deaad50d51d56d5d4d,4083388403051261561560495289181218537354,4888000000000000000000,1641760269000,0x69f72f07fb792661c7fcd466b50e73529bbfb175,0,1,"['11,-118']",1,parcel,"[[2, 0, 0]]","[11.0, -118.0]",2.955280483500563,1.4445411003350752e+22
387,0xf87e31492faf9a91b02ee0deaad50d51d56d5d4d,8847341539944400050047739793225973497760,4567000000000000000000,1642008835000,0xf56294dad28d3d855514f5f911b39a6f719e6478,0,3,"['25,-96']",1,parcel,"[[1, 0, 0]]","[25.0, -96.0]",3.10225498674441,1.416799852446172e+22
388,0xf87e31492faf9a91b02ee0deaad50d51d56d5d4d,9868188640707215440437863615521278132128,5350000000000000000000,1641268679000,0x61cfad94b622e3aa72092b8316242e36ffadabe7,0,2,"['28,-96']",1,parcel,"[[0, 0, 0]]","[28.0, -96.0]",3.2654965487737213,1.7470406535939411e+22
389,0xf87e31492faf9a91b02ee0deaad50d51d56d5d4d,14291859410679415465461733512134264881072,4625000000000000000000,1640196736000,0x524d9237d64ff3910c0588ae8d5b8ee775c7c0ad,1,1,"['-147,-124', '41,-80']",2,road,"[[0, 0, 0], [3, 0, 0]]","[-53.0, -102.0]",3.3014533515725324,1.526922175102296e+22
390,0x959e104e1a4db6317fa58f8295f586e1a978c297,4612,23456000000000000000000,1641839616000,0xa0f14c263c0ec1179e1bb61817173791655ee60d,0,1,"['12,-118', '12,-119', '13,-118', '13,-119']",4,land,"[[1, 0, 0], [1, 0, 0], [0, 0, 0], [0, 0, 0]]","[12.5, -118.5]",2.832719320096719,6.644426437218864e+22
391,0xf87e31492faf9a91b02ee0deaad50d51d56d5d4d,115792089237316195423570985008687907822644571642756102327753869339053990608822,4700000000000000000000,1641448523000,0x5ce213893956bbf4249a7f8a079331280065eec6,2,3,"['-135,-123', '-108,-62', '-91,-74', '-85,-35', '-70,-110', '-51,-130', '0,141', '6,-143', '8,-94', '9,61', '11,61', '12,-94', '37,-61', '40,-61', '43,59']",15,road,"[[0, 0, 0], [1, 0, 0], [4, 0, 0], [1, 0, 0], [0, 0, 0], [0, 0, 0], [1, 3, 0], [0, 0, 9], [0, 0, 2], [0, 0, 0], [0, 0, 0], [0, 0, 2], [2, 0, 0], [5, 0, 0], [6, 3, 8]]","[-24.933333333333334, -44.333333333333336]",2.9390688380014987,1.3813623538607043e+22
392,0xf87e31492faf9a91b02ee0deaad50d51d56d5d4d,45597837167405754104092197395856940335069,5278000000000000000000,1642993083000,0x9f4135424ace14f68cddaa3ce44544dc0427bc46,5,3,"['133,-35']",1,parcel,"[[2, 3, 0]]","[133.0, -35.0]",2.1191673192784792,1.1184965111151814e+22
393,0xf87e31492faf9a91b02ee0deaad50d51d56d5d4d,42535295865117307932921825928971026431965,4000000000000000000000,1640722015000,0x959e104e1a4db6317fa58f8295f586e1a978c297,1,1,[],0,,[],[0],3.381781434798159,1.3527125739192636e+22
394,0xf87e31492faf9a91b02ee0deaad50d51d56d5d4d,19396094914493492417412352623610788052881,5888000000000000000000,1642110201000,0xfe2d424af0df49bb3316cb2e9f574b0d09cf98ad,0,1,"['56,-111']",1,parcel,"[[0, 0, 0]]","[56.0, -111.0]",2.904286712625543,1.7100440163939198e+22
395,0x959e104e1a4db6317fa58f8295f586e1a978c297,4591,11111000000000000000000,1642644498000,0xf9f68fc85cc9791d264477d1bb1aa649f022e9dc,0,1,"['-38,-104', '-38,-105', '-37,-104', '-37,-105', '14,150', '146,-19']",6,road,"[[0, 0, 0], [0, 0, 0], [0, 0, 0], [0, 0, 0], [0, 0, 0], [3, 0, 0]]","[1.6666666666666667, -47.833333333333336]",2.743729245505247,3.04855756468088e+22
396,0xf87e31492faf9a91b02ee0deaad50d51d56d5d4d,2041694201525630780780247644590609268625,4987000000000000000000,1641929775000,0x394495a3800d1504b5686d398836baefebd0c5b7,0,2,"['5,-111']",1,parcel,"[[1, 0, 0]]","[5.0, -111.0]",2.943249112150101,1.4677983322292554e+22
397,0x959e104e1a4db6317fa58f8295f586e1a978c297,4054,10497000000000000000000,1644519203000,0xff093f33e922dbd7a0c5a3a1aaa1ad6c0ec12fbd,0,1,"['-30,-31', '-30,-32']",2,land,"[[0, 0, 0], [0, 0, 0]]","[-30.0, -31.5]",3.154267932934502,3.311035049201347e+22
398,0xf87e31492faf9a91b02ee0deaad50d51d56d5d4d,115792089237316195423570985008687907838978125254961148573995850495778864758909,5489000000000000000000,1642708871000,0xa01424b7540adbb792375dcf97b733a5d68ad347,0,1,"['-112,-41', '-108,-45', '-77,-32', '-64,-7', '-60,-12', '-59,129', '-46,83', '-42,125', '-38,-8', '-22,-103', '-20,30', '-1,16', '-1,15', '14,62', '25,-9', '27,86', '33,65', '39,-61', '40,-5', '41,74', '48,115', '48,114', '48,113', '49,114', '56,-7', '59,132', '59,-74', '138,47']",28,road,"[[0, 0, 0], [0, 0, 0], [9, 0, 0], [0, 0, 0], [8, 3, 0], [0, 0, 0], [5, 2, 0], [0, 6, 0], [6, 0, 0], [0, 0, 0], [0, 0, 0], [0, 0, 6], [0, 0, 5], [0, 0, 0], [0, 0, 0], [6, 0, 0], [0, 1, 0], [4, 0, 0], [4, 0, 0], [8, 0, 0], [0, 0, 0], [0, 0, 0], [0, 0, 0], [0, 0, 0], [4, 0, 0], [0, 0, 0], [0, 0, 2], [9, 0, 0]]","[2.642857142857143, 32.714285714285715]",2.6360883603314003,1.4469489009859056e+22
399,0xf87e31492faf9a91b02ee0deaad50d51d56d5d4d,115792089237316195423570985008687907822644571642756102327753869339053990608877,8450000000000000000000,1644096581000,0xce252c0b4b513bc1f431e758a4b55e0f9a7ec94a,0,1,"['-91,-19']",1,parcel,"[[1, 3, 8]]","[-91.0, -19.0]",3.047315041602274,2.5749812101539212e+22
400,0xf87e31492faf9a91b02ee0deaad50d51d56d5d4d,115792089237316195423570985008687907828429371880412056206631237665394050203688,5287000000000000000000,1641505035000,0x9f95b2569091122125f17ca8b8b79563a8e923b5,0,1,"['-73,40', '-73,39']",2,road,"[[9, 2, 0], [0, 2, 0]]","[-73.0, 39.5]",3.3829650695793463,1.7885736322866004e+22
401,0xf87e31492faf9a91b02ee0deaad50d51d56d5d4d,115792089237316195423570985008687907848506031528747425550970339503868374679581,5888000000000000000000,1640121549000,0x546c7f384b0b43280486976975d5538eda082cef,3,4,"['-14,29']",1,parcel,"[[0, 0, 0]]","[-14.0, 29.0]",3.302356930069449,1.9444277604248914e+22
402,0xf87e31492faf9a91b02ee0deaad50d51d56d5d4d,18715530180651615490485603408747251630110,5980000000000000000000,1643938342000,0xb07e10db35ecc2fbc05a554f9878b6efbf1198ec,0,1,"['55,30']",1,parcel,"[[3, 4, 0]]","[55.0, 30.0]",2.6601644067675365,1.5907783152469868e+22
403,0xf87e31492faf9a91b02ee0deaad50d51d56d5d4d,5784800237655953878877368326340059594838,9999000000000000000000,1643827958000,0x56367d9e3b90285b628c7369aded31a63e78a35e,3,1,"['17,86']",1,parcel,"[[4, 0, 6]]","[17.0, 86.0]",2.559175162581649,2.5589192450653905e+22
404,0xf87e31492faf9a91b02ee0deaad50d51d56d5d4d,115792089237316195423570985008687907834894736851909887012435355206597646221210,4799000000000000000000,1641089400000,0x429ef57e8a683a08f2f13bcf1f9649732d573781,0,1,"['-55,-102']",1,parcel,"[[0, 0, 0]]","[-55.0, -102.0]",3.362912168662877,1.6138615497413148e+22
405,0xf87e31492faf9a91b02ee0deaad50d51d56d5d4d,115792089237316195423570985008687907808012429865155748398828761219487957516251,5995000000000000000000,1642501327000,0xd52e7e6cfc54dc437bf5a4535766e7516e0cea25,0,4,"['-134,-37']",1,parcel,"[[0, 0, 0]]","[-134.0, -37.0]",2.919809374476844,1.7504257199988682e+22
406,0xf87e31492faf9a91b02ee0deaad50d51d56d5d4d,3402823669209384634633746074317682114626,5888000000000000000000,1642883175000,0x959e104e1a4db6317fa58f8295f586e1a978c297,0,1,[],0,,[],[0],2.0414460677600186,1.202003444697099e+22
407,0xf87e31492faf9a91b02ee0deaad50d51d56d5d4d,115792089237316195423570985008687907824005701110439856181607367768781063454630,4950000000000000000000,1643710233000,0x08675f6288d6ff0d0b1976e828c75799db9f97bf,0,3,"['-87,-90']",1,parcel,"[[0, 0, 0]]","[-87.0, -90.0]",2.838711845336331,1.4051623634414841e+22
408,0xf87e31492faf9a91b02ee0deaad50d51d56d5d4d,9868188640707215440437863615521278132251,7766000000000000000000,1640297839000,0xc37bc902af262bd9c6443747cfe16b31bc83beb3,2,1,"['29,27']",1,parcel,"[[0, 0, 0]]","[29.0, 27.0]",3.698074237180769,2.8719244525945852e+22
409,0xf87e31492faf9a91b02ee0deaad50d51d56d5d4d,115792089237316195423570985008687907814137512469732640741169504153259785322397,5040000000000000000000,1642813352000,0x678d837fa15eba2b59f6cd5f9f4c580ac2dfc269,1,2,"['-149,-124', '-149,-125', '-146,31', '-146,-124', '-135,-61', '-116,-99', '-110,20', '-95,-40', '-94,-39', '-94,-40', '-93,-95', '-78,-108', '-78,-112', '-70,-138', '-66,-108', '-56,4', '-54,-30', '-46,-130', '-43,6', '-42,-27', '-29,-46', '-25,-122', '-18,4', '-6,-62', '8,-142', '10,-116', '12,-48', '19,21', '21,9', '30,-138', '39,-118', '40,60', '41,123', '56,112', '62,-137', '69,31', '86,-149', '106,-33', '111,-142', '119,-24', '120,-24', '124,-20', '126,-18', '137,-29', '143,-14', '145,-21']",46,road,"[[0, 0, 0], [0, 0, 0], [1, 2, 0], [0, 0, 0], [0, 0, 0], [7, 0, 0], [3, 0, 0], [4, 0, 0], [5, 0, 0], [5, 0, 0], [0, 0, 0], [0, 0, 0], [0, 0, 0], [0, 0, 0], [7, 0, 0], [3, 0, 0], [2, 0, 0], [0, 0, 0], [0, 0, 0], [7, 0, 0], [3, 0, 0], [1, 0, 0], [0, 0, 8], [2, 0, 9], [0, 0, 8], [3, 0, 0], [1, 0, 0], [9, 0, 0], [7, 0, 0], [2, 0, 0], [0, 0, 0], [8, 4, 0], [5, 7, 0], [3, 5, 0], [9, 0, 0], [0, 5, 0], [0, 0, 0], [4, 5, 0], [7, 3, 0], [0, 0, 0], [0, 0, 0], [0, 0, 0], [0, 0, 0], [8, 9, 0], [6, 0, 0], [4, 0, 0]]","[-6.826086956521739, -51.78260869565217]",2.2301581473863834,1.1239997062827372e+22
410,0x959e104e1a4db6317fa58f8295f586e1a978c297,380,6997000000000000000000,1644227464000,0x49f33493fc3a774297db62c8432da2b9b81d2857,1,1,[],0,,[],[0],3.318725280995242,2.3221120791123707e+22
411,0xf87e31492faf9a91b02ee0deaad50d51d56d5d4d,21778071482940061661655974875633165533183,11499000000000000000000,1643274016000,0xd9c4c7225b2dcabbb3629cc3faea4217e8d523fd,3,2,"['63,-1']",1,parcel,"[[0, 0, 8]]","[63.0, -1.0]",2.1741773039497394,2.5000864818118053e+22
412,0x959e104e1a4db6317fa58f8295f586e1a978c297,4548,30000000000000000000000,1643170744000,0xf0bf2535207174593fb23bfa98b000a72daa2538,0,1,"['-127,-27', '-127,-28', '-126,-27', '-126,-28', '-41,42', '-28,26', '136,-149']",7,road,"[[1, 7, 0], [0, 8, 0], [1, 7, 0], [0, 8, 0], [0, 9, 0], [0, 0, 0], [0, 0, 0]]","[-62.714285714285715, -27.285714285714285]",2.1260324733787064,6.378097420136119e+22
413,0xf87e31492faf9a91b02ee0deaad50d51d56d5d4d,115792089237316195423570985008687907842721231291091471672092971177528315084697,6460000000000000000000,1643427038000,0x8567bc1940cf5e8b18bbcc3c27a6bd7619caf527,0,1,"['-32,-102', '-32,-103']",2,road,"[[0, 0, 0], [0, 0, 0]]","[-32.0, -102.5]",2.294435983046395,1.4822056450479712e+22
414,0x959e104e1a4db6317fa58f8295f586e1a978c297,4596,10000000000000000000000,1642373624000,0xf15d7066b78a4e969deefa1e4ca945212ddd3171,0,1,"['-78,-34', '-75,-65', '-38,79', '-37,84', '56,-79', '59,35', '65,35']",7,road,"[[8, 0, 0], [1, 0, 3], [0, 8, 0], [8, 9, 0], [5, 0, 7], [7, 3, 0], [0, 2, 0]]","[-6.857142857142857, 7.857142857142857]",3.124674912948848,3.124674912948848e+22
415,0xf87e31492faf9a91b02ee0deaad50d51d56d5d4d,50702072671219831056042816507333463506921,7000000000000000000000,1641833022000,0xe0bc856ee4d078d2cee7d2f5c4c0e1a6084c8c2c,0,1,"['148,-23']",1,parcel,"[[1, 0, 0]]","[148.0, -23.0]",2.832719320096719,1.982903524067703e+22
416,0xf87e31492faf9a91b02ee0deaad50d51d56d5d4d,4763953136893138488487244504044754960282,6400000000000000000000,1644726180000,0x28f18d9ad8730e0de394e9b5c4dd8df178e73de4,2,1,"['13,-102', '13,-103']",2,road,"[[0, 0, 0], [0, 0, 0]]","[13.0, -102.5]",2.914828521931521,1.8654902540361735e+22
417,0xf87e31492faf9a91b02ee0deaad50d51d56d5d4d,115792089237316195423570985008687907837616995787277394720142352066051791912970,16710000000000000000000,1640856281000,0x2c5cba7b2ec6c634e9f5e557cfcc5c63279c5439,5,5,"['-46,10']",1,parcel,"[[0, 9, 0]]","[-46.0, 10.0]",3.2585024930271618,5.444957665848387e+22
418,0xf87e31492faf9a91b02ee0deaad50d51d56d5d4d,115792089237316195423570985008687907844082360758775225525946469607255387930770,4099000000000000000000,1641268234000,0xc630cdbeb417a64903b430e91d2c8e25a6db18c8,0,1,"['-27,146']",1,parcel,"[[6, 8, 0]]","[-27.0, 146.0]",3.2654965487737213,1.3385270353423485e+22
419,0xf87e31492faf9a91b02ee0deaad50d51d56d5d4d,115792089237316195423570985008687907835235019218830825475898729814029414432776,4800000000000000000000,1644368735000,0x6e97689ee9c895c2c010b2d0a230fc4ce071aede,0,2,"['-53,8']",1,parcel,"[[1, 3, 0]]","[-53.0, 8.0]",3.495626507486707,1.6779007235936194e+22
420,0xf87e31492faf9a91b02ee0deaad50d51d56d5d4d,115792089237316195423570985008687907842040666557249594745166221962664778661931,6888000000000000000000,1641759629000,0xfaa0a435f969428ec8bf85ecca6f4f3ad8a687da,3,2,"['-33,43']",1,parcel,"[[0, 8, 0]]","[-33.0, 43.0]",2.955280483500563,2.0355971970351877e+22
421,0x959e104e1a4db6317fa58f8295f586e1a978c297,2836,7100000000000000000000,1640967652000,0x4a1bf5d5f3a824c4353614369451d5233d4d6f06,4,2,"['-131,-145', '-106,-25', '-49,-58', '-49,-59', '9,-22', '19,8', '23,129', '23,128', '24,129', '24,128', '54,31']",11,road,"[[0, 0, 0], [1, 5, 0], [0, 0, 2], [0, 0, 2], [0, 0, 0], [6, 0, 8], [0, 0, 0], [0, 0, 0], [0, 0, 0], [0, 0, 0], [2, 5, 0]]","[-14.454545454545455, 22.181818181818183]",3.2837753609862053,2.3314805063002058e+22
422,0xf87e31492faf9a91b02ee0deaad50d51d56d5d4d,12250165209153784684681485867543655612352,6188000000000000000000,1643064741000,0x4feaab978709c8ff1330e5111d9162c90523d6ad,0,1,"['35,-64']",1,parcel,"[[0, 0, 0]]","[35.0, -64.0]",2.097272260649448,1.2977920748898784e+22
423,0xf87e31492faf9a91b02ee0deaad50d51d56d5d4d,141,5080000000000000000000,1642218734000,0x5ce213893956bbf4249a7f8a079331280065eec6,0,2,"['-135,-123', '-108,-62', '-91,-74', '-85,-35', '-70,-110', '-51,-130', '0,141', '6,-143', '8,-94', '9,61', '11,61', '12,-94', '37,-61', '40,-61', '43,59']",15,road,"[[0, 0, 0], [1, 0, 0], [4, 0, 0], [1, 0, 0], [0, 0, 0], [0, 0, 0], [1, 3, 0], [0, 0, 9], [0, 0, 2], [0, 0, 0], [0, 0, 0], [0, 0, 2], [2, 0, 0], [5, 0, 0], [6, 3, 8]]","[-24.933333333333334, -44.333333333333336]",2.9626491224649576,1.5050257542121985e+22
424,0xf87e31492faf9a91b02ee0deaad50d51d56d5d4d,50021507937377954129116067292469927084013,4188000000000000000000,1640720759000,0xf9f68fc85cc9791d264477d1bb1aa649f022e9dc,0,1,"['14,150', '146,-19']",2,road,"[[0, 0, 0], [3, 0, 0]]","[80.0, 65.5]",3.381781434798159,1.4162900648934689e+22
425,0xf87e31492faf9a91b02ee0deaad50d51d56d5d4d,40833884030512615615604952891812185374707,4360000000000000000000,1640196322000,0xb24564fd8a3bd2f81166c8db1004a81635e1085f,2,2,"['119,-13']",1,parcel,"[[0, 0, 0]]","[119.0, -13.0]",3.3014533515725324,1.4394336612856241e+22
426,0xf87e31492faf9a91b02ee0deaad50d51d56d5d4d,115792089237316195423570985008687907802567911994420732983414767500579666132857,3800000000000000000000,1640569838000,0x59044aa850606d6ec42d0c094e18ccf806f71279,2,2,"['-150,-135']",1,parcel,"[[0, 0, 0]]","[-150.0, -135.0]",3.8824242067186656,1.475321198553093e+22
427,0xf87e31492faf9a91b02ee0deaad50d51d56d5d4d,115792089237316195423570985008687907842040666557249594745166221962664778661879,6100000000000000000000,1643573082000,0x0636211443e91468ee3657e1d7faede7059c4843,0,3,"['-86,-110', '-73,41', '-34,-3', '-34,-9', '-33,-3', '-4,48', '22,-1', '25,128', '25,-83', '30,9', '33,16']",11,road,"[[0, 0, 0], [8, 2, 0], [1, 0, 0], [7, 0, 0], [1, 0, 0], [1, 3, 0], [0, 0, 0], [0, 0, 0], [0, 0, 0], [7, 0, 0], [0, 0, 0]]","[-11.727272727272727, 3.0]",2.5302591704510458,1.5434580939751379e+22
428,0xf87e31492faf9a91b02ee0deaad50d51d56d5d4d,25521177519070384759753095557382615859239,8500000000000000000000,1641344009000,0xc1bf62876b756a08a595c6546edfd71aaeebc880,6,2,"['75,39']",1,parcel,"[[0, 0, 0]]","[75.0, 39.0]",3.1944964852537963,2.715322012465727e+22
429,0xf87e31492faf9a91b02ee0deaad50d51d56d5d4d,50021507937377954129116067292469927084010,4879000000000000000000,1642005622000,0x732c9ec7e8ec9f810397fc4d50da7475804d8810,2,2,"['146,-22']",1,parcel,"[[3, 0, 0]]","[146.0, -22.0]",3.10225498674441,1.5135902080325978e+22
430,0x959e104e1a4db6317fa58f8295f586e1a978c297,4625,20600000000000000000000,1642989047000,0x819ad0210544cf2469ef0a4a8dfde849fcb373b7,0,1,"['-40,125', '-40,124', '-39,125', '-39,124']",4,land,"[[2, 4, 0], [2, 4, 0], [1, 3, 0], [1, 3, 0]]","[-39.5, 124.5]",2.1191673192784792,4.365484677713668e+22
431,0xf87e31492faf9a91b02ee0deaad50d51d56d5d4d,48660378469694200275262568862742854238185,5700000000000000000000,1640423400000,0x31fab825d615cca45b87d17598b340a92e882344,0,4,"['142,-23']",1,parcel,"[[7, 0, 0]]","[142.0, -23.0]",3.523907662586453,2.0086273676742784e+22
432,0xf87e31492faf9a91b02ee0deaad50d51d56d5d4d,50021507937377954129116067292469927084008,4288000000000000000000,1641648195000,0xae064428d9aeeb87fb1489360bbec12cb7ff77dd,0,1,"['140,-20', '144,-28', '146,-24']",3,road,"[[9, 0, 0], [5, 0, 0], [3, 0, 0]]","[143.33333333333334, -24.0]",2.954629844358916,1.2669452772611031e+22
433,0xf87e31492faf9a91b02ee0deaad50d51d56d5d4d,29264283555200707857850216239132066185196,7000000000000000000000,1642643717000,0xf78a3e891792a4184cb98e7f4acd08a59e1eb572,0,2,"['85,-20']",1,parcel,"[[8, 6, 0]]","[85.0, -20.0]",2.743729245505247,1.920610471853673e+22
434,0xf87e31492faf9a91b02ee0deaad50d51d56d5d4d,3062541302288446171170371466885913903246,4995000000000000000000,1641444404000,0xba2d1c4a6df9cd0ee0e0c23130e68d237b7b48cb,0,1,"['9,142']",1,parcel,"[[2, 8, 0]]","[9.0, 142.0]",2.9390688380014987,1.4680648845817486e+22
435,0xf87e31492faf9a91b02ee0deaad50d51d56d5d4d,115792089237316195423570985008687907843742078391854287062483094999823619719140,5879000000000000000000,1641928339000,0x8acb66b909088e8392dd9a766c06e85531c063bf,0,1,"['-30,-28', '-29,-28']",2,road,"[[0, 0, 0], [0, 0, 0]]","[-29.5, -28.0]",2.943249112150101,1.7303361530330444e+22
436,0xf87e31492faf9a91b02ee0deaad50d51d56d5d4d,115792089237316195423570985008687907844762925492617102452873218822118924353493,5149000000000000000000,1642107199000,0xef58262ea280500eb12e0ce24020850c162b0768,0,1,"['-26,-43']",1,parcel,"[[6, 0, 0]]","[-26.0, -43.0]",2.904286712625543,1.495417228330892e+22
437,0x959e104e1a4db6317fa58f8295f586e1a978c297,4676,13888000000000000000000,1644515700000,0x6727264329bed399da35e458270b897261fe685c,0,1,"['54,32', '55,32']",2,land,"[[2, 6, 0], [3, 6, 0]]","[54.5, 32.0]",3.154267932934502,4.380647305259437e+22
438,0xf87e31492faf9a91b02ee0deaad50d51d56d5d4d,115792089237316195423570985008687907828429371880412056206631237665394050203687,5287000000000000000000,1641504716000,0x9f95b2569091122125f17ca8b8b79563a8e923b5,0,1,"['-73,40', '-73,39']",2,road,"[[9, 2, 0], [0, 2, 0]]","[-73.0, 39.5]",3.3829650695793463,1.7885736322866004e+22
439,0xf87e31492faf9a91b02ee0deaad50d51d56d5d4d,115792089237316195423570985008687907808012429865155748398828761219487957516252,6430000000000000000000,1642706459000,0xcdcfcf8c2cac15cd6f64fdddbd1297eaef2a48ec,0,1,"['-134,-36']",1,parcel,"[[0, 0, 0]]","[-134.0, -36.0]",2.6360883603314003,1.6950048156930904e+22
440,0xf87e31492faf9a91b02ee0deaad50d51d56d5d4d,115792089237316195423570985008687907811755535901286071496925881901237407842276,8000000000000000000000,1644092402000,0x3e8643959e7d3bff94ec825afa8862a9ef71f0b6,2,1,"['-123,-28']",1,parcel,"[[0, 8, 0]]","[-123.0, -28.0]",3.047315041602274,2.4378520332818193e+22
441,0xf87e31492faf9a91b02ee0deaad50d51d56d5d4d,5444517870735015415413993718908291383275,9500000000000000000000,1640119889000,0x93158834ffa896916e01483b49ef9d34cb491e42,0,1,"['15,-21']",1,parcel,"[[0, 0, 0]]","[15.0, -21.0]",3.302356930069449,3.137239083565977e+22
442,0xf87e31492faf9a91b02ee0deaad50d51d56d5d4d,115792089237316195423570985008687907834554454484988948548971980599165878009729,5187000000000000000000,1643935424000,0x4512e481f8aa3063abb9884a340ab27e4976cdc0,0,2,"['-58,-129', '-56,-127', '-55,-128']",3,road,"[[0, 0, 0], [0, 0, 0], [0, 0, 0]]","[-56.333333333333336, -128.0]",2.6601644067675365,1.3798272777903212e+22
443,0xf87e31492faf9a91b02ee0deaad50d51d56d5d4d,115792089237316195423570985008687907834554454484988948548971980599165878009754,5099000000000000000000,1641088597000,0x821dd0b52aa9b60d1fe81eeca33076ad56550a9e,0,1,"['-56,-102']",1,parcel,"[[0, 0, 0]]","[-56.0, -102.0]",3.362912168662877,1.7147489148012012e+22
444,0xf87e31492faf9a91b02ee0deaad50d51d56d5d4d,115792089237316195423570985008687907844422643125696163989409844214687156142035,5098000000000000000000,1642495764000,0x80221341d27d215f58ab67ed6cd8ffa019951ce7,0,1,"['-27,-45']",1,parcel,"[[4, 0, 0]]","[-27.0, -45.0]",2.919809374476844,1.4885188191082949e+22
445,0x959e104e1a4db6317fa58f8295f586e1a978c297,1197,32000000000000000000000,1643168823000,0x3606998219113bc947b650e7af097b5aed0ef8ca,1,1,"['-51,94', '-51,93', '-50,94', '-50,93']",4,land,"[[0, 3, 0], [0, 3, 0], [1, 4, 0], [1, 4, 0]]","[-50.5, 93.5]",2.1260324733787064,6.8033039148118606e+22
446,0xf87e31492faf9a91b02ee0deaad50d51d56d5d4d,115792089237316195423570985008687907839318407621882087037459225103210632970363,5199000000000000000000,1642881640000,0x153ddfd7c3ac1bb0d1e54bd7a8af403e8db732d3,0,1,"['-41,123']",1,parcel,"[[1, 5, 0]]","[-41.0, 123.0]",2.0414460677600186,1.0613478106284337e+22
447,0xf87e31492faf9a91b02ee0deaad50d51d56d5d4d,115792089237316195423570985008687907816519489038179209985413126405282162802625,5988000000000000000000,1643816278000,0xdf9460eb19b8094cf3c2ff0a4c22e14caac0dd9b,7,2,"['-109,-63']",1,parcel,"[[0, 0, 0]]","[-109.0, -63.0]",2.559175162581649,1.5324340873538912e+22
448,0x959e104e1a4db6317fa58f8295f586e1a978c297,3415,79500000000000000000000,1641998124000,0xf142d7baff0986b50ae24e694419c65e7091f52c,1,2,"['-48,5', '-48,4', '-47,5', '-47,4']",4,land,"[[0, 7, 0], [1, 7, 0], [0, 8, 0], [1, 8, 0]]","[-47.5, 4.5]",3.10225498674441,2.4662927144618062e+23
449,0xf87e31492faf9a91b02ee0deaad50d51d56d5d4d,7486212072260646196194241363498900651980,8340000000000000000000,1640288829000,0x8b81e64b6d4ebe2ec0f155df28c54ae2f20189dd,1,1,"['-117,-63', '-116,-63', '-52,-97', '-22,-142', '-19,-20', '21,-52', '32,-146', '64,-1']",8,road,"[[0, 0, 0], [0, 0, 0], [0, 0, 0], [0, 0, 8], [8, 0, 0], [0, 0, 0], [3, 0, 0], [0, 0, 7]]","[-26.125, -73.0]",3.698074237180769,3.0841939138087613e+22
450,0xf87e31492faf9a91b02ee0deaad50d51d56d5d4d,115792089237316195423570985008687907852929702298719625575994209400481361428420,6420000000000000000000,1644710449000,0x959e104e1a4db6317fa58f8295f586e1a978c297,0,1,[],0,,[],[0],2.914828521931521,1.8713199110800366e+22
451,0xf87e31492faf9a91b02ee0deaad50d51d56d5d4d,43215860598959184859848575143834562854931,5980000000000000000000,1644219933000,0x169e43d257ffcdb6526e74d02a86c7d4dab99ba4,1,2,"['127,19']",1,parcel,"[[0, 0, 0]]","[127.0, 19.0]",3.318725280995242,1.9845977180351544e+22
452,0xf64dc33a192e056bb5f0e5049356a0498b502d50,1342,20000000000000000000,1642370014000,0xb3a8feb030d2ea5ef6e4a8e3bc6f4ca8cc0527e8,0,1,[],0,,[],[0],3.124674912948848,6.249349825897696e+19
453,0xf87e31492faf9a91b02ee0deaad50d51d56d5d4d,12930729942995661611608235082407192035338,5797000000000000000000,1643573011000,0x959e104e1a4db6317fa58f8295f586e1a978c297,0,1,[],0,,[],[0],2.5302591704510458,1.4667912411104712e+22
454,0xf87e31492faf9a91b02ee0deaad50d51d56d5d4d,115792089237316195423570985008687907842040666557249594745166221962664778661787,5850000000000000000000,1643709590000,0x6965e11b5b9bee8cfc62109a6ce38b9f41c3e0cb,0,1,"['-34,-101']",1,parcel,"[[0, 0, 0]]","[-34.0, -101.0]",2.838711845336331,1.6606464295217536e+22
455,0xf87e31492faf9a91b02ee0deaad50d51d56d5d4d,115792089237316195423570985008687907831151630815779563914338234524848195895405,5555000000000000000000,1642810770000,0x26e170ad51c973abe406118bf6da127d0082d6e7,0,1,"['-65,109', '-65,108']",2,road,"[[5, 7, 0], [6, 6, 0]]","[-65.0, 108.5]",2.2301581473863834,1.238852850873136e+22
456,0xa8ee490e4c4da48cc1653502c1a77479d4d818de,1487,50000000000000000000,1643273160000,0x9a724820cabcc2c11efad0b8226654d0e89787d2,0,1,[],0,,[],[0],2.1741773039497394,1.0870886519748696e+20
457,0xf87e31492faf9a91b02ee0deaad50d51d56d5d4d,9527906273786276976974489008089509920654,22000000000000000000000,1641758989000,0xfd15d4902032b96caaac6431d36a202b6f276589,2,1,"['27,-114']",1,parcel,"[[0, 0, 0]]","[27.0, -114.0]",2.955280483500563,6.501617063701238e+22
458,0xf87e31492faf9a91b02ee0deaad50d51d56d5d4d,115792089237316195423570985008687907834894736851909887012435355206597646221209,5000000000000000000000,1640189846000,0x175dd1038ca0530a3ee63cfa1441f86ca31f9539,1,1,"['-55,-103']",1,parcel,"[[0, 0, 0]]","[-55.0, -103.0]",3.3014533515725324,1.650726675786266e+22
459,0x959e104e1a4db6317fa58f8295f586e1a978c297,4173,75000000000000000000000,1640848894000,0xe1bdff947510a8e9623cf7f3c6cf6fe5e37c16b8,3,1,"['69,-35', '122,-139']",2,road,"[[2, 4, 0], [0, 0, 0]]","[95.5, -87.0]",3.2585024930271618,2.4438768697703714e+23
460,0xf87e31492faf9a91b02ee0deaad50d51d56d5d4d,115792089237316195423570985008687907842721231291091471672092971177528315084698,6470000000000000000000,1643426933000,0x8567bc1940cf5e8b18bbcc3c27a6bd7619caf527,0,1,"['-32,-102', '-32,-103']",2,road,"[[0, 0, 0], [0, 0, 0]]","[-32.0, -102.5]",2.294435983046395,1.4845000810310176e+22
461,0xf87e31492faf9a91b02ee0deaad50d51d56d5d4d,115792089237316195423570985008687907818561183239704840766193374049872772071332,4490000000000000000000,1641832986000,0xe832180699c39ea1bf5924bde675adb5d6df2263,6,4,"['-103,-92']",1,parcel,"[[0, 0, 0]]","[-103.0, -92.0]",2.832719320096719,1.2718909747234267e+22
462,0xf87e31492faf9a91b02ee0deaad50d51d56d5d4d,6465364971497830805804117541203596017528,5678000000000000000000,1644367540000,0x4ff5a901213714ec05547c1b66d44b1ec66311a0,1,2,"['18,-136']",1,parcel,"[[0, 0, 2]]","[18.0, -136.0]",3.495626507486707,1.9848167309509522e+22
463,0xf87e31492faf9a91b02ee0deaad50d51d56d5d4d,115792089237316195423570985008687907832853042650384256231655107562007036952604,4800000000000000000000,1641268099000,0x1ba3db88c60c69ac1c0919fcc4f06f482f52fe14,2,2,"['-60,28']",1,parcel,"[[8, 9, 0]]","[-60.0, 28.0]",3.2654965487737213,1.5674383434113861e+22
464,0xf87e31492faf9a91b02ee0deaad50d51d56d5d4d,11909882842232846221218111260111887400934,5888000000000000000000,1640409478000,0xbb5bf95a3ab59277fc8de4c8a90273bffe542019,0,1,"['-2,-135', '-1,-135', '31,-18', '34,-26']",4,road,"[[0, 0, 0], [0, 0, 0], [0, 0, 0], [0, 0, 0]]","[15.5, -78.5]",3.523907662586453,2.0748768317309035e+22
465,0xf87e31492faf9a91b02ee0deaad50d51d56d5d4d,115792089237316195423570985008687907844082360758775225525946469607255387930648,6000000000000000000000,1642983251000,0x5fd6b445a75bfabd0b45d1b55b6709a81578fc88,0,1,"['-27,24']",1,parcel,"[[1, 0, 0]]","[-27.0, 24.0]",2.1191673192784792,1.2715003915670875e+22
466,0xf87e31492faf9a91b02ee0deaad50d51d56d5d4d,340282366920938463463374607431768211597,5080000000000000000000,1642213443000,0x400cc92925c48a04d2e214a150440cd7e68805b1,0,1,"['-40,121', '1,141']",2,road,"[[2, 4, 0], [1, 3, 0]]","[-19.5, 131.0]",2.9626491224649576,1.5050257542121985e+22
467,0x959e104e1a4db6317fa58f8295f586e1a978c297,4252,10000000000000000000000,1643060728000,0x31a9a5f275b7def9005b366befc864f289773ee9,2,2,"['-112,-32', '-49,134', '-49,133', '48,137']",4,road,"[[0, 0, 0], [3, 0, 0], [2, 0, 0], [0, 0, 0]]","[-40.5, 93.0]",2.097272260649448,2.097272260649448e+22
468,0xf87e31492faf9a91b02ee0deaad50d51d56d5d4d,9187623906865338513511114400657741709238,5188000000000000000000,1642101482000,0x52efdaa6d5f53c95fa7430641f4c51d78707f68c,0,2,"['26,-74']",1,parcel,"[[1, 0, 0]]","[26.0, -74.0]",2.904286712625543,1.5067439465101317e+22
469,0xf87e31492faf9a91b02ee0deaad50d51d56d5d4d,115792089237316195423570985008687907835235019218830825475898729814029414432776,5850000000000000000000,1644505901000,0x6e97689ee9c895c2c010b2d0a230fc4ce071aede,0,2,"['-53,8']",1,parcel,"[[1, 3, 0]]","[-53.0, 8.0]",3.154267932934502,1.8452467407666836e+22
470,0xf87e31492faf9a91b02ee0deaad50d51d56d5d4d,49340943203536077202189318077606390661096,4288000000000000000000,1641499800000,0xb38cba782b95e7add979373cb0adea8bb38ff483,0,1,"['144,-24']",1,parcel,"[[5, 0, 0]]","[144.0, -24.0]",3.3829650695793463,1.4506154218356237e+22
471,0xf87e31492faf9a91b02ee0deaad50d51d56d5d4d,41514448764354492542531702106675721797629,3800000000000000000000,1640554977000,0x75e1a06c40b4a53d0a6b7b1d7c21f06bff1b38d9,0,1,"['121,-3']",1,parcel,"[[1, 3, 0]]","[121.0, -3.0]",3.8824242067186656,1.475321198553093e+22
472,0xf87e31492faf9a91b02ee0deaad50d51d56d5d4d,115792089237316195423570985008687907843401796024933348599019720392391851507684,5897000000000000000000,1641928305000,0x8acb66b909088e8392dd9a766c06e85531c063bf,0,1,"['-30,-28', '-29,-28']",2,road,"[[0, 0, 0], [0, 0, 0]]","[-29.5, -28.0]",2.943249112150101,1.7356340014349145e+22
473,0x959e104e1a4db6317fa58f8295f586e1a978c297,1158,7100000000000000000000,1640966858000,0xf179344bbec75ad4522bd6b2c780b2e13b3469a2,5,5,"['-139,-138', '-113,-60', '-107,20', '-106,20', '-101,-48', '-97,-22', '-57,-139', '-17,-142', '19,9', '39,72', '63,-13', '136,50']",12,road,"[[0, 0, 0], [0, 0, 0], [4, 0, 0], [4, 0, 0], [0, 0, 0], [1, 2, 0], [0, 0, 0], [0, 0, 8], [6, 0, 8], [0, 8, 0], [6, 4, 8], [6, 8, 0]]","[-40.0, -32.583333333333336]",3.2837753609862053,2.3314805063002058e+22
474,0xf87e31492faf9a91b02ee0deaad50d51d56d5d4d,115792089237316195423570985008687907843742078391854287062483094999823619719314,4089000000000000000000,1641335850000,0xd94a7c3d987803ba0c154a4ba5fe855631d5ec6c,0,3,"['-28,146']",1,parcel,"[[6, 8, 0]]","[-28.0, 146.0]",3.1944964852537963,1.3062296128202771e+22
475,0xf87e31492faf9a91b02ee0deaad50d51d56d5d4d,50702072671219831056042816507333463506920,4288000000000000000000,1641438711000,0x61a437415968f7e480e2dc50136a81ec88673af3,4,3,"['148,-24']",1,parcel,"[[1, 0, 0]]","[148.0, -24.0]",2.9390688380014987,1.2602727177350426e+22
476,0xf87e31492faf9a91b02ee0deaad50d51d56d5d4d,49681225570457015665652692685038158872552,4288000000000000000000,1641647372000,0xbc5c1b0e9f1ed719a2f234cdc33cd51758403eb7,1,1,"['145,-24']",1,parcel,"[[4, 0, 0]]","[145.0, -24.0]",2.954629844358916,1.2669452772611031e+22
477,0xf87e31492faf9a91b02ee0deaad50d51d56d5d4d,46618684268168569494482321218152244969323,5980000000000000000000,1642643493000,0xf0bf2535207174593fb23bfa98b000a72daa2538,0,1,"['-41,42', '-28,26', '136,-149']",3,road,"[[0, 9, 0], [0, 0, 0], [0, 0, 0]]","[22.333333333333332, -27.0]",2.743729245505247,1.6407500888121377e+22
478,0x959e104e1a4db6317fa58f8295f586e1a978c297,3669,9999000000000000000000,1640717845000,0xc9ecff8230428ce676e8857198dfbfc6ec798be1,1,2,"['18,143', '19,143']",2,land,"[[3, 0, 0], [3, 0, 0]]","[18.5, 143.0]",3.381781434798159,3.381443256654679e+22
479,0xf87e31492faf9a91b02ee0deaad50d51d56d5d4d,115792089237316195423570985008687907814477794836653579204632878760691553533852,4999000000000000000000,1642702742000,0x8e66691515badbaca6ee686d74c8ef29e1afe57f,4,2,"['-115,-100']",1,parcel,"[[8, 0, 0]]","[-115.0, -100.0]",2.6360883603314003,1.317780571329667e+22
480,0xf87e31492faf9a91b02ee0deaad50d51d56d5d4d,115792089237316195423570985008687907828429371880412056206631237665394050203689,5980000000000000000000,1644091124000,0x0636211443e91468ee3657e1d7faede7059c4843,0,1,"['-86,-110', '-73,41', '-34,-3', '-34,-9', '-33,-3', '-4,48', '22,-1', '25,128', '25,-83', '30,9', '33,16']",11,road,"[[0, 0, 0], [8, 2, 0], [1, 0, 0], [7, 0, 0], [1, 0, 0], [1, 3, 0], [0, 0, 0], [0, 0, 0], [0, 0, 0], [7, 0, 0], [0, 0, 0]]","[-11.727272727272727, 3.0]",3.047315041602274,1.8222943948781597e+22
481,0xf87e31492faf9a91b02ee0deaad50d51d56d5d4d,18375247813730677027022228801315483418654,5980000000000000000000,1643929930000,0xf7174bd56541305b18222e88c1f3ab82776993a7,0,1,"['54,30']",1,parcel,"[[2, 4, 0]]","[54.0, 30.0]",2.6601644067675365,1.5907783152469868e+22
482,0x959e104e1a4db6317fa58f8295f586e1a978c297,3555,45000000000000000000000,1640117993000,0x3d7a5f056c725d94315ade81db021f86d5a69df7,8,2,"['119,-140', '119,-141', '119,-142', '120,-139', '120,-140', '120,-141', '120,-142', '120,-143', '121,-140', '121,-141', '121,-142']",11,land,"[[9, 1, 0], [8, 2, 0], [7, 3, 0], [0, 0, 0], [9, 1, 0], [8, 2, 0], [7, 3, 0], [6, 4, 0], [9, 1, 0], [8, 2, 0], [7, 3, 0]]","[120.0, -141.0]",3.302356930069449,1.486060618531252e+23
483,0xf87e31492faf9a91b02ee0deaad50d51d56d5d4d,14632141777600353928925108119566033092526,5169000000000000000000,1644701659000,0x6de77de0febdc1bc27f6c234854ce84395cda1e7,0,1,"['41,-82', '42,-82']",2,road,"[[1, 0, 0], [1, 0, 0]]","[41.5, -82.0]",2.914828521931521,1.5066748629864031e+22
484,0xf87e31492faf9a91b02ee0deaad50d51d56d5d4d,39813036929749800225214829069516880740336,5479000000000000000000,1643153893000,0xcd15ee92a61de149ab0ae33ff125ad818e07115e,0,2,"['116,-16']",1,parcel,"[[0, 0, 0]]","[116.0, -16.0]",2.1260324733787064,1.1648531921641933e+22
485,0xf87e31492faf9a91b02ee0deaad50d51d56d5d4d,18715530180651615490485603408747251630001,4999000000000000000000,1643264950000,0x1d219f5bfb7361f641d3f5870b02b53abf7badb6,0,2,"['54,-79']",1,parcel,"[[5, 0, 7]]","[54.0, -79.0]",2.1741773039497394,1.0868712342444749e+22
486,0xf87e31492faf9a91b02ee0deaad50d51d56d5d4d,115792089237316195423570985008687907813116665368969825350779380330964480688072,5894000000000000000000,1642465156000,0x345cfcf080bdf46c5f6c453a5fec484fbe046cfe,0,1,"['-120,-56', '-119,-56']",2,road,"[[0, 0, 0], [0, 0, 0]]","[-119.5, -56.0]",2.919809374476844,1.720935645316652e+22
487,0x959e104e1a4db6317fa58f8295f586e1a978c297,1203,65000000000000000000000,1643810700000,0xe6188bcf568005b4a2d6bd70ce6b538af9b072a3,1,1,"['-38,-98', '-38,-99', '-38,-100', '-38,-101', '-38,-102', '-37,-98', '-37,-99', '-37,-100', '-37,-101', '-37,-102']",10,land,"[[0, 0, 0], [0, 0, 0], [0, 0, 0], [0, 0, 0], [0, 0, 0], [0, 0, 0], [0, 0, 0], [0, 0, 0], [0, 0, 0], [0, 0, 0]]","[-37.5, -100.0]",2.559175162581649,1.6634638556780717e+23
488,0xf87e31492faf9a91b02ee0deaad50d51d56d5d4d,4423670769972200025023869896612986748887,5279000000000000000000,1643405657000,0xbed316d8e450001b9c06c403c695d94529e5c702,0,1,"['12,-41', '39,108']",2,road,"[[8, 0, 0], [3, 5, 0]]","[25.5, 33.5]",2.294435983046395,1.211232755450192e+22
489,0xf87e31492faf9a91b02ee0deaad50d51d56d5d4d,11229318108390969294291362045248350978183,6677000000000000000000,1640279593000,0xbf49b55fe4b58268ca57f3a31331b0a1d162adc6,2,2,"['33,135']",1,parcel,"[[0, 5, 0]]","[33.0, 135.0]",3.698074237180769,2.4692041681655994e+22
490,0xf87e31492faf9a91b02ee0deaad50d51d56d5d4d,19055812547572553953948978016179019841535,18000000000000000000000,1642872121000,0xd2e2432d838e912bc71716a48e9851fcf4bcf4f1,6,2,"['-24,1', '55,-1']",2,road,"[[0, 0, 0], [0, 0, 0]]","[15.5, 0.0]",2.0414460677600186,3.6746029219680335e+22
491,0x959e104e1a4db6317fa58f8295f586e1a978c297,956,16000000000000000000000,1644219671000,0xf179344bbec75ad4522bd6b2c780b2e13b3469a2,2,1,"['-139,-138', '-113,-60', '-107,20', '-106,20', '-101,-48', '-97,-22', '-57,-139', '-17,-142', '19,9', '39,72', '63,-13', '136,50']",12,road,"[[0, 0, 0], [0, 0, 0], [4, 0, 0], [4, 0, 0], [0, 0, 0], [1, 2, 0], [0, 0, 0], [0, 0, 8], [6, 0, 8], [0, 8, 0], [6, 4, 8], [6, 8, 0]]","[-40.0, -32.583333333333336]",3.318725280995242,5.3099604495923874e+22
492,0xf87e31492faf9a91b02ee0deaad50d51d56d5d4d,6465364971497830805804117541203596017581,7400000000000000000000,1643568957000,0xc2be5c1863688a8453bf79134adf3c7e9dfe28cc,0,1,"['18,-83']",1,parcel,"[[0, 0, 7]]","[18.0, -83.0]",2.5302591704510458,1.8723917861337738e+22
493,0x959e104e1a4db6317fa58f8295f586e1a978c297,3535,15000000000000000000,1641088013000,0x8dbfbd35f8bc9622ef907c372f4d91188d4de8b3,7,5,"['35,-71', '35,-72', '35,-73', '35,-74', '35,-75', '36,-71', '36,-72', '36,-73', '36,-74', '36,-75', '37,-71', '37,-72', '37,-73', '37,-74', '37,-75']",15,land,"[[0, 0, 0], [0, 0, 0], [0, 0, 0], [0, 0, 0], [0, 0, 0], [1, 0, 0], [1, 0, 0], [1, 0, 0], [1, 0, 0], [1, 0, 0], [2, 0, 0], [2, 0, 0], [2, 0, 0], [2, 0, 0], [2, 0, 0]]","[36.0, -73.0]",3.362912168662877,5.044368252994316e+19
494,0xf87e31492faf9a91b02ee0deaad50d51d56d5d4d,340282366920938463463374607431768211596,5080000000000000000000,1642196586000,0x7fa440f31183deff6d935906b9c905458a4412fc,0,2,"['1,140']",1,parcel,"[[0, 2, 0]]","[1.0, 140.0]",2.9626491224649576,1.5050257542121985e+22
495,0xecf073f91101ce5628669c487aee8f5822a101b1,981,100000000000000000000,1640843505000,0x2c5cba7b2ec6c634e9f5e557cfcc5c63279c5439,0,1,"['-46,10']",1,parcel,"[[0, 9, 0]]","[-46.0, 10.0]",3.2585024930271618,3.258502493027162e+20
496,0xf87e31492faf9a91b02ee0deaad50d51d56d5d4d,115792089237316195423570985008687907836936431053435517793215602851188255490115,9600000000000000000000,1643709193000,0x534a0b86494a8a10bb9ec50eb2d37fef30095f79,6,2,"['-55,-34', '-48,67', '-46,-53', '-30,45', '-28,-49', '-26,-100', '-16,-72', '4,-112', '5,-68', '10,-95', '12,-95', '16,86', '38,111']",13,road,"[[3, 0, 0], [1, 4, 3], [0, 0, 5], [0, 6, 0], [0, 0, 0], [0, 0, 0], [1, 0, 6], [2, 0, 0], [0, 0, 3], [0, 0, 3], [0, 0, 3], [3, 0, 5], [2, 4, 0]]","[-12.615384615384615, -28.384615384615383]",2.838711845336331,2.725163371522878e+22
497,0x959e104e1a4db6317fa58f8295f586e1a978c297,882,11199000000000000000000,1641828293000,0xaef759256368ff208008f85d88c6ea0350ab11c0,1,2,"['37,121', '38,121']",2,land,"[[1, 3, 0], [2, 4, 0]]","[37.5, 121.0]",2.832719320096719,3.1723623665763155e+22
498,0xf87e31492faf9a91b02ee0deaad50d51d56d5d4d,115792089237316195423570985008687907849526878629510240941360463326163679313846,14888000000000000000000,1642981094000,0xcdd598d1588503e1609ae1e50cdb74473ffb0090,1,1,"['-12,-73', '-12,-74']",2,road,"[[0, 0, 2], [0, 0, 2]]","[-12.0, -73.5]",2.1191673192784792,3.1550163049417997e+22
499,0xf87e31492faf9a91b02ee0deaad50d51d56d5d4d,41854731131275431005995076714107490009082,3920000000000000000000,1640404205000,0x1a5542519682555f9ecd4b821cc944ca0e4df4bb,0,1,"['122,-6']",1,parcel,"[[4, 6, 0]]","[122.0, -6.0]",3.523907662586453,1.3813718037338897e+22
500,0xf87e31492faf9a91b02ee0deaad50d51d56d5d4d,115792089237316195423570985008687907834214172118068010085508605991734109798261,4899000000000000000000,1641996131000,0xf179344bbec75ad4522bd6b2c780b2e13b3469a2,1,3,"['-139,-138', '-113,-60', '-107,20', '-106,20', '-101,-48', '-97,-22', '-57,-139', '-17,-142', '19,9', '39,72', '63,-13', '136,50']",12,road,"[[0, 0, 0], [0, 0, 0], [4, 0, 0], [4, 0, 0], [0, 0, 0], [1, 2, 0], [0, 0, 0], [0, 0, 8], [6, 0, 8], [0, 8, 0], [6, 4, 8], [6, 8, 0]]","[-40.0, -32.583333333333336]",3.10225498674441,1.5197947180060865e+22
501,0xf87e31492faf9a91b02ee0deaad50d51d56d5d4d,25861459885991323223216470164814384070684,9974000000000000000000,1642801479000,0xfaf663873e0dafcbc6f773e90d9674d83e725779,1,1,"['76,29', '76,28']",2,road,"[[0, 3, 0], [0, 2, 0]]","[76.0, 28.5]",2.2301581473863834,2.224359736203179e+22
502,0x959e104e1a4db6317fa58f8295f586e1a978c297,4500,17000000000000000000000,1644357940000,0xd608bc8b87d8ab9b409c8409800487a1d8b14f6d,1,1,"['-31,46', '-31,45', '-30,46', '-5,-52']",4,road,"[[0, 5, 0], [0, 6, 0], [0, 5, 0], [0, 0, 0]]","[-24.25, 21.25]",3.495626507486707,5.942565062727402e+22
503,0xf87e31492faf9a91b02ee0deaad50d51d56d5d4d,115792089237316195423570985008687907826727960045807363889314364628235209146351,4900000000000000000000,1642366363000,0x4f3907a77985c754b53a54f98905fd8f5da1e57c,0,3,"['-79,-17']",1,parcel,"[[4, 8, 6]]","[-79.0, -17.0]",3.124674912948848,1.5310907073449354e+22
504,0xf87e31492faf9a91b02ee0deaad50d51d56d5d4d,14291859410679415465461733512134264881071,4625000000000000000000,1640189836000,0x416b787c3f22afd1fb4fafae0e432db7799b78fd,0,1,"['41,-81']",1,parcel,"[[2, 0, 0]]","[41.0, -81.0]",3.3014533515725324,1.526922175102296e+22
505,0xf87e31492faf9a91b02ee0deaad50d51d56d5d4d,115792089237316195423570985008687907827748807146570179279704488450530513780772,5287000000000000000000,1641498991000,0x537801bb3dd94171eef36cd7aed6d586b934ec94,6,4,"['-75,36']",1,parcel,"[[0, 2, 0]]","[-75.0, 36.0]",3.3829650695793463,1.7885736322866004e+22
506,0xf87e31492faf9a91b02ee0deaad50d51d56d5d4d,115792089237316195423570985008687907828089089513491117743167863057962281992221,7399000000000000000000,1641249777000,0x8918bccdcce3b27ff69c1b8168e7cfccdc8a7e91,1,1,"['-74,29']",1,parcel,"[[0, 0, 0]]","[-74.0, 29.0]",3.2654965487737213,2.4161408964376765e+22
507,0xf87e31492faf9a91b02ee0deaad50d51d56d5d4d,115792089237316195423570985008687907820943159808151410010436996301895149551595,11000000000000000000000,1641758129000,0x1156bf625b37623a86d004e66e0a01ec4b17e051,4,2,"['-96,-21', '-96,-22', '-95,-21']",3,road,"[[0, 1, 0], [1, 2, 0], [0, 1, 0]]","[-95.66666666666667, -21.333333333333332]",2.955280483500563,3.250808531850619e+22
508,0xf87e31492faf9a91b02ee0deaad50d51d56d5d4d,13951577043758477001998358904702496669586,5777000000000000000000,1642098424000,0x27b507cf13cddfc2eb8576da8464e66f42c399e7,1,2,"['40,-110']",1,parcel,"[[1, 0, 0]]","[40.0, -110.0]",2.904286712625543,1.677806433883776e+22
509,0xf87e31492faf9a91b02ee0deaad50d51d56d5d4d,41854731131275431005995076714107490009085,3800000000000000000000,1640548595000,0x23a59e3bd34f82e8a55ce745d6bd9a3f49543a51,0,3,"['122,-3']",1,parcel,"[[1, 3, 0]]","[122.0, -3.0]",3.8824242067186656,1.475321198553093e+22
510,0xf87e31492faf9a91b02ee0deaad50d51d56d5d4d,51042355038140769519506191114765231718376,4400000000000000000000,1641438344000,0x15fa2492b93a2f70772202835229f7ede0865a73,0,3,"['55,-11', '149,-24']",2,road,"[[3, 0, 0], [0, 0, 0]]","[102.0, -17.5]",2.9390688380014987,1.2931902887206595e+22
511,0x959e104e1a4db6317fa58f8295f586e1a978c297,3519,29500000000000000000000,1640966730000,0x8673cd6cb22b8b7b843f029f3b401c51701985a0,5,3,"['35,-68', '35,-69', '35,-70', '36,-68', '36,-69', '36,-70', '37,-68', '37,-69', '37,-70']",9,land,"[[0, 0, 0], [0, 0, 0], [0, 0, 0], [1, 0, 0], [1, 0, 0], [1, 0, 0], [2, 0, 0], [2, 0, 0], [2, 0, 0]]","[36.0, -69.0]",3.2837753609862053,9.687137314909305e+22
512,0xf87e31492faf9a91b02ee0deaad50d51d56d5d4d,10208471007628153903901238222953046343605,6250000000000000000000,1643059404000,0x308ee9921f463649223852b56ec83530bf3177e9,0,2,"['28,-75', '29,-75']",2,road,"[[0, 0, 0], [0, 0, 0]]","[28.5, -75.0]",2.097272260649448,1.310795162905905e+22
513,0x959e104e1a4db6317fa58f8295f586e1a978c297,4681,15000000000000000000000,1644503307000,0x6c9e1c24c316c375cdc6ed70eae17dbcf5fc42d6,1,1,"['-2,-61', '-1,-61']",2,land,"[[0, 0, 0], [0, 0, 0]]","[-1.5, -61.0]",3.154267932934502,4.731401899401753e+22
514,0xf87e31492faf9a91b02ee0deaad50d51d56d5d4d,115792089237316195423570985008687907853269984665640564039457584007913129639801,8888000000000000000000,1641334547000,0xbb5bf95a3ab59277fc8de4c8a90273bffe542019,3,3,"['-2,-135', '-1,-135', '31,-18', '34,-26']",4,road,"[[0, 0, 0], [0, 0, 0], [0, 0, 0], [0, 0, 0]]","[15.5, -78.5]",3.1944964852537963,2.839268476093574e+22
515,0xf87e31492faf9a91b02ee0deaad50d51d56d5d4d,115792089237316195423570985008687907828089089513491117743167863057962281992143,6300000000000000000000,1641923924000,0x5d176ee615edf39c3c4a4616f953c49241ce8587,1,1,"['-75,-49', '58,47']",2,road,"[[1, 0, 3], [2, 1, 4]]","[-8.5, -1.0]",2.943249112150101,1.8542469406545636e+22
516,0xf87e31492faf9a91b02ee0deaad50d51d56d5d4d,7486212072260646196194241363498900652121,5288000000000000000000,1640716302000,0x62f77bfe3fd07436a4963b55c72e00615bd77a46,2,1,"['22,89']",1,parcel,"[[3, 2, 0]]","[22.0, 89.0]",3.381781434798159,1.7882860227212664e+22
517,0xf87e31492faf9a91b02ee0deaad50d51d56d5d4d,15652988878363169319315231941861337726963,5500000000000000000000,1642638354000,0xaafcf38dfdf5f0ebaa537b582e4ca4a9883fe8dc,0,1,"['45,-13']",1,parcel,"[[4, 0, 0]]","[45.0, -13.0]",2.743729245505247,1.5090510850278858e+22
518,0xf87e31492faf9a91b02ee0deaad50d51d56d5d4d,19055812547572553953948978016179019841566,5980000000000000000000,1644080589000,0x8850a09ce159c7012e0ce111182e0fc73bcc3102,0,1,"['56,30']",1,parcel,"[[4, 4, 0]]","[56.0, 30.0]",3.047315041602274,1.8222943948781597e+22
519,0xf87e31492faf9a91b02ee0deaad50d51d56d5d4d,115792089237316195423570985008687907842721231291091471672092971177528315084692,6850000000000000000000,1642702198000,0xc0fcd7d5817809ebcf137fdd93b2aa9fbb123361,1,1,"['-32,-108']",1,parcel,"[[0, 0, 0]]","[-32.0, -108.0]",2.6360883603314003,1.805720526827009e+22
520,0x959e104e1a4db6317fa58f8295f586e1a978c297,1304,69000000000000000000000,1641641438000,0x4c1f9ea2581f08551332ef52f0ff131a661e0946,9,1,"['-73,-105', '40,49', '40,48', '40,47', '41,49', '41,48', '41,47', '42,49', '42,48', '42,47', '43,49', '43,48', '43,47', '58,-20', '60,-17', '60,-19']",16,road,"[[0, 0, 0], [0, 2, 0], [1, 3, 0], [2, 4, 0], [0, 2, 0], [1, 3, 0], [2, 4, 0], [0, 2, 9], [1, 3, 9], [2, 4, 9], [0, 2, 8], [1, 3, 8], [2, 4, 8], [6, 9, 0], [8, 7, 0], [8, 7, 0]]","[37.6875, 25.9375]",3.080049033207626,2.1252338329132618e+23
521,0xf87e31492faf9a91b02ee0deaad50d51d56d5d4d,41514448764354492542531702106675721797619,4150000000000000000000,1640117923000,0x959e104e1a4db6317fa58f8295f586e1a978c297,0,2,[],0,,[],[0],3.302356930069449,1.3704781259788213e+22
522,0x959e104e1a4db6317fa58f8295f586e1a978c297,4613,74999000000000000000000,1643925603000,0xcd3ab8efab7dabe91a643e78d18da62f3a99e184,4,1,"['27,-121', '27,-122', '27,-123', '28,-121', '28,-122', '28,-123', '29,-121', '29,-122', '29,-123', '30,-121', '30,-122', '30,-123']",12,land,"[[2, 0, 0], [1, 0, 0], [0, 0, 0], [2, 0, 0], [1, 0, 0], [0, 0, 0], [2, 0, 0], [1, 0, 0], [1, 0, 0], [2, 0, 0], [2, 0, 0], [2, 0, 0]]","[28.5, -122.0]",2.6601644067675365,1.9950967034315846e+23
523,0xf87e31492faf9a91b02ee0deaad50d51d56d5d4d,6465364971497830805804117541203596017562,6420000000000000000000,1643809058000,0x776d1858a019a5371054d1baab87d94463bb0c69,0,2,"['-35,-105', '18,-102']",2,road,"[[0, 0, 0], [0, 0, 0]]","[-8.5, -103.5]",2.559175162581649,1.6429904543774184e+22
524,0xf87e31492faf9a91b02ee0deaad50d51d56d5d4d,19396094914493492417412352623610788052913,4999000000000000000000,1643264706000,0xf15d7066b78a4e969deefa1e4ca945212ddd3171,0,1,"['-78,-34', '-75,-65', '-38,79', '-37,84', '56,-79', '59,35', '65,35']",7,road,"[[8, 0, 0], [1, 0, 3], [0, 8, 0], [8, 9, 0], [5, 0, 7], [7, 3, 0], [0, 2, 0]]","[-6.857142857142857, 7.857142857142857]",2.1741773039497394,1.0868712342444749e+22
525,0xf87e31492faf9a91b02ee0deaad50d51d56d5d4d,115792089237316195423570985008687907807331865131313871471902012004624421093253,4799000000000000000000,1644214299000,0xf68709674fc27cd7d793c1fee025b7a178a773f0,2,1,"['-136,-123']",1,parcel,"[[0, 0, 0]]","[-136.0, -123.0]",3.318725280995242,1.5926562623496166e+22
526,0xf87e31492faf9a91b02ee0deaad50d51d56d5d4d,14291859410679415465461733512134264881070,5150000000000000000000,1644700577000,0x6de77de0febdc1bc27f6c234854ce84395cda1e7,0,1,"['41,-82', '42,-82']",2,road,"[[1, 0, 0], [1, 0, 0]]","[41.5, -82.0]",2.914828521931521,1.5011366887947336e+22
527,0xf87e31492faf9a91b02ee0deaad50d51d56d5d4d,2041694201525630780780247644590609268799,6000000000000000000000,1643151093000,0x6b8fa1d9bcadabc9dabe61371b05d035b0e0a3d0,2,1,"['6,63']",1,parcel,"[[0, 0, 0]]","[6.0, 63.0]",2.1260324733787064,1.2756194840272238e+22
528,0xf87e31492faf9a91b02ee0deaad50d51d56d5d4d,115792089237316195423570985008687907828089089513491117743167863057962281992080,3999000000000000000000,1641086444000,0xe05de1d5407290ab9edcdfeca2d8001653eb384f,0,3,"['-75,-112', '120,-18']",2,road,"[[0, 0, 0], [0, 0, 0]]","[22.5, -65.0]",3.362912168662877,1.3448285762482847e+22
529,0x959e104e1a4db6317fa58f8295f586e1a978c297,3830,11999000000000000000000,1640266066000,0x03e2c10b74a260f46ab5cf881938c5888a6142df,0,1,"['-91,-61', '-26,-23', '-19,25', '-15,-125', '-13,-143', '-12,-143', '-12,-150', '13,-143', '15,-125', '17,16', '31,-118', '34,-1', '34,-2', '36,103', '59,106', '69,-149', '70,-149', '71,-149']",18,land,"[[0, 0, 0], [0, 0, 0], [0, 0, 0], [0, 0, 6], [0, 0, 9], [0, 0, 9], [0, 0, 0], [0, 0, 9], [0, 0, 6], [4, 0, 6], [0, 0, 0], [0, 0, 0], [1, 0, 0], [0, 2, 0], [0, 2, 0], [0, 0, 0], [0, 0, 0], [0, 0, 0]]","[14.5, -68.38888888888889]",3.698074237180769,4.437319277193205e+22
530,0xf87e31492faf9a91b02ee0deaad50d51d56d5d4d,115792089237316195423570985008687907825366830578123610035460866198508136300510,5200000000000000000000,1640835638000,0xc516d028b6ebbadc240e632191b049c8d448d83f,3,3,"['-83,-34']",1,parcel,"[[3, 0, 0]]","[-83.0, -34.0]",3.2585024930271618,1.6944212963741242e+22
531,0xf87e31492faf9a91b02ee0deaad50d51d56d5d4d,115792089237316195423570985008687907815158359570495456131559627975555089956821,6500000000000000000000,1643567222000,0xcb0bc33864485926767bccb27cf6fd3824688097,0,1,"['-113,-43']",1,parcel,"[[0, 0, 0]]","[-113.0, -43.0]",2.5302591704510458,1.6446684607931797e+22
532,0xf87e31492faf9a91b02ee0deaad50d51d56d5d4d,115792089237316195423570985008687907833873889751147071622045231384302341586815,4850000000000000000000,1643402131000,0x4512e481f8aa3063abb9884a340ab27e4976cdc0,0,4,"['-58,-129', '-56,-127', '-55,-128']",3,road,"[[0, 0, 0], [0, 0, 0], [0, 0, 0]]","[-56.333333333333336, -128.0]",2.294435983046395,1.1128014517775014e+22
533,0xf87e31492faf9a91b02ee0deaad50d51d56d5d4d,115792089237316195423570985008687907812776383002048886887316005723532712476616,5797000000000000000000,1642465113000,0x345cfcf080bdf46c5f6c453a5fec484fbe046cfe,0,1,"['-120,-56', '-119,-56']",2,road,"[[0, 0, 0], [0, 0, 0]]","[-119.5, -56.0]",2.919809374476844,1.6926134943842264e+22
534,0xf87e31492faf9a91b02ee0deaad50d51d56d5d4d,9187623906865338513511114400657741709399,5678000000000000000000,1641825420000,0x89e363e35b91717e12f58045aa46b5abad347239,2,2,"['27,87']",1,parcel,"[[5, 1, 0]]","[27.0, 87.0]",2.832719320096719,1.608418029950917e+22
535,0xf87e31492faf9a91b02ee0deaad50d51d56d5d4d,140,5080000000000000000000,1642196483000,0x11b732a046a0a668a0e11321e4617ff579bc19b2,0,2,"['0,140']",1,parcel,"[[0, 2, 0]]","[0.0, 140.0]",2.9626491224649576,1.5050257542121985e+22
536,0xf87e31492faf9a91b02ee0deaad50d51d56d5d4d,115792089237316195423570985008687907814818077203574517668096253368123321745364,6500000000000000000000,1643702021000,0xd6a720f5a62ed5e8cf99a48f90d25af42a214ac7,0,1,"['-114,-44']",1,parcel,"[[0, 0, 0]]","[-114.0, -44.0]",2.838711845336331,1.8451626994686153e+22
537,0xf87e31492faf9a91b02ee0deaad50d51d56d5d4d,42195013498196369469458451321539258220529,4180000000000000000000,1640188393000,0x3d16b760277c6cdcf569adfd51527bff9e5c80d8,1,1,"['123,-15']",1,parcel,"[[0, 0, 0]]","[123.0, -15.0]",3.3014533515725324,1.3800075009573186e+22
538,0xf87e31492faf9a91b02ee0deaad50d51d56d5d4d,25861459885991323223216470164814384070685,8774000000000000000000,1642801466000,0xfaf663873e0dafcbc6f773e90d9674d83e725779,0,1,"['76,29', '76,28']",2,road,"[[0, 3, 0], [0, 2, 0]]","[76.0, 28.5]",2.2301581473863834,1.956740758516813e+22
539,0x959e104e1a4db6317fa58f8295f586e1a978c297,4592,8888000000000000000000,1641235787000,0x819d121be9698e3a8a3565a98964fb8d1d5d8fec,1,1,"['124,-35', '125,-35']",2,land,"[[2, 3, 0], [2, 3, 0]]","[124.5, -35.0]",3.2654965487737213,2.9023733325500833e+22
540,0xf87e31492faf9a91b02ee0deaad50d51d56d5d4d,30965695389805400175167089276290907242357,4888000000000000000000,1641497709000,0x99e0478945ee0a86d8f84bfbb5fcad177e65fc35,0,4,"['90,-139']",1,parcel,"[[0, 0, 0]]","[90.0, -139.0]",3.3829650695793463,1.6535933260103846e+22
541,0xf87e31492faf9a91b02ee0deaad50d51d56d5d4d,115792089237316195423570985008687907849186596262589302477897088718731911102334,6420000000000000000000,1641923001000,0x7e678528ca803f9572f24c859eae07a1cb1b2e22,1,1,"['-13,-130']",1,parcel,"[[0, 0, 1]]","[-13.0, -130.0]",2.943249112150101,1.889565930000365e+22
542,0xf87e31492faf9a91b02ee0deaad50d51d56d5d4d,115792089237316195423570985008687907835575301585751763939362104421461182644364,5077000000000000000000,1644355590000,0x184645cab77254eb7ea4b8562d5174fa42605541,2,4,"['-52,140']",1,parcel,"[[9, 0, 0]]","[-52.0, 140.0]",3.495626507486707,1.774729577851001e+22
543,0x959e104e1a4db6317fa58f8295f586e1a978c297,3581,25000000000000000000000,1641993395000,0x44e089c824e1b4c79d92fb7e5f245c53f92510b4,5,2,"['139,-92', '139,-93', '140,-92', '140,-93']",4,land,"[[0, 0, 0], [0, 0, 0], [9, 1, 0], [9, 1, 0]]","[139.5, -92.5]",3.10225498674441,7.755637466861024e+22
544,0x2a187453064356c898cae034eaed119e1663acb8,73405441148796265892008385195414057739605651526172824280542277260390788260430,50000000000000000000,1640389130000,0x65cea935f9152b7615dad939fb1baf56d10cd3d7,0,1,[],0,,[],[0],3.523907662586453,1.7619538312932265e+20
545,0x959e104e1a4db6317fa58f8295f586e1a978c297,2745,12000000000000000000000,1640966373000,0xfc0f5ef42c41a66756a0d4c5809fafa21bfd3919,3,4,"['26,-143', '26,-144', '27,-143', '27,-144']",4,land,"[[1, 0, 0], [2, 0, 0], [1, 0, 0], [2, 0, 0]]","[26.5, -143.5]",3.2837753609862053,3.940530433183446e+22
546,0xf87e31492faf9a91b02ee0deaad50d51d56d5d4d,115792089237316195423570985008687907846464337327221794770190091859277765410713,5282000000000000000000,1642363846000,0xe16803d17b62b06f6a779c92cca649fd2b80c95f,5,6,"['-21,-103']",1,parcel,"[[0, 0, 0]]","[-21.0, -103.0]",3.124674912948848,1.6504532890195813e+22
547,0xf87e31492faf9a91b02ee0deaad50d51d56d5d4d,115792089237316195423570985008687907849526878629510240941360463326163679313847,15555000000000000000000,1642975607000,0xcdd598d1588503e1609ae1e50cdb74473ffb0090,3,1,"['-12,-73', '-12,-74']",2,road,"[[0, 0, 2], [0, 0, 2]]","[-12.0, -73.5]",2.1191673192784792,3.2963647651376743e+22
548,0xf87e31492faf9a91b02ee0deaad50d51d56d5d4d,9868188640707215440437863615521278132228,5969000000000000000000,1642870935000,0xa30a978633fb95150f364623829fd881da0f3890,1,1,"['-30,-52', '29,4']",2,road,"[[0, 0, 0], [2, 0, 0]]","[-0.5, -24.0]",2.0414460677600186,1.218539157845955e+22
549,0xf87e31492faf9a91b02ee0deaad50d51d56d5d4d,115792089237316195423570985008687907852929702298719625575994209400481361428345,6969000000000000000000,1641334378000,0xbb5bf95a3ab59277fc8de4c8a90273bffe542019,1,2,"['-2,-135', '-1,-135', '31,-18', '34,-26']",4,road,"[[0, 0, 0], [0, 0, 0], [0, 0, 0], [0, 0, 0]]","[15.5, -78.5]",3.1944964852537963,2.2262446005733707e+22
550,0xf87e31492faf9a91b02ee0deaad50d51d56d5d4d,115792089237316195423570985008687907842380948924170533208629596570096546873240,5950000000000000000000,1643055299000,0x390dbcb859951f159290a7d3b9d07d2c8f7d674d,0,1,"['-33,-104', '9,140']",2,road,"[[0, 0, 0], [0, 7, 0]]","[-12.0, 18.0]",2.097272260649448,1.2478769950864217e+22
551,0xf87e31492faf9a91b02ee0deaad50d51d56d5d4d,115792089237316195423570985008687907834894736851909887012435355206597646221394,7000000000000000000000,1641434579000,0x79ed879acfa506e3e3532003a749fca2a6e3968f,0,1,"['-54,82']",1,parcel,"[[1, 0, 0]]","[-54.0, 82.0]",2.9390688380014987,2.057348186601049e+22
552,0xf87e31492faf9a91b02ee0deaad50d51d56d5d4d,115792089237316195423570985008687907835235019218830825475898729814029414432918,4888000000000000000000,1642093052000,0x1157d24896cd54c0ba358e764dd5caa2d58ea449,0,1,"['-53,150']",1,parcel,"[[0, 0, 0]]","[-53.0, 150.0]",2.904286712625543,1.4196153451313654e+22
553,0x959e104e1a4db6317fa58f8295f586e1a978c297,4178,9900000000000000000000,1641736516000,0x573cbf717f1c24b41cf444ce4d0fc576d71538a4,1,1,"['-94,-32', '-93,-32']",2,land,"[[2, 0, 0], [2, 0, 0]]","[-93.5, -32.0]",2.955280483500563,2.9257276786655577e+22
554,0xf87e31492faf9a91b02ee0deaad50d51d56d5d4d,115792089237316195423570985008687907839318407621882087037459225103210632970137,4697000000000000000000,1644499577000,0xd4713c007d625af00fbc3470477022fc380f6412,0,1,"['-42,-103']",1,parcel,"[[1, 0, 0]]","[-42.0, -103.0]",3.154267932934502,1.4815596480993356e+22
555,0xf87e31492faf9a91b02ee0deaad50d51d56d5d4d,42195013498196369469458451321539258220541,3800000000000000000000,1640546233000,0x9296f4abee772107cad2041a4112da4fc7a75fb6,0,2,"['43,-82', '43,-83', '123,-3']",3,road,"[[1, 0, 0], [0, 0, 0], [1, 3, 0]]","[69.66666666666667, -56.0]",3.8824242067186656,1.475321198553093e+22
556,0xf87e31492faf9a91b02ee0deaad50d51d56d5d4d,5784800237655953878877368326340059594766,5888000000000000000000,1640116721000,0x959e104e1a4db6317fa58f8295f586e1a978c297,3,2,[],0,,[],[0],3.302356930069449,1.9444277604248914e+22
557,0xf87e31492faf9a91b02ee0deaad50d51d56d5d4d,10208471007628153903901238222953046343598,6450000000000000000000,1644074955000,0x164eb218cca44c22534dfc43fd8961b15547de56,3,4,"['29,-82']",1,parcel,"[[0, 0, 0]]","[29.0, -82.0]",3.047315041602274,1.9655182018334664e+22
558,0xf87e31492faf9a91b02ee0deaad50d51d56d5d4d,3062541302288446171170371466885913903167,5287000000000000000000,1641630808000,0xfd1a6f36fbe0a186504a3e359f7ea42a6b6fccf4,0,1,"['9,63']",1,parcel,"[[0, 0, 0]]","[9.0, 63.0]",3.080049033207626,1.628421923856872e+22
559,0xf87e31492faf9a91b02ee0deaad50d51d56d5d4d,17354400712967861636632104979020178784136,5300000000000000000000,1642617777000,0xc22f79b29d29b4e35ab7e42e31402050f0edfe4a,4,4,"['50,-120']",1,parcel,"[[2, 0, 0]]","[50.0, -120.0]",2.743729245505247,1.4541765001177809e+22
560,0xf87e31492faf9a91b02ee0deaad50d51d56d5d4d,16333553612205046246241981156724874150025,5285000000000000000000,1642698448000,0x31a9a5f275b7def9005b366befc864f289773ee9,0,1,"['-112,-32', '48,137']",2,road,"[[0, 0, 0], [0, 0, 0]]","[-32.0, 52.5]",2.6360883603314003,1.393172698435145e+22
561,0xf87e31492faf9a91b02ee0deaad50d51d56d5d4d,115792089237316195423570985008687907833873889751147071622045231384302341586815,5150000000000000000000,1643924957000,0x4512e481f8aa3063abb9884a340ab27e4976cdc0,0,4,"['-58,-129', '-56,-127', '-55,-128']",3,road,"[[0, 0, 0], [0, 0, 0], [0, 0, 0]]","[-56.333333333333336, -128.0]",2.6601644067675365,1.3699846694852815e+22
562,0xf87e31492faf9a91b02ee0deaad50d51d56d5d4d,20416942015256307807802476445906092687355,4688000000000000000000,1640707929000,0x326a374501c76467e44ed139f62822b8a4151d2d,2,1,"['59,-5']",1,parcel,"[[4, 8, 0]]","[59.0, -5.0]",3.381781434798159,1.585379136633377e+22
563,0x959e104e1a4db6317fa58f8295f586e1a978c297,3298,45678000000000000000000,1644682556000,0x072fa5eb0fa34587d6355d6a0a9913ecc6b62025,6,4,"['-86,-116', '-86,-117', '-86,-118', '-85,-116', '-85,-117', '-85,-118', '-84,-116', '-84,-117', '-84,-118']",9,land,"[[0, 0, 0], [0, 0, 0], [0, 0, 0], [0, 0, 0], [0, 0, 0], [0, 0, 0], [0, 0, 0], [0, 0, 0], [0, 0, 0]]","[-85.0, -117.0]",2.914828521931521,1.3314353722478803e+23
564,0xf87e31492faf9a91b02ee0deaad50d51d56d5d4d,115792089237316195423570985008687907840339254722644902427849348925505937604502,6340000000000000000000,1643263164000,0xc320914823f4c69e373ae325c0f1fd5ef8ccc19c,0,1,"['-39,-106']",1,parcel,"[[0, 0, 0]]","[-39.0, -106.0]",2.1741773039497394,1.3784284107041348e+22
565,0xf87e31492faf9a91b02ee0deaad50d51d56d5d4d,115792089237316195423570985008687907845783772593379917843263342644414228987894,5888000000000000000000,1643564464000,0xf127cf8c2f7a451c538f93bd7bae6a08f6e2df70,0,1,"['-23,-10']",1,parcel,"[[8, 0, 0]]","[-23.0, -10.0]",2.5302591704510458,1.4898165995615757e+22
566,0xf87e31492faf9a91b02ee0deaad50d51d56d5d4d,18375247813730677027022228801315483418653,5678000000000000000000,1643803977000,0x046ca4a32a11638fc9f30e9c2e707a5a92435290,0,1,"['54,29', '55,29']",2,road,"[[2, 3, 0], [3, 3, 0]]","[54.5, 29.0]",2.559175162581649,1.4530996573138602e+22
567,0x959e104e1a4db6317fa58f8295f586e1a978c297,3791,40000000000000000000000,1644198534000,0x07d8d63254f3d98dbf848035059e4a5692802a7e,2,2,"['-130,32', '-130,31', '-129,32', '-129,31']",4,land,"[[0, 1, 0], [1, 2, 0], [0, 1, 0], [1, 2, 0]]","[-129.5, 31.5]",3.318725280995242,1.3274901123980967e+23
568,0xf87e31492faf9a91b02ee0deaad50d51d56d5d4d,115792089237316195423570985008687907840339254722644902427849348925505937604679,5888000000000000000000,1640264667000,0xeef522649eb0ec721736c379ed82f43278d96cbd,0,1,"['-38,71', '-21,140']",2,road,"[[0, 8, 0], [0, 2, 0]]","[-29.5, 105.5]",3.698074237180769,2.1774261108520367e+22
569,0xf87e31492faf9a91b02ee0deaad50d51d56d5d4d,115792089237316195423570985008687907836255866319593640866288853636324719067261,8499000000000000000000,1643401887000,0xcb848d57e1c086e5287f52a92b9a60693133670f,13,2,"['-50,125']",1,parcel,"[[0, 0, 0]]","[-50.0, 125.0]",2.294435983046395,1.9500411419911313e+22
570,0xf87e31492faf9a91b02ee0deaad50d51d56d5d4d,13271012309916600075071609689838960246724,5444000000000000000000,1643150304000,0xceffc8e1d3cbcf8e5db28b08e3d332289ba851f6,0,1,"['38,-60']",1,parcel,"[[3, 0, 0]]","[38.0, -60.0]",2.1260324733787064,1.1574120785073676e+22
571,0xf87e31492faf9a91b02ee0deaad50d51d56d5d4d,115792089237316195423570985008687907835235019218830825475898729814029414432634,5800000000000000000000,1643694114000,0x83064b8490d039fead8eb8947bdf0e82f583eca7,1,3,"['-54,-133', '-54,-134']",2,road,"[[0, 0, 0], [0, 0, 0]]","[-54.0, -133.5]",2.838711845336331,1.646452870295072e+22
572,0xf87e31492faf9a91b02ee0deaad50d51d56d5d4d,115792089237316195423570985008687907844762925492617102452873218822118924353436,5000000000000000000000,1640830300000,0x534a0b86494a8a10bb9ec50eb2d37fef30095f79,0,2,"['-55,-34', '-48,67', '-46,-53', '-30,45', '-28,-49', '-26,-100', '-16,-72', '4,-112', '5,-68', '10,-95', '12,-95', '16,86', '38,111']",13,road,"[[3, 0, 0], [1, 4, 3], [0, 0, 5], [0, 6, 0], [0, 0, 0], [0, 0, 0], [1, 0, 6], [2, 0, 0], [0, 0, 3], [0, 0, 3], [0, 0, 3], [3, 0, 5], [2, 4, 0]]","[-12.615384615384615, -28.384615384615383]",3.2585024930271618,1.629251246513581e+22
573,0xf87e31492faf9a91b02ee0deaad50d51d56d5d4d,10889035741470030830827987437816582766574,6899000000000000000000,1642464033000,0xbb5bf95a3ab59277fc8de4c8a90273bffe542019,1,2,"['-2,-135', '-1,-135', '31,-18', '34,-26']",4,road,"[[0, 0, 0], [0, 0, 0], [0, 0, 0], [0, 0, 0]]","[15.5, -78.5]",2.919809374476844,2.0143764874515748e+22
574,0xf87e31492faf9a91b02ee0deaad50d51d56d5d4d,115792089237316195423570985008687907834894736851909887012435355206597646221421,4990000000000000000000,1641083502000,0xb97e29b2c8dbf806678970684814fbaecdba124c,1,2,"['-54,109']",1,parcel,"[[1, 7, 0]]","[-54.0, 109.0]",3.362912168662877,1.6780931721627758e+22
575,0x959e104e1a4db6317fa58f8295f586e1a978c297,4635,24000000000000000000000,1642799391000,0xcc7c9cf6213a8d458b269c82d935cfca0397c639,0,1,"['-34,-105', '-34,-106', '-33,-105', '-33,-106', '-9,-145']",5,road,"[[0, 0, 0], [0, 0, 0], [0, 0, 0], [0, 0, 0], [0, 0, 0]]","[-28.6, -113.4]",2.2301581473863834,5.35237955372732e+22
576,0xf87e31492faf9a91b02ee0deaad50d51d56d5d4d,4423670769972200025023869896612986748808,5420000000000000000000,1641823114000,0x959e104e1a4db6317fa58f8295f586e1a978c297,0,2,[],0,,[],[0],2.832719320096719,1.5353338714924215e+22
577,0xf87e31492faf9a91b02ee0deaad50d51d56d5d4d,115792089237316195423570985008687907844082360758775225525946469607255387930769,3900000000000000000000,1642195226000,0x719921627feffb77c9da94f15d3446d9f92fd85c,0,2,"['-27,145']",1,parcel,"[[5, 7, 0]]","[-27.0, 145.0]",2.9626491224649576,1.1554331577613336e+22
578,0xf87e31492faf9a91b02ee0deaad50d51d56d5d4d,50361790304298892592579441899901695295461,4480000000000000000000,1641492692000,0x5e3af819e07398bac5d767238a146c4a1cabe247,0,3,"['-92,-142', '147,-27']",2,road,"[[0, 0, 0], [2, 0, 0]]","[27.5, -84.5]",3.3829650695793463,1.515568351171547e+22
579,0xf87e31492faf9a91b02ee0deaad50d51d56d5d4d,5444517870735015415413993718908291383244,7999000000000000000000,1640187771000,0xaff9948c2d0ff477ae116abc23b4d438ea038400,0,1,"['15,-52']",1,parcel,"[[0, 0, 0]]","[15.0, -52.0]",3.3014533515725324,2.640832535922869e+22
580,0xf87e31492faf9a91b02ee0deaad50d51d56d5d4d,10889035741470030830827987437816582766574,6550000000000000000000,1641235031000,0xbb5bf95a3ab59277fc8de4c8a90273bffe542019,1,2,"['-2,-135', '-1,-135', '31,-18', '34,-26']",4,road,"[[0, 0, 0], [0, 0, 0], [0, 0, 0], [0, 0, 0]]","[15.5, -78.5]",3.2654965487737213,2.1389002394467876e+22
581,0xf87e31492faf9a91b02ee0deaad50d51d56d5d4d,115792089237316195423570985008687907830811348448858625450874859917416427683954,6969000000000000000000,1641991441000,0xcb9dc355450945de637a2220457b1adac98584a9,1,1,"['-66,114', '36,-59']",2,road,"[[0, 7, 0], [1, 0, 0]]","[-15.0, 27.5]",3.10225498674441,2.161961500262179e+22
582,0x959e104e1a4db6317fa58f8295f586e1a978c297,1381,7777000000000000000000,1640964369000,0x4a1bf5d5f3a824c4353614369451d5233d4d6f06,4,2,"['-131,-145', '-106,-25', '-49,-58', '-49,-59', '9,-22', '19,8', '23,129', '23,128', '24,129', '24,128', '54,31']",11,road,"[[0, 0, 0], [1, 5, 0], [0, 0, 2], [0, 0, 2], [0, 0, 0], [6, 0, 8], [0, 0, 0], [0, 0, 0], [0, 0, 0], [0, 0, 0], [2, 5, 0]]","[-14.454545454545455, 22.181818181818183]",3.2837753609862053,2.553792098238972e+22
583,0xf87e31492faf9a91b02ee0deaad50d51d56d5d4d,45597837167405754104092197395856940335098,5100000000000000000000,1641922931000,0x79ce97939cdbce705ecf66783d6f59e42dec738d,0,2,"['133,-6']",1,parcel,"[[4, 6, 0]]","[133.0, -6.0]",2.943249112150101,1.5010570471965515e+22
584,0xf87e31492faf9a91b02ee0deaad50d51d56d5d4d,6465364971497830805804117541203596017615,7500000000000000000000,1640378319000,0xd0b4dc43a98b3cb790c5a6748d680e1054de51bc,2,3,"['18,-49']",1,parcel,"[[0, 0, 0]]","[18.0, -49.0]",3.523907662586453,2.64293074693984e+22
585,0xf87e31492faf9a91b02ee0deaad50d51d56d5d4d,115792089237316195423570985008687907853269984665640564039457584007913129639878,10420000000000000000000,1644349132000,0xa94b3cac96bee9a6af92e0f67ed6cb61f17e5c24,0,1,"['-1,-58']",1,parcel,"[[0, 0, 0]]","[-1.0, -58.0]",3.495626507486707,3.6424428208011482e+22
586,0xf87e31492faf9a91b02ee0deaad50d51d56d5d4d,115792089237316195423570985008687907846464337327221794770190091859277765410717,5999000000000000000000,1642354234000,0xc6d11044cebc9233a1dd49c39ab575900cf059ae,0,1,"['-21,-99']",1,parcel,"[[0, 0, 0]]","[-21.0, -99.0]",3.124674912948848,1.874492480278014e+22
587,0xf87e31492faf9a91b02ee0deaad50d51d56d5d4d,115792089237316195423570985008687907848506031528747425550970339503868374679581,6969000000000000000000,1642970842000,0x546c7f384b0b43280486976975d5538eda082cef,3,4,"['-14,29']",1,parcel,"[[0, 0, 0]]","[-14.0, 29.0]",2.1191673192784792,1.476847704805172e+22
588,0xf87e31492faf9a91b02ee0deaad50d51d56d5d4d,115792089237316195423570985008687907831151630815779563914338234524848195895421,7950000000000000000000,1643051573000,0x07dbc9423bc7e4315fe6224996a1d6a93931cd55,0,2,"['-65,125', '-61,-12']",2,road,"[[0, 8, 0], [9, 2, 0]]","[-63.0, 56.5]",2.097272260649448,1.6673314472163113e+22
589,0xf87e31492faf9a91b02ee0deaad50d51d56d5d4d,3743106036130323098097120681749450325970,5499000000000000000000,1642870137000,0xe2f11a93db2cd42a3f549611fb0e69e63a84a873,1,1,"['10,-46']",1,parcel,"[[3, 0, 0]]","[10.0, -46.0]",2.0414460677600186,1.1225911926612342e+22
590,0xf87e31492faf9a91b02ee0deaad50d51d56d5d4d,115792089237316195423570985008687907842040666557249594745166221962664778661930,6888000000000000000000,1641429810000,0x87746d7e08f5c6dd627f7e695739e48babe9e511,3,2,"['-33,42']",1,parcel,"[[0, 9, 0]]","[-33.0, 42.0]",2.9390688380014987,2.0244306156154322e+22
591,0xf87e31492faf9a91b02ee0deaad50d51d56d5d4d,32326824857489154029020587706017980088308,9228000000000000000000,1640540776000,0xaa3e73672061b633c5afad5c77c79c473a196c10,1,1,"['94,-12']",1,parcel,"[[0, 3, 2]]","[94.0, -12.0]",3.8824242067186656,3.582701057959985e+22
592,0xf87e31492faf9a91b02ee0deaad50d51d56d5d4d,115792089237316195423570985008687907807331865131313871471902012004624421093296,4800000000000000000000,1640112312000,0x639cadb2634f2f0b9a791c24d18d26407295f207,0,1,"['-136,-80']",1,parcel,"[[5, 0, 0]]","[-136.0, -80.0]",3.302356930069449,1.5851313264333355e+22
593,0xf87e31492faf9a91b02ee0deaad50d51d56d5d4d,14632141777600353928925108119566033092546,5200000000000000000000,1644476366000,0xc8dfd3540b83f541bf38a558f5989cf1273d2da6,0,3,"['42,-62']",1,parcel,"[[4, 0, 9]]","[42.0, -62.0]",3.3539721443673747,1.7440655150710348e+22
594,0xf87e31492faf9a91b02ee0deaad50d51d56d5d4d,4083388403051261561560495289181218537353,5400000000000000000000,1642089380000,0x6f41a9a8a973670fc5c55cfb489a32e25b859daa,0,1,"['11,-119']",1,parcel,"[[1, 0, 0]]","[11.0, -119.0]",2.904286712625543,1.5683148248177931e+22
595,0xf87e31492faf9a91b02ee0deaad50d51d56d5d4d,115792089237316195423570985008687907816519489038179209985413126405282162802620,6188000000000000000000,1644071021000,0x9b7ff4b76c25acf840a41aa00136fb2bf01ae91d,0,1,"['-132,-57', '-109,-68']",2,road,"[[0, 0, 0], [0, 0, 0]]","[-120.5, -62.5]",3.047315041602274,1.885678547743487e+22
596,0xf87e31492faf9a91b02ee0deaad50d51d56d5d4d,115792089237316195423570985008687907811755535901286071496925881901237407842243,5997000000000000000000,1641625682000,0x44b8cda325809509f08119be26eefb1195e24597,1,1,"['-123,-61']",1,parcel,"[[0, 0, 0]]","[-123.0, -61.0]",3.080049033207626,1.8471054052146132e+22
597,0xf87e31492faf9a91b02ee0deaad50d51d56d5d4d,115792089237316195423570985008687907824005701110439856181607367768781063454701,6666000000000000000000,1642695634000,0x3925ab6eb7b4755746f17d639c7edec7dd4881cb,0,1,"['-88,-19', '-87,-19', '-76,-51', '-76,-52']",4,road,"[[4, 6, 8], [5, 7, 8], [2, 0, 4], [2, 0, 4]]","[-81.75, -35.25]",2.6360883603314003,1.7572165009969112e+22
598,0xf87e31492faf9a91b02ee0deaad50d51d56d5d4d,115792089237316195423570985008687907827748807146570179279704488450530513780684,5599000000000000000000,1642605363000,0x3925ab6eb7b4755746f17d639c7edec7dd4881cb,2,2,"['-88,-19', '-87,-19', '-76,-51', '-76,-52']",4,road,"[[4, 6, 8], [5, 7, 8], [2, 0, 4], [2, 0, 4]]","[-81.75, -35.25]",2.743729245505247,1.536214004558388e+22
599,0x959e104e1a4db6317fa58f8295f586e1a978c297,3247,19420000000000000000000,1644662146000,0x7eae296f609fb1c9e655ba91d833caa18f7b9280,2,3,"['107,39']",1,parcel,"[[0, 0, 0]]","[107.0, 39.0]",2.934937766523291,5.699649142588232e+22
600,0xf87e31492faf9a91b02ee0deaad50d51d56d5d4d,50021507937377954129116067292469927084005,4088000000000000000000,1640704960000,0x9c826bd03367017cb457476ab3c08c5aab6f4efd,0,1,"['146,-27']",1,parcel,"[[3, 0, 0]]","[146.0, -27.0]",3.381781434798159,1.3824722505454873e+22
601,0xf87e31492faf9a91b02ee0deaad50d51d56d5d4d,41514448764354492542531702106675721797625,4185000000000000000000,1640259356000,0xf4ba497f8bdd7a9e0f65f4c918f20b70d5b75c5f,0,3,"['121,-7']",1,parcel,"[[5, 7, 0]]","[121.0, -7.0]",3.3014533515725324,1.3816582276331046e+22
602,0xf87e31492faf9a91b02ee0deaad50d51d56d5d4d,115792089237316195423570985008687907834894736851909887012435355206597646221437,5350000000000000000000,1643399915000,0xa8f98b7b2039256ba66a12fead20e750ecf9670d,2,3,"['-70,137', '-54,125', '-11,-135', '-10,-135']",4,road,"[[1, 3, 0], [1, 0, 0], [0, 0, 1], [0, 0, 2]]","[-36.25, -2.0]",2.294435983046395,1.2275232509298215e+22
603,0xf87e31492faf9a91b02ee0deaad50d51d56d5d4d,115792089237316195423570985008687907810394406433602317643072383471510334996505,6750000000000000000000,1643796944000,0x7dc90651edf2b86c7235b2f750603989d3f6e3fa,0,2,"['-126,25']",1,parcel,"[[0, 5, 0]]","[-126.0, 25.0]",2.697334799791993,1.8207009898595954e+22
604,0xf87e31492faf9a91b02ee0deaad50d51d56d5d4d,18375247813730677027022228801315483418730,5250000000000000000000,1643694092000,0xafb87bbfb6c7e718eee5d3332ccc3ac0586bc3ba,0,1,"['54,106']",1,parcel,"[[5, 4, 0]]","[54.0, 106.0]",2.838711845336331,1.4903237188015738e+22
605,0xf87e31492faf9a91b02ee0deaad50d51d56d5d4d,115792089237316195423570985008687907817540336138942025375803250227577467437076,8888000000000000000000,1641332718000,0x5c20b91f068f34681e0c583f2bfd7831d5589ea8,0,1,"['-105,20']",1,parcel,"[[4, 0, 0]]","[-105.0, 20.0]",3.1944964852537963,2.839268476093574e+22
606,0xf87e31492faf9a91b02ee0deaad50d51d56d5d4d,12250165209153784684681485867543655612356,5687000000000000000000,1641730370000,0xb751e91139c46f05e7ce659a38f5f11ebe2b2a50,0,1,"['35,-60']",1,parcel,"[[0, 0, 0]]","[35.0, -60.0]",2.955280483500563,1.6806680109667701e+22
607,0xf87e31492faf9a91b02ee0deaad50d51d56d5d4d,5104235503814076951950619111476523171788,11333000000000000000000,1643561948000,0xe5c26ab17fc5bbf7975290e40778c08308cbd6bb,0,1,"['14,-52']",1,parcel,"[[0, 0, 0]]","[14.0, -52.0]",2.5302591704510458,2.8675427178721705e+22
608,0xf87e31492faf9a91b02ee0deaad50d51d56d5d4d,1361129467683753853853498429727072845701,7300000000000000000000,1644195235000,0x0e164d8b2b837a5e170c016f1edd21a54d9613ca,0,1,"['-38,118', '3,-123', '24,49']",3,road,"[[0, 2, 0], [0, 0, 0], [0, 2, 0]]","[-3.6666666666666665, 14.666666666666666]",3.318725280995242,2.4226694551265266e+22
609,0xf87e31492faf9a91b02ee0deaad50d51d56d5d4d,2041694201525630780780247644590609268797,6444000000000000000000,1643257058000,0x4bdc1d674a97e8463951f5c390b0f1497b3c8a05,1,1,"['6,61']",1,parcel,"[[0, 0, 0]]","[6.0, 61.0]",2.1741773039497394,1.401039854665212e+22
610,0x2a187453064356c898cae034eaed119e1663acb8,67281687861520949620119923012107862078712909082671105671450289200519126695322,2500000000000000000000,1641077832000,0x2c5cba7b2ec6c634e9f5e557cfcc5c63279c5439,0,1,"['-46,10']",1,parcel,"[[0, 9, 0]]","[-46.0, 10.0]",3.362912168662877,8.407280421657193e+21
611,0xf87e31492faf9a91b02ee0deaad50d51d56d5d4d,9187623906865338513511114400657741709284,12500000000000000000000,1643924613000,0xf5d1eaf99d4b5f21e815288012870cd9ffe30d07,0,1,"['26,-28', '72,-19']",2,road,"[[0, 0, 0], [7, 2, 9]]","[49.0, -23.5]",2.6601644067675365,3.3252055084594205e+22
612,0xf87e31492faf9a91b02ee0deaad50d51d56d5d4d,115792089237316195423570985008687907838978125254961148573995850495778864758792,6888000000000000000000,1642463693000,0x3a261a9d5349114b4511ef2bb3251f9e19d3463b,4,4,"['-42,8']",1,parcel,"[[0, 0, 0]]","[-42.0, 8.0]",2.919809374476844,2.0111646971396503e+22
613,0x959e104e1a4db6317fa58f8295f586e1a978c297,1905,11000000000000000000000,1641491865000,0xa2c21d2b18eed2629d2a59789b10a5feb9d934c9,1,3,"['83,34', '84,34']",2,land,"[[8, 5, 0], [7, 5, 0]]","[83.5, 34.0]",3.3829650695793463,3.721261576537281e+22
614,0xf87e31492faf9a91b02ee0deaad50d51d56d5d4d,16673835979125984709705355764156642361418,11111000000000000000000,1641821568000,0xe4da5af777455fc91c3c5c7732eeb08f89988bd0,0,1,"['49,74']",1,parcel,"[[0, 0, 2]]","[49.0, 74.0]",2.832719320096719,3.1474344365594646e+22
615,0xf87e31492faf9a91b02ee0deaad50d51d56d5d4d,3402823669209384634633746074317682114621,5420000000000000000000,1642790090000,0xa0006aba8c87c026d0492185a1693983ecf0955f,1,1,"['10,61']",1,parcel,"[[0, 0, 0]]","[10.0, 61.0]",2.2301581473863834,1.2087457158834197e+22
616,0x959e104e1a4db6317fa58f8295f586e1a978c297,1891,6000000000000000000000,1641232711000,0x5ce213893956bbf4249a7f8a079331280065eec6,3,5,"['-135,-123', '-108,-62', '-91,-74', '-85,-35', '-70,-110', '-51,-130', '0,141', '6,-143', '8,-94', '9,61', '11,61', '12,-94', '37,-61', '40,-61', '43,59']",15,road,"[[0, 0, 0], [1, 0, 0], [4, 0, 0], [1, 0, 0], [0, 0, 0], [0, 0, 0], [1, 3, 0], [0, 0, 9], [0, 0, 2], [0, 0, 0], [0, 0, 0], [0, 0, 2], [2, 0, 0], [5, 0, 0], [6, 3, 8]]","[-24.933333333333334, -44.333333333333336]",3.2654965487737213,1.959297929264233e+22
617,0xf87e31492faf9a91b02ee0deaad50d51d56d5d4d,7145929705339707732730866756067132440665,5678000000000000000000,1640961082000,0xdf0ad28b7691dbdb6cca5ab152266135abaa1ee4,0,1,"['21,89']",1,parcel,"[[3, 2, 0]]","[21.0, 89.0]",3.2837753609862053,1.8645276499679675e+22
618,0xf87e31492faf9a91b02ee0deaad50d51d56d5d4d,7145929705339707732730866756067132440587,6249000000000000000000,1641921528000,0x846648b558334ccde1550bc909999b11ea6ecfe5,0,1,"['21,11']",1,parcel,"[[8, 0, 0]]","[21.0, 11.0]",2.943249112150101,1.839236370182598e+22
619,0xf87e31492faf9a91b02ee0deaad50d51d56d5d4d,14632141777600353928925108119566033092712,5600000000000000000000,1640376104000,0xf08b610ed0d92bb0f18cfcbfec693b27b82cbd55,0,2,"['43,104']",1,parcel,"[[7, 6, 0]]","[43.0, 104.0]",3.523907662586453,1.973388291048414e+22
620,0xf87e31492faf9a91b02ee0deaad50d51d56d5d4d,50361790304298892592579441899901695295461,4187000000000000000000,1640827391000,0x5e3af819e07398bac5d767238a146c4a1cabe247,0,3,"['-92,-142', '147,-27']",2,road,"[[0, 0, 0], [2, 0, 0]]","[27.5, -84.5]",3.2585024930271618,1.3643349938304727e+22
621,0xf87e31492faf9a91b02ee0deaad50d51d56d5d4d,115792089237316195423570985008687907844422643125696163989409844214687156142036,5233000000000000000000,1642195171000,0xb0cd4bebd4d1eff48b89d0e5ad1acc8eaa1de694,0,1,"['-27,-44']",1,parcel,"[[5, 0, 0]]","[-27.0, -44.0]",2.9626491224649576,1.5503542857859122e+22
622,0x959e104e1a4db6317fa58f8295f586e1a978c297,2909,56000000000000000000000,1640111901000,0x678d837fa15eba2b59f6cd5f9f4c580ac2dfc269,2,2,"['-149,-124', '-149,-125', '-146,31', '-146,-124', '-135,-61', '-116,-99', '-110,20', '-95,-40', '-94,-39', '-94,-40', '-93,-95', '-78,-108', '-78,-112', '-70,-138', '-66,-108', '-56,4', '-54,-30', '-46,-130', '-43,6', '-42,-27', '-29,-46', '-25,-122', '-18,4', '-6,-62', '8,-142', '10,-116', '12,-48', '19,21', '21,9', '30,-138', '39,-118', '40,60', '41,123', '56,112', '62,-137', '69,31', '86,-149', '106,-33', '111,-142', '119,-24', '120,-24', '124,-20', '126,-18', '137,-29', '143,-14', '145,-21', '145,-48', '145,-49', '145,-50', '145,-51', '146,-48', '146,-49', '146,-50', '146,-51', '147,-48', '147,-49', '147,-50', '147,-51', '148,-48', '148,-49', '148,-50', '148,-51', '149,-50', '149,-51']",64,land,"[[0, 0, 0], [0, 0, 0], [1, 2, 0], [0, 0, 0], [0, 0, 0], [7, 0, 0], [3, 0, 0], [4, 0, 0], [5, 0, 0], [5, 0, 0], [0, 0, 0], [0, 0, 0], [0, 0, 0], [0, 0, 0], [7, 0, 0], [3, 0, 0], [2, 0, 0], [0, 0, 0], [0, 0, 0], [7, 0, 0], [3, 0, 0], [1, 0, 0], [0, 0, 8], [2, 0, 9], [0, 0, 8], [3, 0, 0], [1, 0, 0], [9, 0, 0], [7, 0, 0], [2, 0, 0], [0, 0, 0], [8, 4, 0], [5, 7, 0], [3, 5, 0], [9, 0, 0], [0, 5, 0], [0, 0, 0], [4, 5, 0], [7, 3, 0], [0, 0, 0], [0, 0, 0], [0, 0, 0], [0, 0, 0], [8, 9, 0], [6, 0, 0], [4, 0, 0], [4, 6, 0], [4, 6, 0], [4, 6, 0], [4, 6, 0], [3, 7, 0], [3, 7, 0], [3, 7, 0], [3, 7, 0], [2, 8, 0], [2, 8, 0], [2, 8, 0], [2, 8, 0], [1, 9, 0], [1, 9, 0], [1, 9, 0], [1, 9, 0], [0, 0, 0], [0, 0, 0]]","[36.375, -51.171875]",3.302356930069449,1.8493198808388914e+23
623,0x959e104e1a4db6317fa58f8295f586e1a978c297,4559,120000000000000000000000,1644468849000,0xc3baa0fa5f21af0157548bebf57028516fca7a71,4,1,"['40,12', '40,11', '40,10', '40,9', '41,12', '41,11', '41,10', '41,9', '42,12', '42,11', '42,10', '42,9', '43,10', '43,9', '74,-144']",15,road,"[[9, 0, 0], [9, 0, 0], [8, 0, 0], [7, 0, 0], [8, 0, 0], [8, 0, 0], [8, 0, 0], [7, 0, 0], [7, 9, 0], [7, 9, 0], [7, 9, 0], [7, 9, 0], [6, 8, 0], [6, 8, 0], [0, 5, 0]]","[43.46666666666667, 0.06666666666666667]",3.3539721443673747,4.02476657324085e+23
624,0xf87e31492faf9a91b02ee0deaad50d51d56d5d4d,42195013498196369469458451321539258220540,3890000000000000000000,1640533575000,0x58ba70a884ef1ef46e3a785e3c051725ab583972,0,1,"['90,39', '123,-4']",2,road,"[[3, 0, 0], [2, 4, 0]]","[106.5, 17.5]",3.8824242067186656,1.5102630164135609e+22
625,0xf87e31492faf9a91b02ee0deaad50d51d56d5d4d,115792089237316195423570985008687907850207443363352117868287212541027215736775,5287000000000000000000,1642862808000,0xf3cf2e0e0aa43549f7af4c1879402a7796a1ff0f,0,4,"['-10,-57']",1,parcel,"[[2, 0, 0]]","[-10.0, -57.0]",2.0414460677600186,1.079312536024722e+22
626,0xf87e31492faf9a91b02ee0deaad50d51d56d5d4d,115792089237316195423570985008687907838978125254961148573995850495778864758722,7267000000000000000000,1640185982000,0x11f9ced89e64ea505ee44d07ea49848522729ba3,1,1,"['-43,-62']",1,parcel,"[[0, 0, 8]]","[-43.0, -62.0]",3.3014533515725324,2.3991661505877593e+22
627,0xf87e31492faf9a91b02ee0deaad50d51d56d5d4d,9187623906865338513511114400657741709237,5887000000000000000000,1641986439000,0x2066ee62d11754b0c3d543d9913a0c4b8cee6a96,0,1,"['26,-75']",1,parcel,"[[0, 0, 0]]","[26.0, -75.0]",2.943249112150101,1.7326907523227644e+22
628,0x959e104e1a4db6317fa58f8295f586e1a978c297,4028,26000000000000000000000,1642088529000,0xc20cad7162e9f76091c7cd5032e01ee9258b0c07,1,2,"['40,86', '40,85', '41,86', '41,85']",4,land,"[[6, 8, 0], [7, 9, 0], [6, 8, 0], [7, 8, 0]]","[40.5, 85.5]",2.904286712625543,7.551145452826412e+22
629,0xf87e31492faf9a91b02ee0deaad50d51d56d5d4d,2041694201525630780780247644590609268625,5188000000000000000000,1642342029000,0x394495a3800d1504b5686d398836baefebd0c5b7,0,2,"['5,-111']",1,parcel,"[[1, 0, 0]]","[5.0, -111.0]",3.124674912948848,1.6210813448378623e+22
630,0xf87e31492faf9a91b02ee0deaad50d51d56d5d4d,115792089237316195423570985008687907844762925492617102452873218822118924353414,5198000000000000000000,1644339421000,0xecef73d95760fab26006f52b73907c3b96c57a4a,5,2,"['-26,-122', '-25,-123']",2,road,"[[1, 0, 0], [0, 0, 0]]","[-25.5, -122.5]",3.495626507486707,1.8170266585915904e+22
631,0xf87e31492faf9a91b02ee0deaad50d51d56d5d4d,115792089237316195423570985008687907839318407621882087037459225103210632970364,5499000000000000000000,1642969256000,0x822cd9762117d7570b13f7791170937fbe4b17ab,0,1,"['-41,124', '138,-148']",2,road,"[[1, 5, 0], [1, 0, 0]]","[48.5, -12.0]",2.1191673192784792,1.1653301088712357e+22
632,0xf87e31492faf9a91b02ee0deaad50d51d56d5d4d,115792089237316195423570985008687907824686265844281733108534116983644599877618,7488000000000000000000,1643144501000,0x05dc04bba63eb9a570537d578b0619acdf3b744c,1,2,"['-85,-14']",1,parcel,"[[1, 9, 3]]","[-85.0, -14.0]",2.1260324733787064,1.5919731160659754e+22
633,0xf87e31492faf9a91b02ee0deaad50d51d56d5d4d,115792089237316195423570985008687907809713841699760440716145634256646798573497,5188000000000000000000,1641424527000,0x9b0a9f86f3594256e99aa345f9526e197147a88a,0,1,"['-129,-71', '-129,-72', '1,142']",3,road,"[[0, 0, 0], [0, 0, 0], [2, 4, 0]]","[-85.66666666666667, -0.3333333333333333]",2.9390688380014987,1.5247889131551775e+22
634,0xf87e31492faf9a91b02ee0deaad50d51d56d5d4d,115792089237316195423570985008687907846464337327221794770190091859277765410713,1490000000000000000000,1641622399000,0xe16803d17b62b06f6a779c92cca649fd2b80c95f,5,6,"['-21,-103']",1,parcel,"[[0, 0, 0]]","[-21.0, -103.0]",3.080049033207626,4.5892730594793625e+21
635,0xf87e31492faf9a91b02ee0deaad50d51d56d5d4d,115792089237316195423570985008687907808692994598997625325755510434351493939143,6399000000000000000000,1644069550000,0x9b7ff4b76c25acf840a41aa00136fb2bf01ae91d,3,2,"['-132,-57', '-109,-68']",2,road,"[[0, 0, 0], [0, 0, 0]]","[-120.5, -62.5]",3.047315041602274,1.949976895121295e+22
636,0xf87e31492faf9a91b02ee0deaad50d51d56d5d4d,14632141777600353928925108119566033092597,4699000000000000000000,1640694939000,0x179e0a8f8b06623369e813bcfa8d63376b4c80c6,0,5,"['42,-11']",1,parcel,"[[7, 0, 0]]","[42.0, -11.0]",3.381781434798159,1.589099096211655e+22
637,0xf87e31492faf9a91b02ee0deaad50d51d56d5d4d,115792089237316195423570985008687907817200053772021086912339875620145699225536,5920000000000000000000,1643049793000,0x33d4121621bda25683ebc2dc024261316e4bedf1,0,1,"['-107,-64']",1,parcel,"[[0, 0, 0]]","[-107.0, -64.0]",2.097272260649448,1.2415851783044733e+22
638,0xf87e31492faf9a91b02ee0deaad50d51d56d5d4d,49340943203536077202189318077606390661092,5600000000000000000000,1640257896000,0xae064428d9aeeb87fb1489360bbec12cb7ff77dd,0,3,"['140,-20', '144,-28', '146,-24']",3,road,"[[9, 0, 0], [5, 0, 0], [3, 0, 0]]","[143.33333333333334, -24.0]",3.3014533515725324,1.8488138768806182e+22
639,0x959e104e1a4db6317fa58f8295f586e1a978c297,4570,9850000000000000000000,1644660470000,0xc1d462d43308c9db0ac1802fb59a686dbe743c0e,0,1,"['143,-21', '143,-22']",2,land,"[[6, 0, 0], [6, 0, 0]]","[143.0, -21.5]",2.934937766523291,2.8909137000254417e+22
640,0xf87e31492faf9a91b02ee0deaad50d51d56d5d4d,115792089237316195423570985008687907827748807146570179279704488450530513780685,5678000000000000000000,1642605136000,0x3925ab6eb7b4755746f17d639c7edec7dd4881cb,3,2,"['-88,-19', '-87,-19', '-76,-51', '-76,-52']",4,road,"[[4, 6, 8], [5, 7, 8], [2, 0, 4], [2, 0, 4]]","[-81.75, -35.25]",2.743729245505247,1.5578894655978792e+22
641,0xf87e31492faf9a91b02ee0deaad50d51d56d5d4d,17014118346046923173168730371588410572911,5188000000000000000000,1643557163000,0xa200bf8088043c635944416a76995b4ad3674346,0,1,"['50,111']",1,parcel,"[[9, 9, 0]]","[50.0, 111.0]",2.5302591704510458,1.3126984576300025e+22
642,0xf87e31492faf9a91b02ee0deaad50d51d56d5d4d,115792089237316195423570985008687907823665418743518917718143993161349295243245,6666000000000000000000,1642695502000,0x3925ab6eb7b4755746f17d639c7edec7dd4881cb,1,1,"['-88,-19', '-87,-19', '-76,-51', '-76,-52']",4,road,"[[4, 6, 8], [5, 7, 8], [2, 0, 4], [2, 0, 4]]","[-81.75, -35.25]",2.6360883603314003,1.7572165009969112e+22
643,0xf87e31492faf9a91b02ee0deaad50d51d56d5d4d,115792089237316195423570985008687907827068242412728302352777739235666977357859,6249000000000000000000,1643399819000,0xd84d7173eded010123443173715a338f681d7d53,1,2,"['-77,35']",1,parcel,"[[0, 1, 0]]","[-77.0, 35.0]",2.294435983046395,1.4337930458056922e+22
644,0xf87e31492faf9a91b02ee0deaad50d51d56d5d4d,8507059173023461586584365185794205286343,5222000000000000000000,1641075218000,0x9cc4f2332af0b6a63ba88bd790c9061271580588,1,2,"['24,-57', '24,-58']",2,road,"[[0, 0, 0], [0, 0, 0]]","[24.0, -57.5]",3.362912168662877,1.7561127344757545e+22
645,0xf87e31492faf9a91b02ee0deaad50d51d56d5d4d,115792089237316195423570985008687907828429371880412056206631237665394050203587,15650000000000000000000,1644176447000,0x959e104e1a4db6317fa58f8295f586e1a978c297,0,1,[],0,,[],[0],3.318725280995242,5.193805064757553e+22
646,0xf87e31492faf9a91b02ee0deaad50d51d56d5d4d,1020847100762815390390123822295304634431,11000000000000000000000,1643688135000,0xd1b788a5265d140a76ccf911d204fb699ae6deb7,1,1,"['2,63', '3,63']",2,road,"[[0, 0, 0], [0, 0, 0]]","[2.5, 63.0]",2.838711845336331,3.1225830298699644e+22
647,0xf87e31492faf9a91b02ee0deaad50d51d56d5d4d,115792089237316195423570985008687907824345983477360794645070742376212831666056,5100000000000000000000,1643792418000,0x6e6ee1d11e05998c77c4cb2dca3b8cf7e397e498,0,1,"['-86,-120']",1,parcel,"[[0, 0, 0]]","[-86.0, -120.0]",2.697334799791993,1.3756407478939166e+22
648,0xf87e31492faf9a91b02ee0deaad50d51d56d5d4d,115792089237316195423570985008687907813456947735890763814242754938396248899521,6000000000000000000000,1641318465000,0x9c177efe6094c8969bd4009b03b1caabe64bdeb2,6,3,"['-118,-63', '-42,-68']",2,road,"[[0, 0, 0], [1, 0, 9]]","[-80.0, -65.5]",3.1944964852537963,1.916697891152278e+22
649,0x959e104e1a4db6317fa58f8295f586e1a978c297,2033,195000000000000000000000,1643251027000,0xf5d1eaf99d4b5f21e815288012870cd9ffe30d07,6,2,"['26,-28', '57,85', '57,84', '57,83', '57,81', '58,85', '58,84', '58,83', '58,82', '58,81', '59,84', '59,81', '72,-19']",13,road,"[[0, 0, 0], [2, 4, 0], [2, 4, 0], [2, 4, 0], [2, 4, 9], [1, 3, 0], [1, 3, 0], [1, 3, 0], [1, 3, 0], [1, 3, 9], [0, 2, 0], [0, 2, 9], [7, 2, 9]]","[56.46153846153846, 66.61538461538461]",2.1741773039497394,4.239645742701992e+23
650,0xf87e31492faf9a91b02ee0deaad50d51d56d5d4d,115792089237316195423570985008687907811074971167444194569999132686373871419320,6000000000000000000000,1641729016000,0x6115a1b416b86185d9007c9186930ebd1f33af6b,1,2,"['-125,-72']",1,parcel,"[[0, 0, 0]]","[-125.0, -72.0]",2.954629844358916,1.7727779066153496e+22
651,0xf87e31492faf9a91b02ee0deaad50d51d56d5d4d,20076659648335369344339101838474324475785,5555000000000000000000,1642462967000,0x271d5a5134a10fc8975fea0f7d5b8d1e906b37a5,9,3,"['58,-119']",1,parcel,"[[1, 0, 0]]","[58.0, -119.0]",2.919809374476844,1.621954107521887e+22
652,0x959e104e1a4db6317fa58f8295f586e1a978c297,423,11000000000000000000000,1643923368000,0x7a3fa9528f29368a8da38e371aa09885738184e4,3,1,"['-133,-61', '-133,-62']",2,land,"[[0, 0, 0], [0, 0, 0]]","[-133.0, -61.5]",2.6601644067675365,2.9261808474442902e+22
653,0xf87e31492faf9a91b02ee0deaad50d51d56d5d4d,115792089237316195423570985008687907840679537089565840891312723532937705815957,5777000000000000000000,1642195051000,0x607e9d058af38fe123330d510d9d736dc40e8d25,0,1,"['-38,-107']",1,parcel,"[[0, 0, 0]]","[-38.0, -107.0]",2.9626491224649576,1.711522398048006e+22
654,0xf87e31492faf9a91b02ee0deaad50d51d56d5d4d,20076659648335369344339101838474324475899,4648000000000000000000,1640373590000,0x29b79ad1730dc87b5923d47554436501b5d05b84,0,1,"['58,-5', '58,-7', '75,38']",3,road,"[[4, 9, 0], [6, 9, 0], [0, 1, 0]]","[63.666666666666664, 8.666666666666666]",3.523907662586453,1.6379122815701835e+22
655,0xf87e31492faf9a91b02ee0deaad50d51d56d5d4d,115792089237316195423570985008687907841360101823407717818239472747801242238956,4450000000000000000000,1640960694000,0xf7f42a60739f73dec58e4a54a2e775a1b2f366ba,1,3,"['-36,-20']",1,parcel,"[[0, 0, 0]]","[-36.0, -20.0]",3.2837753609862053,1.4612800356388614e+22
656,0x959e104e1a4db6317fa58f8295f586e1a978c297,4600,18500000000000000000000,1642783242000,0x4a34d03130503961f656fb9d26c5aec511d8eccc,2,1,"['6,-142', '54,111', '54,110', '60,-16']",4,road,"[[0, 0, 8], [5, 7, 0], [5, 7, 0], [8, 7, 0]]","[43.5, 15.75]",2.2301581473863834,4.125792572664809e+22
657,0xf87e31492faf9a91b02ee0deaad50d51d56d5d4d,115792089237316195423570985008687907809713841699760440716145634256646798573496,5188000000000000000000,1641424503000,0x9b0a9f86f3594256e99aa345f9526e197147a88a,0,1,"['-129,-71', '-129,-72', '1,142']",3,road,"[[0, 0, 0], [0, 0, 0], [2, 4, 0]]","[-85.66666666666667, -0.3333333333333333]",2.9390688380014987,1.5247889131551775e+22
658,0xf87e31492faf9a91b02ee0deaad50d51d56d5d4d,115792089237316195423570985008687907823325136376597979254680618553917527031788,5680000000000000000000,1644466067000,0x8750d371ab43d645de0c132261d36be52ddffcc5,0,1,"['-89,-20']",1,parcel,"[[3, 5, 9]]","[-89.0, -20.0]",3.3539721443673747,1.905056178000669e+22
659,0xf87e31492faf9a91b02ee0deaad50d51d56d5d4d,13271012309916600075071609689838960246759,6555000000000000000000,1642862355000,0x87a95295b64c1ea849e38c3849da60a40f4f7e76,0,1,"['38,-25']",1,parcel,"[[0, 0, 0]]","[38.0, -25.0]",2.0414460677600186,1.3381678974166922e+22
660,0xf87e31492faf9a91b02ee0deaad50d51d56d5d4d,115792089237316195423570985008687907818561183239704840766193374049872772071332,4890000000000000000000,1641921495000,0xe832180699c39ea1bf5924bde675adb5d6df2263,6,4,"['-103,-92']",1,parcel,"[[0, 0, 0]]","[-103.0, -92.0]",2.943249112150101,1.4392488158413992e+22
661,0xf87e31492faf9a91b02ee0deaad50d51d56d5d4d,47639531368931384884872445040447549603826,4175000000000000000000,1641229189000,0xb1cb34a97beb6156805f274e24ccf81b1e00c93b,0,1,"['139,-14']",1,parcel,"[[0, 0, 0]]","[139.0, -14.0]",3.2654965487737213,1.3633448091130287e+22
662,0xf87e31492faf9a91b02ee0deaad50d51d56d5d4d,115792089237316195423570985008687907844422643125696163989409844214687156142037,4988000000000000000000,1642088138000,0xd958771b0a77e3d13cdcdd0ee4f0d03358e82be6,1,1,"['-27,-43']",1,parcel,"[[6, 0, 0]]","[-27.0, -43.0]",2.904286712625543,1.4486582122576209e+22
663,0xf87e31492faf9a91b02ee0deaad50d51d56d5d4d,115792089237316195423570985008687907848506031528747425550970339503868374679581,5800000000000000000000,1642965565000,0x546c7f384b0b43280486976975d5538eda082cef,3,4,"['-14,29']",1,parcel,"[[0, 0, 0]]","[-14.0, 29.0]",2.1191673192784792,1.229117045181518e+22
664,0xf87e31492faf9a91b02ee0deaad50d51d56d5d4d,115792089237316195423570985008687907815838924304337333058486377190418626379731,5725000000000000000000,1644339181000,0x9c82f844c9c25fe72f2a340537fe8d4db858a659,1,1,"['-111,-45']",1,parcel,"[[0, 0, 0]]","[-111.0, -45.0]",3.495626507486707,2.0012461755361395e+22
665,0xf87e31492faf9a91b02ee0deaad50d51d56d5d4d,10548753374549092367364612830384814555063,5687000000000000000000,1641818234000,0x30ba6c034a9bdcf6967b8890b6218ddbe5bb3758,0,1,"['30,-73']",1,parcel,"[[0, 0, 0]]","[30.0, -73.0]",2.832719320096719,1.6109674773390041e+22
666,0xf87e31492faf9a91b02ee0deaad50d51d56d5d4d,40493601663591677152141578284380417163249,3999000000000000000000,1640532495000,0xef6bec661e630ff6e53e2ffa093c8d4efe3ee94e,0,3,"['118,-15']",1,parcel,"[[0, 0, 0]]","[118.0, -15.0]",3.8824242067186656,1.5525814402667944e+22
667,0xf87e31492faf9a91b02ee0deaad50d51d56d5d4d,6125082604576892342340742933771827806184,6666000000000000000000,1642339906000,0x0f9c8e98d122fb54fdcd65fc796eecbf74913307,0,1,"['17,-24']",1,parcel,"[[0, 0, 0]]","[17.0, -24.0]",3.124674912948848,2.0829082969717017e+22
668,0x959e104e1a4db6317fa58f8295f586e1a978c297,4566,25000000000000000000000,1641488503000,0x511ce1412b01c3af876120b0cff8c19873c55d49,1,1,"['24,141', '24,140', '25,141', '25,140']",4,land,"[[1, 8, 0], [0, 7, 0], [1, 8, 0], [0, 7, 0]]","[24.5, 140.5]",3.3829650695793463,8.457412673948366e+22
669,0xf87e31492faf9a91b02ee0deaad50d51d56d5d4d,7826494439181584659657615970930668863577,4450000000000000000000,1640109516000,0x4ba375f311f83030851a7a98e69caf80f2954c1e,1,3,"['23,89']",1,parcel,"[[3, 3, 0]]","[23.0, 89.0]",3.302356930069449,1.4695488338809049e+22
670,0xf87e31492faf9a91b02ee0deaad50d51d56d5d4d,24840612785228507832826346342519079436322,5444000000000000000000,1640184787000,0xb198e5f2592d7c07c22c9a2c0ed1c2262afe1df5,0,2,"['73,34']",1,parcel,"[[0, 3, 0]]","[73.0, 34.0]",3.3014533515725324,1.7973112045960866e+22
671,0xf87e31492faf9a91b02ee0deaad50d51d56d5d4d,18715530180651615490485603408747251630042,4708000000000000000000,1640825309000,0x9b6096c3f5c04b047d3e3ea48016b441f04f4c12,2,1,"['54,-38']",1,parcel,"[[2, 0, 0]]","[54.0, -38.0]",3.2585024930271618,1.5341029737171878e+22
672,0xf87e31492faf9a91b02ee0deaad50d51d56d5d4d,115792089237316195423570985008687907851568572831035871722140710970754288582599,5287000000000000000000,1641986340000,0x0e4fdc385bc5c9328424f9e9f372c0087707d09e,1,3,"['-6,-57']",1,parcel,"[[2, 0, 0]]","[-6.0, -57.0]",2.943249112150101,1.5560958055937586e+22
673,0x959e104e1a4db6317fa58f8295f586e1a978c297,353,13999000000000000000000,1643143213000,0xf3e8417e5905f0a8c0fdda5456eecb12da3fd034,4,2,"['5,25', '5,24']",2,land,"[[3, 0, 0], [3, 0, 0]]","[5.0, 24.5]",2.1260324733787064,2.976232859482851e+22
674,0xf87e31492faf9a91b02ee0deaad50d51d56d5d4d,38111625095145107907897956032358039683052,4420000000000000000000,1641621275000,0xe4f1ffb476d5c3d10b270988527f2bde649c3a15,1,3,"['-58,-134', '111,-20']",2,road,"[[0, 0, 0], [0, 0, 0]]","[26.5, -77.0]",3.080049033207626,1.3613816726777705e+22
675,0x959e104e1a4db6317fa58f8295f586e1a978c297,4599,49500000000000000000000,1643048959000,0xcf0e97a0db5c3fc82fc43b0594bb5b2e8936e32a,3,2,"['59,-21', '59,-22', '60,-21', '60,-22']",4,land,"[[7, 8, 0], [7, 8, 0], [8, 7, 0], [8, 7, 0]]","[59.5, -21.5]",2.097272260649448,1.0381497690214768e+23
676,0xf87e31492faf9a91b02ee0deaad50d51d56d5d4d,115792089237316195423570985008687907828429371880412056206631237665394050203588,15650000000000000000000,1644176439000,0x959e104e1a4db6317fa58f8295f586e1a978c297,0,1,[],0,,[],[0],3.318725280995242,5.193805064757553e+22
677,0xf87e31492faf9a91b02ee0deaad50d51d56d5d4d,115792089237316195423570985008687907841360101823407717818239472747801242238963,5950000000000000000000,1644657655000,0xbd30f335272e6557df6a5467eddff592debc2c44,0,1,"['-36,-13']",1,parcel,"[[0, 0, 0]]","[-36.0, -13.0]",2.934937766523291,1.7462879710813585e+22
678,0x959e104e1a4db6317fa58f8295f586e1a978c297,4639,23988000000000000000000,1643390045000,0x8567bc1940cf5e8b18bbcc3c27a6bd7619caf527,0,1,"['-34,-102', '-34,-103', '-33,-102', '-33,-103', '-32,-102', '-32,-103']",6,road,"[[0, 0, 0], [0, 0, 0], [0, 0, 0], [0, 0, 0], [0, 0, 0], [0, 0, 0]]","[-33.0, -102.5]",2.294435983046395,5.503893036131692e+22
679,0xf87e31492faf9a91b02ee0deaad50d51d56d5d4d,115792089237316195423570985008687907843061513658012410135556345784960083296325,5150000000000000000000,1644062599000,0x46adff250ca2dbfebd33da1544342c894ede625a,0,3,"['-30,69']",1,parcel,"[[0, 6, 0]]","[-30.0, 69.0]",3.047315041602274,1.5693672464251712e+22
680,0xf87e31492faf9a91b02ee0deaad50d51d56d5d4d,19736377281414430880875727231042556264495,6000000000000000000000,1642603745000,0x5d176ee615edf39c3c4a4616f953c49241ce8587,0,1,"['-75,-49', '58,47']",2,road,"[[1, 0, 3], [2, 1, 4]]","[-8.5, -1.0]",2.743729245505247,1.646237547303148e+22
681,0xf87e31492faf9a91b02ee0deaad50d51d56d5d4d,22118353849861000125119349483064933744610,4249000000000000000000,1640688119000,0xb59f90c30cb4129d5f11b1d0147495b9b0af8df9,0,2,"['64,-30']",1,parcel,"[[7, 9, 0]]","[64.0, -30.0]",3.7605323255684633,1.59785018513404e+22
682,0xf87e31492faf9a91b02ee0deaad50d51d56d5d4d,41514448764354492542531702106675721797625,6100000000000000000000,1642694551000,0xf4ba497f8bdd7a9e0f65f4c918f20b70d5b75c5f,0,3,"['121,-7']",1,parcel,"[[5, 7, 0]]","[121.0, -7.0]",2.6360883603314003,1.6080138998021542e+22
683,0xf87e31492faf9a91b02ee0deaad50d51d56d5d4d,8507059173023461586584365185794205286342,5222000000000000000000,1641075165000,0x9cc4f2332af0b6a63ba88bd790c9061271580588,1,2,"['24,-57', '24,-58']",2,road,"[[0, 0, 0], [0, 0, 0]]","[24.0, -57.5]",3.362912168662877,1.7561127344757545e+22
684,0xf87e31492faf9a91b02ee0deaad50d51d56d5d4d,3743106036130323098097120681749450325971,5497000000000000000000,1643681378000,0xb0b3bda3124525da505ebcac54dda3f2e6c30f15,0,1,"['10,-45']",1,parcel,"[[4, 0, 0]]","[10.0, -45.0]",2.838711845336331,1.5604399013813811e+22
685,0x959e104e1a4db6317fa58f8295f586e1a978c297,1399,27900000000000000000000,1643543317000,0xc70650c50487853ed6ff692945cd05a446a95536,2,1,"['-49,15', '-48,15']",2,land,"[[0, 7, 0], [0, 8, 0]]","[-48.5, 15.0]",2.3763648429587017,6.630057911854778e+22
686,0x959e104e1a4db6317fa58f8295f586e1a978c297,4599,21988000000000000000000,1643782508000,0xcf0e97a0db5c3fc82fc43b0594bb5b2e8936e32a,3,2,"['59,-21', '59,-22', '60,-21', '60,-22']",4,land,"[[7, 8, 0], [7, 8, 0], [8, 7, 0], [8, 7, 0]]","[59.5, -21.5]",2.697334799791993,5.930899757782634e+22
687,0xf87e31492faf9a91b02ee0deaad50d51d56d5d4d,41514448764354492542531702106675721797617,4200000000000000000000,1640256884000,0x167e6c08433e81bd709179b2afc23de517c70c23,0,3,"['121,-15', '139,-147']",2,road,"[[0, 0, 0], [2, 9, 0]]","[130.0, -81.0]",3.3014533515725324,1.3866104076604635e+22
688,0xf87e31492faf9a91b02ee0deaad50d51d56d5d4d,115792089237316195423570985008687907850547725730273056331750587148458983948165,6299000000000000000000,1643921158000,0xec1ae93d1c82e90ab10a0798196934c82e18827d,0,1,"['-9,-123']",1,parcel,"[[0, 0, 8]]","[-9.0, -123.0]",2.6601644067675365,1.6756375598228713e+22
689,0xf87e31492faf9a91b02ee0deaad50d51d56d5d4d,115792089237316195423570985008687907841700384190328656281702847355233010450327,6450000000000000000000,1643250780000,0x776d1858a019a5371054d1baab87d94463bb0c69,0,1,"['-35,-105', '18,-102']",2,road,"[[0, 0, 0], [0, 0, 0]]","[-8.5, -103.5]",2.1741773039497394,1.4023443610475818e+22
690,0xf87e31492faf9a91b02ee0deaad50d51d56d5d4d,9187623906865338513511114400657741709239,4988000000000000000000,1641718240000,0xe1482d720065e1ad0609f887e2a9797bc1d4846e,0,1,"['26,-73']",1,parcel,"[[1, 0, 0]]","[26.0, -73.0]",2.954629844358916,1.4737693663662273e+22
691,0xf87e31492faf9a91b02ee0deaad50d51d56d5d4d,115792089237316195423570985008687907839318407621882087037459225103210632970362,5287000000000000000000,1642434869000,0xe6c649d166d5010cdaf0ed4f02919f08ed2c54b7,0,1,"['-41,122']",1,parcel,"[[1, 5, 0]]","[-41.0, 122.0]",2.919809374476844,1.5437032162859076e+22
692,0xf87e31492faf9a91b02ee0deaad50d51d56d5d4d,41174166397433554079068327499243953586163,4150000000000000000000,1640108267000,0x4326804e883dab030d988fc498aec20e5b6c4f64,0,1,"['120,-13']",1,parcel,"[[0, 0, 0]]","[120.0, -13.0]",3.302356930069449,1.3704781259788213e+22
693,0x959e104e1a4db6317fa58f8295f586e1a978c297,3535,40000000000000000000000,1640959199000,0x8dbfbd35f8bc9622ef907c372f4d91188d4de8b3,7,5,"['35,-71', '35,-72', '35,-73', '35,-74', '35,-75', '36,-71', '36,-72', '36,-73', '36,-74', '36,-75', '37,-71', '37,-72', '37,-73', '37,-74', '37,-75']",15,land,"[[0, 0, 0], [0, 0, 0], [0, 0, 0], [0, 0, 0], [0, 0, 0], [1, 0, 0], [1, 0, 0], [1, 0, 0], [1, 0, 0], [1, 0, 0], [2, 0, 0], [2, 0, 0], [2, 0, 0], [2, 0, 0], [2, 0, 0]]","[36.0, -73.0]",3.2837753609862053,1.313510144394482e+23
694,0xf87e31492faf9a91b02ee0deaad50d51d56d5d4d,115792089237316195423570985008687907806991582764392933008438637397192652881869,4420000000000000000000,1640370602000,0xc164330f832b80e8483aab6d3875c51d50002f7e,1,3,"['-137,-51']",1,parcel,"[[1, 0, 0]]","[-137.0, -51.0]",3.523907662586453,1.5575671868632123e+22
695,0x959e104e1a4db6317fa58f8295f586e1a978c297,4572,25888000000000000000000,1641415534000,0xd8dea6275144b0b5cb742771344a91f48eab4335,0,1,"['-89,-99', '-89,-100', '-88,-100', '-87,-99', '-87,-100']",5,land,"[[0, 0, 0], [0, 0, 0], [0, 0, 0], [0, 0, 0], [0, 0, 0]]","[-88.0, -99.6]",2.9390688380014987,7.60866140781828e+22
696,0xf87e31492faf9a91b02ee0deaad50d51d56d5d4d,115792089237316195423570985008687907843742078391854287062483094999823619719314,3600000000000000000000,1641313014000,0xd94a7c3d987803ba0c154a4ba5fe855631d5ec6c,0,3,"['-28,146']",1,parcel,"[[6, 8, 0]]","[-28.0, 146.0]",3.1944964852537963,1.1500187346913666e+22
697,0x959e104e1a4db6317fa58f8295f586e1a978c297,2772,9498000000000000000000,1644324625000,0xc143759083a5cc47b8f23e1a8aa8fddb6ebf6041,1,2,"['-75,-63', '-60,-13', '-43,-70', '-43,-71', '-42,-70', '-42,-71', '-38,102', '-1,46', '13,14', '18,-84', '43,-5']",11,road,"[[1, 0, 3], [8, 3, 0], [2, 0, 8], [1, 0, 8], [2, 0, 9], [1, 0, 9], [0, 2, 0], [0, 5, 0], [2, 0, 4], [0, 0, 7], [4, 0, 0]]","[-24.545454545454547, -25.90909090909091]",3.495626507486707,3.320146056810874e+22
698,0xf87e31492faf9a91b02ee0deaad50d51d56d5d4d,19055812547572553953948978016179019841411,4850000000000000000000,1641919723000,0xbcbbd216c2b665811767bcc02569803b1c620c9d,0,4,"['55,-125']",1,parcel,"[[7, 0, 0]]","[55.0, -125.0]",2.943249112150101,1.4274758193927988e+22
699,0x959e104e1a4db6317fa58f8295f586e1a978c297,4571,9000000000000000000000,1642194724000,0xe16803d17b62b06f6a779c92cca649fd2b80c95f,1,1,"['-21,-103']",1,parcel,"[[0, 0, 0]]","[-21.0, -103.0]",2.9626491224649576,2.666384210218462e+22
700,0xf87e31492faf9a91b02ee0deaad50d51d56d5d4d,12590447576074723148144860474975423824003,5499000000000000000000,1641986290000,0x44d9394234a9e8d0d01c9897ae0c35d1e38d18b4,0,1,"['37,131']",1,parcel,"[[1, 9, 0]]","[37.0, 131.0]",2.943249112150101,1.6184926867713407e+22
701,0xf87e31492faf9a91b02ee0deaad50d51d56d5d4d,42535295865117307932921825928971026431993,4450000000000000000000,1641227204000,0x400aabcbbe8348b463a5ed2c0eba227a60c731be,0,2,"['124,-7']",1,parcel,"[[5, 7, 0]]","[124.0, -7.0]",3.2654965487737213,1.453145964204306e+22
702,0xf87e31492faf9a91b02ee0deaad50d51d56d5d4d,47639531368931384884872445040447549603692,5070000000000000000000,1642316347000,0x2beccefc0bfd86711449b70a64ba89ecfbea2478,1,2,"['105,-139', '139,-148']",2,road,"[[0, 0, 0], [1, 0, 0]]","[122.0, -143.5]",2.9998911780482875,1.5209448272704819e+22
703,0xf87e31492faf9a91b02ee0deaad50d51d56d5d4d,1020847100762815390390123822295304634321,10000000000000000000000,1644453161000,0xe0faba4256e2ca17442dc54e59c1c3f6ef8c216e,2,1,"['2,-46', '2,-47', '7,-18']",3,road,"[[0, 0, 0], [0, 0, 0], [0, 0, 8]]","[3.6666666666666665, -37.0]",3.3539721443673747,3.3539721443673746e+22
704,0xf87e31492faf9a91b02ee0deaad50d51d56d5d4d,115792089237316195423570985008687907843742078391854287062483094999823619719194,7000000000000000000000,1642959862000,0xf0bf2535207174593fb23bfa98b000a72daa2538,0,1,"['-41,42', '-28,26', '136,-149']",3,road,"[[0, 9, 0], [0, 0, 0], [0, 0, 0]]","[22.333333333333332, -27.0]",2.1191673192784792,1.4834171234949356e+22
705,0x2a187453064356c898cae034eaed119e1663acb8,104023018376319391502834434317192108221334512758067259925963362595278292324248,100000000000000000000,1640521296000,0xd7f3fa4055265ad2165faa153188f3a12689fe5e,0,1,[],0,,[],[0],3.8824242067186656,3.8824242067186654e+20
706,0xf87e31492faf9a91b02ee0deaad50d51d56d5d4d,115792089237316195423570985008687907850207443363352117868287212541027215736775,4250000000000000000000,1641487680000,0xf3cf2e0e0aa43549f7af4c1879402a7796a1ff0f,0,4,"['-10,-57']",1,parcel,"[[2, 0, 0]]","[-10.0, -57.0]",3.3829650695793463,1.4377601545712221e+22
707,0xf87e31492faf9a91b02ee0deaad50d51d56d5d4d,115792089237316195423570985008687907820943159808151410010436996301895149551594,6700000000000000000000,1641814571000,0x1156bf625b37623a86d004e66e0a01ec4b17e051,4,4,"['-96,-21', '-96,-22', '-95,-21']",3,road,"[[0, 1, 0], [1, 2, 0], [0, 1, 0]]","[-95.66666666666667, -21.333333333333332]",2.955280483500563,1.980037923945377e+22
708,0xf87e31492faf9a91b02ee0deaad50d51d56d5d4d,9868188640707215440437863615521278132190,6555000000000000000000,1642085835000,0xdc568e75bba665aeb4543ee9c2e4bea44c310f75,1,2,"['28,-34']",1,parcel,"[[0, 0, 0]]","[28.0, -34.0]",2.904286712625543,1.9037599401260435e+22
709,0xf87e31492faf9a91b02ee0deaad50d51d56d5d4d,115792089237316195423570985008687907820943159808151410010436996301895149551518,5149000000000000000000,1642862155000,0xd10f84a4e2fd26a94992b5957ce0e1e3de13f075,0,2,"['-96,-98']",1,parcel,"[[0, 0, 0]]","[-96.0, -98.0]",2.0414460677600186,1.0511405802896335e+22
710,0xf87e31492faf9a91b02ee0deaad50d51d56d5d4d,115792089237316195423570985008687907828769654247332994670094612272825818415124,5287000000000000000000,1640819441000,0xd4c616978e6e00b99052789acf0bf6e2ea39e2d8,0,4,"['-72,20']",1,parcel,"[[8, 2, 0]]","[-72.0, 20.0]",3.2585024930271618,1.7227702680634605e+22
711,0xf87e31492faf9a91b02ee0deaad50d51d56d5d4d,8847341539944400050047739793225973497754,4888000000000000000000,1640181748000,0x272e9e756cf676ca79fea47f5797272e97d21e2e,0,1,"['25,-102']",1,parcel,"[[4, 0, 0]]","[25.0, -102.0]",3.3014533515725324,1.6137503982486538e+22
712,0xf87e31492faf9a91b02ee0deaad50d51d56d5d4d,115792089237316195423570985008687907844762925492617102452873218822118924353492,5499000000000000000000,1643140406000,0xc00decf73b870a49c09a96f42447d5c6d092d7d9,0,1,"['-26,-44']",1,parcel,"[[5, 0, 0]]","[-26.0, -44.0]",2.1260324733787064,1.1691052571109506e+22
713,0xf87e31492faf9a91b02ee0deaad50d51d56d5d4d,17354400712967861636632104979020178784126,5200000000000000000000,1642782901000,0x40424a17f9634eeae02966f308d6dac2a06b441c,3,2,"['50,-130']",1,parcel,"[[0, 0, 0]]","[50.0, -130.0]",2.2301581473863834,1.1596822366409193e+22
714,0xf87e31492faf9a91b02ee0deaad50d51d56d5d4d,115792089237316195423570985008687907839318407621882087037459225103210632970304,6000000000000000000000,1644172718000,0x006b082e8a781fdbaf499fd11aacfcebaf83d382,1,3,"['-41,64']",1,parcel,"[[8, 1, 0]]","[-41.0, 64.0]",3.318725280995242,1.991235168597145e+22
715,0x959e104e1a4db6317fa58f8295f586e1a978c297,4653,9950000000000000000000,1643389407000,0x4a1bf5d5f3a824c4353614369451d5233d4d6f06,1,1,"['-131,-145', '-106,-25', '-49,-58', '-49,-59', '9,-22', '19,8', '23,129', '23,128', '24,129', '24,128', '54,31']",11,road,"[[0, 0, 0], [1, 5, 0], [0, 0, 2], [0, 0, 2], [0, 0, 0], [6, 0, 8], [0, 0, 0], [0, 0, 0], [0, 0, 0], [0, 0, 0], [2, 5, 0]]","[-14.454545454545455, 22.181818181818183]",2.294435983046395,2.2829638031311632e+22
716,0x959e104e1a4db6317fa58f8295f586e1a978c297,1135,11000000000000000000000,1641620182000,0xc926e3416be04716900d715eec86f81b7cac7149,6,3,"['-39,148', '-39,147']",2,land,"[[8, 0, 0], [7, 9, 0]]","[-39.0, 147.5]",3.080049033207626,3.3880539365283885e+22
717,0xf87e31492faf9a91b02ee0deaad50d51d56d5d4d,5444517870735015415413993718908291383306,10200000000000000000000,1644654822000,0x87b9a671d18e6ff8bba7f7dd681da2d818274222,2,2,"['16,10']",1,parcel,"[[3, 0, 5]]","[16.0, 10.0]",2.934937766523291,2.993636521853757e+22
718,0xf87e31492faf9a91b02ee0deaad50d51d56d5d4d,115792089237316195423570985008687907839998972355723963964385974318074169393273,5677000000000000000000,1643042811000,0x4ee21366a80de48cd9124e103d686e6308498209,0,1,"['-39,121']",1,parcel,"[[1, 3, 0]]","[-39.0, 121.0]",2.097272260649448,1.1906214623706916e+22
719,0x959e104e1a4db6317fa58f8295f586e1a978c297,4546,60000000000000000000000,1642603739000,0xb7ed78e4511c031feeef5182edb89b3e900cf4aa,2,1,"['-46,8', '-46,7', '-45,8', '-45,7']",4,land,"[[0, 9, 0], [0, 9, 0], [0, 0, 0], [0, 0, 0]]","[-45.5, 7.5]",2.743729245505247,1.646237547303148e+23
720,0xf87e31492faf9a91b02ee0deaad50d51d56d5d4d,115792089237316195423570985008687907817540336138942025375803250227577467437012,6399000000000000000000,1644059699000,0x959e104e1a4db6317fa58f8295f586e1a978c297,0,1,[],0,,[],[0],2.827924994351074,1.8095892038852521e+22
721,0xf87e31492faf9a91b02ee0deaad50d51d56d5d4d,15993271245284107782778606549293105938371,6222000000000000000000,1640681225000,0x4e54c532c63a62139e61c1df1b1e5315ecbebca9,1,1,"['46,-61']",1,parcel,"[[0, 0, 5]]","[46.0, -61.0]",3.7605323255684633,2.339803212968698e+22
722,0xf87e31492faf9a91b02ee0deaad50d51d56d5d4d,115792089237316195423570985008687907822984854009677040791217243946485758820269,5100000000000000000000,1643542030000,0x9b88a0a6e7f25553800d184b8db2b962b99389da,0,2,"['-90,-83']",1,parcel,"[[0, 0, 0]]","[-90.0, -83.0]",2.3763648429587017,1.2119460699089379e+22
723,0xf87e31492faf9a91b02ee0deaad50d51d56d5d4d,4423670769972200025023869896612986748793,5950000000000000000000,1641074670000,0x4401576799a42f021293b524e962ccedc0d5e3d6,0,1,"['12,-135']",1,parcel,"[[0, 0, 1]]","[12.0, -135.0]",3.362912168662877,2.000932740354412e+22
724,0x959e104e1a4db6317fa58f8295f586e1a978c297,1362,160000000000000000000000,1642690652000,0xf519172dc3cc531786db0db7292a51a1bcfa7d82,4,1,"['-51,79', '-51,78', '-51,77', '-51,76', '-51,75', '-51,74', '-50,80', '-50,79', '-50,78', '-50,77', '-50,76', '-50,75', '-50,74', '-49,80', '-49,79', '-49,78', '-49,77', '-49,76', '-49,75', '-49,74', '-48,80', '-48,79', '-48,78', '-48,77', '-48,76', '-48,75', '-48,74', '-47,80', '-47,79', '-47,78', '-47,77', '-47,76', '-47,75', '-47,74']",34,land,"[[0, 0, 0], [0, 0, 0], [0, 0, 0], [0, 0, 0], [0, 0, 0], [0, 0, 0], [0, 0, 0], [0, 0, 0], [0, 0, 0], [0, 0, 0], [0, 0, 0], [0, 0, 0], [0, 0, 0], [0, 0, 0], [0, 0, 0], [0, 0, 0], [0, 0, 0], [0, 0, 0], [0, 0, 0], [0, 0, 0], [0, 0, 0], [0, 0, 0], [0, 0, 0], [0, 0, 0], [0, 0, 0], [0, 0, 0], [0, 0, 0], [0, 0, 0], [0, 0, 0], [0, 0, 0], [0, 0, 0], [0, 0, 0], [0, 0, 0], [0, 0, 0]]","[-48.94117647058823, 76.91176470588235]",2.6360883603314003,4.21774137653024e+23
725,0xf87e31492faf9a91b02ee0deaad50d51d56d5d4d,13271012309916600075071609689838960246794,5797000000000000000000,1643779350000,0x959e104e1a4db6317fa58f8295f586e1a978c297,0,1,[],0,,[],[0],2.697334799791993,1.5636449834394184e+22
726,0xf87e31492faf9a91b02ee0deaad50d51d56d5d4d,1701411834604692317316873037158841057307,5999000000000000000000,1643663584000,0x349a43a0e1da6b4755a4414e892c2d6a1e890810,0,1,"['5,27']",1,parcel,"[[3, 0, 0]]","[5.0, 27.0]",2.838711845336331,1.7029432360172652e+22
727,0xf87e31492faf9a91b02ee0deaad50d51d56d5d4d,48320096102773261811799194255311086026695,6100000000000000000000,1642434772000,0x226edfa9fb3a5ea2a084b064b7494773bced6924,2,2,"['141,-57']",1,parcel,"[[8, 2, 0]]","[141.0, -57.0]",2.919809374476844,1.7810837184308748e+22
728,0xf87e31492faf9a91b02ee0deaad50d51d56d5d4d,5444517870735015415413993718908291383310,7420000000000000000000,1640249388000,0x959e104e1a4db6317fa58f8295f586e1a978c297,1,2,[],0,,[],[0],3.3014533515725324,2.449678386866819e+22
729,0x959e104e1a4db6317fa58f8295f586e1a978c297,399,510000000000000000000000,1643916863000,0x42e0eaa14ac4dfde0045052deb6994665990a40f,12,2,"['-86,-55', '-86,-56', '-86,-57', '-86,-58', '-86,-59', '-85,-55', '-85,-56', '-85,-57', '-85,-58', '-85,-59', '-84,-55', '-84,-56', '-84,-57', '-84,-58', '-84,-59', '-83,-55', '-83,-56', '-83,-57', '-83,-58', '-83,-59', '-82,-55', '-82,-56', '-82,-57', '-82,-58', '-82,-59', '-81,-55', '-81,-56', '-81,-57', '-81,-58', '-81,-59', '-80,-55', '-80,-56', '-80,-57', '-80,-58', '-80,-59', '-79,-55', '-79,-56', '-79,-57', '-79,-58', '-79,-59', '-78,-55', '-78,-56', '-78,-57', '-78,-58', '-78,-59', '-77,-55', '-77,-56', '-77,-57', '-77,-58', '-77,-59', '-76,-55', '-76,-56', '-76,-57', '-76,-58', '-76,-59', '-75,-55', '-75,-56', '-75,-57', '-75,-58', '-75,-59', '-74,-55', '-74,-56', '-74,-57', '-74,-58', '-74,-59']",65,land,"[[0, 0, 0], [0, 0, 0], [0, 0, 0], [0, 0, 0], [0, 0, 0], [1, 0, 0], [1, 0, 0], [1, 0, 0], [1, 0, 0], [1, 0, 0], [2, 0, 0], [2, 0, 0], [2, 0, 0], [2, 0, 0], [2, 0, 0], [3, 0, 0], [3, 0, 0], [3, 0, 0], [3, 0, 0], [3, 0, 0], [4, 0, 0], [4, 0, 0], [4, 0, 0], [4, 0, 0], [4, 0, 0], [5, 0, 9], [5, 0, 9], [5, 0, 9], [5, 0, 9], [5, 0, 9], [6, 0, 8], [6, 0, 8], [6, 0, 8], [6, 0, 8], [6, 0, 8], [5, 0, 7], [5, 0, 7], [5, 0, 7], [5, 0, 7], [5, 0, 7], [4, 0, 6], [4, 0, 6], [4, 0, 6], [4, 0, 6], [4, 0, 6], [3, 0, 5], [3, 0, 5], [3, 0, 5], [3, 0, 5], [3, 0, 5], [2, 0, 4], [2, 0, 4], [2, 0, 4], [2, 0, 4], [2, 0, 4], [1, 0, 3], [1, 0, 3], [1, 0, 3], [1, 0, 3], [1, 0, 3], [0, 0, 2], [0, 0, 2], [0, 0, 2], [0, 0, 2], [0, 0, 2]]","[-80.0, -57.0]",2.6601644067675365,1.3566838474514438e+24
730,0xf87e31492faf9a91b02ee0deaad50d51d56d5d4d,115792089237316195423570985008687907817540336138942025375803250227577467437013,5800000000000000000000,1640369044000,0x10deda0073fa4db05347ae7cd3800d74045fc22a,5,2,"['-106,-43']",1,parcel,"[[0, 0, 0]]","[-106.0, -43.0]",3.523907662586453,2.043866444300143e+22
731,0xf87e31492faf9a91b02ee0deaad50d51d56d5d4d,115792089237316195423570985008687907853269984665640564039457584007913129639814,8888000000000000000000,1643250063000,0x4b78c38753d9408c9039d3751757d0ec32b18dc4,1,1,"['-1,-122']",1,parcel,"[[0, 0, 0]]","[-1.0, -122.0]",2.1741773039497394,1.9324087877505286e+22
732,0xf87e31492faf9a91b02ee0deaad50d51d56d5d4d,115792089237316195423570985008687907807331865131313871471902012004624421093315,5150000000000000000000,1641311034000,0xbda45ccc8547e2b4312d14b8108dd478face61d4,0,2,"['-136,-61']",1,parcel,"[[0, 0, 0]]","[-136.0, -61.0]",3.1944964852537963,1.6451656899057053e+22
733,0xf87e31492faf9a91b02ee0deaad50d51d56d5d4d,50021507937377954129116067292469927084007,4695000000000000000000,1641713225000,0x871d2034837381a29124ccd7d2a383f07489e77a,0,1,"['146,-25']",1,parcel,"[[3, 0, 0]]","[146.0, -25.0]",2.954629844358916,1.3871987119265111e+22
734,0x959e104e1a4db6317fa58f8295f586e1a978c297,4581,8869000000000000000000,1640959085000,0x9c177efe6094c8969bd4009b03b1caabe64bdeb2,0,1,"['-118,-63', '-42,-68', '65,-30', '66,-30']",4,land,"[[0, 0, 0], [1, 0, 9], [7, 8, 0], [7, 8, 0]]","[-7.25, -47.75]",3.2837753609862053,2.9123803676586654e+22
735,0xf87e31492faf9a91b02ee0deaad50d51d56d5d4d,115792089237316195423570985008687907837616995787277394720142352066051791912907,8888000000000000000000,1644320356000,0x471f3d8547f333da6af3a3cbe08dcffe95633c73,1,1,"['-47,-53']",1,parcel,"[[0, 0, 4]]","[-47.0, -53.0]",3.3015594156099715,2.9344260085941426e+22
736,0xf87e31492faf9a91b02ee0deaad50d51d56d5d4d,12250165209153784684681485867543655612357,5687000000000000000000,1641914146000,0x018d00b6ea67739b7367b3481cd357c68f5d24ad,0,2,"['35,-59']",1,parcel,"[[0, 0, 0]]","[35.0, -59.0]",2.943249112150101,1.6738257700797624e+22
737,0x959e104e1a4db6317fa58f8295f586e1a978c297,2891,40000000000000000000000,1640102592000,0x9c0f6a916e3608db6f72ae5422c444577d683a98,0,1,"['-51,84', '-51,83', '-51,82', '-50,84', '-50,83', '-50,82']",6,land,"[[0, 3, 0], [0, 2, 0], [0, 1, 0], [1, 3, 0], [1, 2, 0], [1, 1, 0]]","[-50.5, 83.0]",3.302356930069449,1.3209427720277796e+23
738,0xf87e31492faf9a91b02ee0deaad50d51d56d5d4d,140,7388000000000000000000,1642306770000,0x11b732a046a0a668a0e11321e4617ff579bc19b2,0,2,"['0,140']",1,parcel,"[[0, 2, 0]]","[0.0, 140.0]",2.9998911780482875,2.2163196023420748e+22
739,0x959e104e1a4db6317fa58f8295f586e1a978c297,2745,18999000000000000000000,1641414875000,0xfc0f5ef42c41a66756a0d4c5809fafa21bfd3919,3,4,"['26,-143', '26,-144', '27,-143', '27,-144']",4,land,"[[1, 0, 0], [2, 0, 0], [1, 0, 0], [2, 0, 0]]","[26.5, -143.5]",2.9390688380014987,5.583936885319047e+22
740,0xf87e31492faf9a91b02ee0deaad50d51d56d5d4d,115792089237316195423570985008687907844762925492617102452873218822118924353559,6000000000000000000000,1642192486000,0x7057a463ff4effbe109b689edebddfd27c582e4b,0,1,"['-26,23', '-26,22', '-25,23', '-25,22', '-24,22']",5,road,"[[1, 0, 0], [0, 0, 0], [1, 0, 0], [0, 0, 0], [0, 0, 0]]","[-25.2, 22.4]",2.9626491224649576,1.7775894734789746e+22
741,0xf87e31492faf9a91b02ee0deaad50d51d56d5d4d,1020847100762815390390123822295304634322,10000000000000000000000,1644452813000,0xe0faba4256e2ca17442dc54e59c1c3f6ef8c216e,3,1,"['2,-46', '2,-47', '7,-18']",3,road,"[[0, 0, 0], [0, 0, 0], [0, 0, 8]]","[3.6666666666666665, -37.0]",3.3539721443673747,3.3539721443673746e+22
742,0xf87e31492faf9a91b02ee0deaad50d51d56d5d4d,29264283555200707857850216239132066185203,8800000000000000000000,1640178588000,0xa6563991cfd8f8493872235057f59d3567bb8d40,0,1,"['85,-13']",1,parcel,"[[1, 6, 3]]","[85.0, -13.0]",3.3014533515725324,2.9052789493838285e+22
743,0xf87e31492faf9a91b02ee0deaad50d51d56d5d4d,12930729942995661611608235082407192035268,4987000000000000000000,1641979865000,0xb8f5431f3052a1167578736334ae77b6e4798db3,0,1,"['37,-60']",1,parcel,"[[2, 0, 0]]","[37.0, -60.0]",2.943249112150101,1.4677983322292554e+22
744,0xf87e31492faf9a91b02ee0deaad50d51d56d5d4d,115792089237316195423570985008687907830811348448858625450874859917416427683950,5269000000000000000000,1642958831000,0x4b8e07d2f7c3e7ba40b3483da30764623ec9e461,0,1,"['-66,110']",1,parcel,"[[4, 7, 0]]","[-66.0, 110.0]",2.1191673192784792,1.1165892605278306e+22
745,0xf87e31492faf9a91b02ee0deaad50d51d56d5d4d,115792089237316195423570985008687907815498641937416394595023002582986858168282,6388000000000000000000,1641221872000,0xf334664e20c8c8c69467fcbd30cfb567889dbe96,0,1,"['-112,-38']",1,parcel,"[[0, 0, 0]]","[-112.0, -38.0]",3.2654965487737213,2.085999195356653e+22
746,0xf87e31492faf9a91b02ee0deaad50d51d56d5d4d,115792089237316195423570985008687907851568572831035871722140710970754288582597,4275000000000000000000,1641487680000,0x45f836a8990948f75b16df23f1e5f330f499306f,1,3,"['-6,-59']",1,parcel,"[[2, 0, 0]]","[-6.0, -59.0]",3.3829650695793463,1.4462175672451706e+22
747,0xf87e31492faf9a91b02ee0deaad50d51d56d5d4d,4423670769972200025023869896612986748997,4000000000000000000000,1640513712000,0x3f417470a9b88b2140191d1d9b5df74b105f31f2,1,3,"['13,69']",1,parcel,"[[1, 5, 3]]","[13.0, 69.0]",3.772988799640287,1.5091955198561148e+22
748,0xf87e31492faf9a91b02ee0deaad50d51d56d5d4d,115792089237316195423570985008687907813797230102811702277706129545828017110995,5949000000000000000000,1642861119000,0xc7e5daf6f794547febc2d588b66be2500f3c3a32,2,4,"['-117,-45']",1,parcel,"[[0, 0, 0]]","[-117.0, -45.0]",2.0414460677600186,1.214456265710435e+22
749,0xf87e31492faf9a91b02ee0deaad50d51d56d5d4d,43556142965880123323311949751266331066350,4999000000000000000000,1642078213000,0x54fd62c2a51de4e23e339c72c92436cf6387beac,2,2,"['18,-128', '127,-18']",2,road,"[[0, 0, 3], [0, 0, 0]]","[72.5, -73.0]",2.904286712625543,1.451852927641509e+22
750,0xf87e31492faf9a91b02ee0deaad50d51d56d5d4d,115792089237316195423570985008687907811755535901286071496925881901237407842260,5497000000000000000000,1641811236000,0xea786dced43d63e8867d48d03a93a0937bddf1c7,1,1,"['-123,-44']",1,parcel,"[[0, 0, 0]]","[-123.0, -44.0]",2.955280483500563,1.6245176817802593e+22
751,0xf87e31492faf9a91b02ee0deaad50d51d56d5d4d,24840612785228507832826346342519079436269,5500000000000000000000,1644171973000,0xf5d1eaf99d4b5f21e815288012870cd9ffe30d07,1,1,"['26,-28', '72,-19']",2,road,"[[0, 0, 0], [7, 2, 9]]","[49.0, -23.5]",3.318725280995242,1.825298904547383e+22
752,0x959e104e1a4db6317fa58f8295f586e1a978c297,4588,26000000000000000000000,1643383325000,0x72f835e889705966db801419b1cc580f17db1d02,0,1,"['-24,25', '-23,25', '-22,26', '-22,25']",4,land,"[[2, 0, 0], [1, 0, 0], [0, 0, 0], [0, 0, 0]]","[-22.75, 25.25]",2.294435983046395,5.965533555920627e+22
753,0xf87e31492faf9a91b02ee0deaad50d51d56d5d4d,115792089237316195423570985008687907829109936614253933133557986880257586626541,5245000000000000000000,1644642006000,0x06200a2a217500f54c94f622054d53cfcdc0e15c,1,1,"['-72,-19', '-71,-18']",2,road,"[[6, 7, 8], [5, 6, 7]]","[-71.5, -18.5]",2.934937766523291,1.5393748585414662e+22
754,0xf87e31492faf9a91b02ee0deaad50d51d56d5d4d,115792089237316195423570985008687907806311018030551056081511888182329116458968,5000000000000000000000,1643040393000,0x6adf3bea0dc42ce10e33fbc6e819a6d681eb9e16,0,2,"['-139,-40']",1,parcel,"[[3, 0, 0]]","[-139.0, -40.0]",2.097272260649448,1.048636130324724e+22
755,0xf87e31492faf9a91b02ee0deaad50d51d56d5d4d,49681225570457015665652692685038158872557,4188000000000000000000,1640816294000,0x0514d03adcd925172eaef06fe329fca7289d1dd1,0,1,"['145,-19']",1,parcel,"[[4, 0, 0]]","[145.0, -19.0]",3.2585024930271618,1.3646608440797753e+22
756,0xf87e31492faf9a91b02ee0deaad50d51d56d5d4d,115792089237316195423570985008687907819241747973546717693120123264736308494273,5944000000000000000000,1642782600000,0xb24b20cab56401bec9de589efea541e9cdcf547b,0,2,"['-101,-63']",1,parcel,"[[0, 0, 0]]","[-101.0, -63.0]",2.2301581473863834,1.3256060028064662e+22
757,0xf87e31492faf9a91b02ee0deaad50d51d56d5d4d,115792089237316195423570985008687907847144902061063671697116841074141301833708,4980000000000000000000,1641064290000,0x8b81e64b6d4ebe2ec0f155df28c54ae2f20189dd,1,3,"['-117,-63', '-116,-63', '-52,-97', '-22,-142', '-19,-20', '21,-52', '32,-146', '64,-1']",8,road,"[[0, 0, 0], [0, 0, 0], [0, 0, 0], [0, 0, 8], [8, 0, 0], [0, 0, 0], [3, 0, 0], [0, 0, 7]]","[-26.125, -73.0]",3.362912168662877,1.6747302599941127e+22
758,0xf87e31492faf9a91b02ee0deaad50d51d56d5d4d,13951577043758477001998358904702496669639,5444000000000000000000,1643137665000,0xed5ac2512cd3d0bdaea55b42abefc77c54a7f209,0,1,"['40,-57']",1,parcel,"[[2, 0, 0]]","[40.0, -57.0]",2.1260324733787064,1.1574120785073676e+22
759,0xf87e31492faf9a91b02ee0deaad50d51d56d5d4d,115792089237316195423570985008687907817200053772021086912339875620145699225556,5550000000000000000000,1644059699000,0x959e104e1a4db6317fa58f8295f586e1a978c297,0,1,[],0,,[],[0],2.827924994351074,1.569498371864846e+22
760,0x2a187453064356c898cae034eaed119e1663acb8,57185297863566513972942179262897328960165422902043644479318401249366126846168,199000000000000000000,1641590949000,0xfeadcdeca6b69ac7bd6ccd20b0e642d3f13c925e,0,2,[],0,,[],[0],3.080049033207626,6.129297576083176e+20
761,0xf87e31492faf9a91b02ee0deaad50d51d56d5d4d,47299249002010446421409070433015781392236,5700000000000000000000,1642595242000,0x822cd9762117d7570b13f7791170937fbe4b17ab,0,1,"['-41,124', '138,-148']",2,road,"[[1, 5, 0], [1, 0, 0]]","[48.5, -12.0]",2.743729245505247,1.5639256699379907e+22
762,0xf87e31492faf9a91b02ee0deaad50d51d56d5d4d,115792089237316195423570985008687907843742078391854287062483094999823619719192,7000000000000000000000,1642688418000,0xebff93d8ac49c037519e84a075bf231023224ddc,0,1,"['-28,25', '-28,24']",2,road,"[[0, 0, 0], [0, 0, 0]]","[-28.0, 24.5]",2.6360883603314003,1.8452618522319802e+22
763,0xf87e31492faf9a91b02ee0deaad50d51d56d5d4d,24160048051386630905899597127655543013333,6325000000000000000000,1642432920000,0x95b3a979fedc5533c9e4678c3d998652270dfc54,0,3,"['8,63', '70,-43']",2,road,"[[0, 0, 0], [1, 3, 8]]","[39.0, 10.0]",2.919809374476844,1.8467794293566038e+22
764,0xf87e31492faf9a91b02ee0deaad50d51d56d5d4d,19736377281414430880875727231042556264430,5479000000000000000000,1643539182000,0x6b2983374dc31ef793fcecaca418a7231dcfa89b,0,1,"['57,-17', '57,-18']",2,road,"[[5, 0, 0], [5, 0, 0]]","[57.0, -17.5]",2.3763648429587017,1.3020102974570727e+22
765,0x959e104e1a4db6317fa58f8295f586e1a978c297,1385,66500000000000000000000,1643662110000,0x4a34d03130503961f656fb9d26c5aec511d8eccc,12,1,"['6,-142', '54,111', '54,110', '60,-16']",4,road,"[[0, 0, 8], [5, 7, 0], [5, 7, 0], [8, 7, 0]]","[43.5, 15.75]",2.838711845336331,1.88774337714866e+23
766,0xf87e31492faf9a91b02ee0deaad50d51d56d5d4d,13271012309916600075071609689838960246792,5999000000000000000000,1643779332000,0x959e104e1a4db6317fa58f8295f586e1a978c297,0,1,[],0,,[],[0],2.697334799791993,1.6181311463952168e+22
767,0xf87e31492faf9a91b02ee0deaad50d51d56d5d4d,49000660836615138738725943470174622449646,5600000000000000000000,1640247526000,0x0fca7f77c8376948c2d55e02e910ab3fe1b6e118,0,2,"['143,-18']",1,parcel,"[[6, 0, 0]]","[143.0, -18.0]",3.3014533515725324,1.8488138768806182e+22
768,0xf87e31492faf9a91b02ee0deaad50d51d56d5d4d,41854731131275431005995076714107490009081,4360000000000000000000,1640672841000,0x7156798069982846f046779b26e628d776643c2e,0,3,"['122,-7']",1,parcel,"[[5, 7, 0]]","[122.0, -7.0]",3.7605323255684633,1.63959209394785e+22
769,0xf87e31492faf9a91b02ee0deaad50d51d56d5d4d,115792089237316195423570985008687907809033276965918563789218885041783262150686,6169000000000000000000,1643901011000,0xae8f1177a7c84a77bf53c26caf114a8c02a2e573,0,1,"['-130,30']",1,parcel,"[[2, 3, 0]]","[-130.0, 30.0]",2.6601644067675365,1.6410554225348932e+22
770,0xf87e31492faf9a91b02ee0deaad50d51d56d5d4d,3743106036130323098097120681749450326158,4299000000000000000000,1640364286000,0xb965bf7d71af52da846f54f8ddf70fc9804ff8fd,0,1,"['11,142']",1,parcel,"[[2, 9, 0]]","[11.0, 142.0]",3.523907662586453,1.5149279041459163e+22
771,0xf87e31492faf9a91b02ee0deaad50d51d56d5d4d,46278401901247631031018946610720476758065,5187000000000000000000,1644308567000,0x6f1574d609f34ab192497631a4c85998365b050d,1,1,"['136,49']",1,parcel,"[[7, 9, 0]]","[136.0, 49.0]",3.3015594156099715,1.7125188688768924e+22
772,0xf87e31492faf9a91b02ee0deaad50d51d56d5d4d,115792089237316195423570985008687907844762925492617102452873218822118924353414,4000000000000000000000,1643230612000,0xecef73d95760fab26006f52b73907c3b96c57a4a,5,2,"['-26,-122', '-25,-123']",2,road,"[[1, 0, 0], [0, 0, 0]]","[-25.5, -122.5]",2.1741773039497394,8.696709215798957e+21
773,0xf87e31492faf9a91b02ee0deaad50d51d56d5d4d,115792089237316195423570985008687907843061513658012410135556345784960083296233,4950000000000000000000,1641913774000,0xb3d2eba0dc2bc02bfccdeade1fc7956627d482ea,2,3,"['-31,-23']",1,parcel,"[[0, 0, 0]]","[-31.0, -23.0]",2.943249112150101,1.4569083105143001e+22
774,0xf87e31492faf9a91b02ee0deaad50d51d56d5d4d,21778071482940061661655974875633165533183,8900000000000000000000,1641710516000,0xd9c4c7225b2dcabbb3629cc3faea4217e8d523fd,3,2,"['63,-1']",1,parcel,"[[0, 0, 8]]","[63.0, -1.0]",2.954629844358916,2.629620561479435e+22
775,0x959e104e1a4db6317fa58f8295f586e1a978c297,3447,6000000000000000000000,1640957425000,0x5ce213893956bbf4249a7f8a079331280065eec6,3,2,"['-135,-123', '-108,-62', '-91,-74', '-85,-35', '-70,-110', '-51,-130', '0,141', '6,-143', '8,-94', '9,61', '11,61', '12,-94', '37,-61', '40,-61', '43,59']",15,road,"[[0, 0, 0], [1, 0, 0], [4, 0, 0], [1, 0, 0], [0, 0, 0], [0, 0, 0], [1, 3, 0], [0, 0, 9], [0, 0, 2], [0, 0, 0], [0, 0, 0], [0, 0, 2], [2, 0, 0], [5, 0, 0], [6, 3, 8]]","[-24.933333333333334, -44.333333333333336]",3.2837753609862053,1.970265216591723e+22
776,0xf87e31492faf9a91b02ee0deaad50d51d56d5d4d,47639531368931384884872445040447549603827,4098000000000000000000,1641411673000,0x21f1786b80a34ca19c829a5cb369f6dc81f849d0,0,2,"['139,-13']",1,parcel,"[[0, 0, 0]]","[139.0, -13.0]",2.9390688380014987,1.2044304098130141e+22
777,0xf87e31492faf9a91b02ee0deaad50d51d56d5d4d,115792089237316195423570985008687907805290170929788240691121764360033811824665,9600000000000000000000,1641305505000,0xc0619c121c2c7dc4bfdaf6fa6a081b1443e2b0e3,2,1,"['-141,25', '-92,-18', '2,62']",3,road,"[[0, 5, 0], [0, 2, 7], [0, 0, 0]]","[-77.0, 23.0]",3.1944964852537963,3.0667166258436445e+22
778,0xf87e31492faf9a91b02ee0deaad50d51d56d5d4d,115792089237316195423570985008687907851568572831035871722140710970754288582598,4275000000000000000000,1641487680000,0x762c86cbd4e0b88d8d734ec8507b29e00d09b4fd,1,3,"['-6,-58', '15,-64']",2,road,"[[2, 0, 0], [0, 0, 7]]","[4.5, -61.0]",3.3829650695793463,1.4462175672451706e+22
779,0xf87e31492faf9a91b02ee0deaad50d51d56d5d4d,115792089237316195423570985008687907834214172118068010085508605991734109798408,5999000000000000000000,1641978861000,0xbc9b5877f0b15408b2c15c0581a51a960c34bf01,2,2,"['-56,8']",1,parcel,"[[4, 0, 0]]","[-56.0, 8.0]",2.943249112150101,1.7656551423788456e+22
780,0xf87e31492faf9a91b02ee0deaad50d51d56d5d4d,115792089237316195423570985008687907825026548211202671571997491591076368089069,5500000000000000000000,1642302541000,0xb9247eed91830950373f657d2e1fe843b1a4d152,0,2,"['-84,-19']",1,parcel,"[[6, 0, 8]]","[-84.0, -19.0]",2.9998911780482875,1.6499401479265582e+22
781,0x959e104e1a4db6317fa58f8295f586e1a978c297,3684,15500000000000000000000,1644445558000,0xf179344bbec75ad4522bd6b2c780b2e13b3469a2,5,3,"['-139,-138', '-113,-60', '-107,20', '-106,20', '-101,-48', '-97,-22', '-57,-139', '-17,-142', '19,9', '39,72', '58,-127', '58,-128', '59,-127', '59,-128', '63,-13', '136,50']",16,road,"[[0, 0, 0], [0, 0, 0], [4, 0, 0], [4, 0, 0], [0, 0, 0], [1, 2, 0], [0, 0, 0], [0, 0, 8], [6, 0, 8], [0, 8, 0], [9, 0, 0], [0, 0, 0], [9, 0, 0], [0, 0, 0], [6, 4, 8], [6, 8, 0]]","[-15.375, -56.3125]",3.3539721443673747,5.198656823769431e+22
782,0xf87e31492faf9a91b02ee0deaad50d51d56d5d4d,19396094914493492417412352623610788052880,8888000000000000000000,1642191359000,0xf10b5ccce3f0862f7601af4c13f66acaf466ac58,1,1,"['56,-112']",1,parcel,"[[0, 0, 0]]","[56.0, -112.0]",2.9626491224649576,2.633202540046854e+22
783,0xf87e31492faf9a91b02ee0deaad50d51d56d5d4d,40833884030512615615604952891812185374707,4150000000000000000000,1640101222000,0xb24564fd8a3bd2f81166c8db1004a81635e1085f,2,2,"['119,-13']",1,parcel,"[[0, 0, 0]]","[119.0, -13.0]",3.302356930069449,1.3704781259788213e+22
784,0xf87e31492faf9a91b02ee0deaad50d51d56d5d4d,115792089237316195423570985008687907828089089513491117743167863057962281992080,4825000000000000000000,1642077386000,0xe05de1d5407290ab9edcdfeca2d8001653eb384f,0,3,"['-75,-112', '120,-18']",2,road,"[[0, 0, 0], [0, 0, 0]]","[22.5, -65.0]",2.904286712625543,1.4013183388418243e+22
785,0xf87e31492faf9a91b02ee0deaad50d51d56d5d4d,115792089237316195423570985008687907841700384190328656281702847355233010450326,6450000000000000000000,1642858213000,0xd2845295e8c35d0d19e9f092249bca88f99cb881,0,1,"['-35,-106']",1,parcel,"[[0, 0, 0]]","[-35.0, -106.0]",2.0414460677600186,1.3167327137052118e+22
786,0xf87e31492faf9a91b02ee0deaad50d51d56d5d4d,115792089237316195423570985008687907844422643125696163989409844214687156142103,6000000000000000000000,1640169373000,0x7057a463ff4effbe109b689edebddfd27c582e4b,1,1,"['-26,23', '-26,22', '-25,23', '-25,22', '-24,22']",5,road,"[[1, 0, 0], [0, 0, 0], [1, 0, 0], [0, 0, 0], [0, 0, 0]]","[-25.2, 22.4]",3.302356930069449,1.9814141580416693e+22
787,0xf87e31492faf9a91b02ee0deaad50d51d56d5d4d,115792089237316195423570985008687907851568572831035871722140710970754288582517,7997000000000000000000,1642957005000,0x959e104e1a4db6317fa58f8295f586e1a978c297,1,1,[],0,,[],[0],2.1191673192784792,1.6946981052269998e+22
788,0xf87e31492faf9a91b02ee0deaad50d51d56d5d4d,22118353849861000125119349483064933744639,9440000000000000000000,1641060072000,0x8b81e64b6d4ebe2ec0f155df28c54ae2f20189dd,4,1,"['-117,-63', '-116,-63', '-52,-97', '-22,-142', '-19,-20', '21,-52', '32,-146', '64,-1']",8,road,"[[0, 0, 0], [0, 0, 0], [0, 0, 0], [0, 0, 8], [8, 0, 0], [0, 0, 0], [3, 0, 0], [0, 0, 7]]","[-26.125, -73.0]",3.362912168662877,3.174589087217756e+22
789,0xf87e31492faf9a91b02ee0deaad50d51d56d5d4d,41854731131275431005995076714107490009084,3890000000000000000000,1640503829000,0x5ce03d93bc1570d59746f315d7c39e45fb041076,0,1,"['122,-4']",1,parcel,"[[2, 4, 0]]","[122.0, -4.0]",3.772988799640287,1.4676926430600717e+22
790,0xf87e31492faf9a91b02ee0deaad50d51d56d5d4d,14632141777600353928925108119566033092668,5399000000000000000000,1644638468000,0x3fc22828d0a9bdc40c0bb98641f1881a3d731aa4,2,1,"['43,60']",1,parcel,"[[6, 3, 8]]","[43.0, 60.0]",2.934937766523291,1.584572900145925e+22
791,0xf87e31492faf9a91b02ee0deaad50d51d56d5d4d,115792089237316195423570985008687907827068242412728302352777739235666977357795,4475000000000000000000,1641212805000,0xb955dc4785ac0e821ecda15415e2614c62f7ad23,0,4,"['-78,-29']",1,parcel,"[[8, 0, 0]]","[-78.0, -29.0]",3.2654965487737213,1.4613097055762403e+22
792,0xf87e31492faf9a91b02ee0deaad50d51d56d5d4d,51042355038140769519506191114765231718376,5099000000000000000000,1641804011000,0x15fa2492b93a2f70772202835229f7ede0865a73,0,3,"['55,-11', '149,-24']",2,road,"[[3, 0, 0], [0, 0, 0]]","[102.0, -17.5]",2.955280483500563,1.506897518536937e+22
793,0xf87e31492faf9a91b02ee0deaad50d51d56d5d4d,15312706511442230855851857334429569515539,5980000000000000000000,1644045464000,0x2a983cd9873a83aee78584a191f328342ffdd46e,0,1,"['-131,-42', '45,19']",2,road,"[[0, 0, 0], [4, 6, 0]]","[-43.0, -11.5]",2.827924994351074,1.6910991466219421e+22
794,0xf87e31492faf9a91b02ee0deaad50d51d56d5d4d,8847341539944400050047739793225973497755,4888000000000000000000,1640808766000,0xd13fe85ef40bb50b0df4241217d785b1ce00fbf9,0,1,"['25,-101']",1,parcel,"[[3, 0, 0]]","[25.0, -101.0]",3.2585024930271618,1.5927560185916766e+22
795,0xf87e31492faf9a91b02ee0deaad50d51d56d5d4d,19396094914493492417412352623610788053039,6969000000000000000000,1642595020000,0x9171151750be624a47a2727969ff2f3950024404,1,1,"['57,47']",1,parcel,"[[2, 0, 4]]","[57.0, 47.0]",2.743729245505247,1.9121049111926065e+22
796,0xf87e31492faf9a91b02ee0deaad50d51d56d5d4d,115792089237316195423570985008687907842040666557249594745166221962664778661781,5960000000000000000000,1643040314000,0xbc6aca2c9044e45b91f65b39de991af96095bfe1,0,1,"['-34,-107']",1,parcel,"[[0, 0, 0]]","[-34.0, -107.0]",2.097272260649448,1.249974267347071e+22
797,0xf87e31492faf9a91b02ee0deaad50d51d56d5d4d,13271012309916600075071609689838960246720,5247000000000000000000,1644165385000,0xa3d1bb5547f72d823d300226df28337143e901f8,0,1,"['38,-64']",1,parcel,"[[3, 0, 0]]","[38.0, -64.0]",3.318725280995242,1.7413351549382034e+22
798,0xf87e31492faf9a91b02ee0deaad50d51d56d5d4d,46618684268168569494482321218152244969522,5000000000000000000000,1643382531000,0x119e2daece6e347a028e64cea5469cd5aad58564,0,1,"['137,50']",1,parcel,"[[6, 8, 0]]","[137.0, 50.0]",2.294435983046395,1.1472179915231974e+22
799,0xf87e31492faf9a91b02ee0deaad50d51d56d5d4d,115792089237316195423570985008687907845103207859538040916336593429550692564869,6149000000000000000000,1643656828000,0xecef73d95760fab26006f52b73907c3b96c57a4a,0,1,"['-26,-122', '-25,-123']",2,road,"[[1, 0, 0], [0, 0, 0]]","[-25.5, -122.5]",2.838711845336331,1.74552391369731e+22
800,0xf87e31492faf9a91b02ee0deaad50d51d56d5d4d,115792089237316195423570985008687907830811348448858625450874859917416427683949,5199000000000000000000,1642779157000,0x89e4fd306eacf8b8c9546411f0489fcd358706bd,2,1,"['-66,109']",1,parcel,"[[5, 7, 0]]","[-66.0, 109.0]",2.2301581473863834,1.1594592208261808e+22
801,0xf87e31492faf9a91b02ee0deaad50d51d56d5d4d,19736377281414430880875727231042556264431,5479000000000000000000,1643538964000,0x6b2983374dc31ef793fcecaca418a7231dcfa89b,0,1,"['57,-17', '57,-18']",2,road,"[[5, 0, 0], [5, 0, 0]]","[57.0, -17.5]",2.3763648429587017,1.3020102974570727e+22
802,0xf87e31492faf9a91b02ee0deaad50d51d56d5d4d,7486212072260646196194241363498900652040,9000000000000000000000,1643123600000,0x5b3d787303d8127e66f7238274fae328896fd199,1,1,"['-150,-146', '-36,-10', '20,-120', '22,8', '39,-63', '55,-13', '89,-36']",7,road,"[[0, 0, 0], [8, 0, 0], [0, 0, 0], [6, 0, 0], [4, 0, 0], [3, 0, 0], [1, 2, 0]]","[5.571428571428571, -54.285714285714285]",2.1260324733787064,1.9134292260408357e+22
803,0xf87e31492faf9a91b02ee0deaad50d51d56d5d4d,115792089237316195423570985008687907844762925492617102452873218822118924353489,4750000000000000000000,1641585897000,0x959e104e1a4db6317fa58f8295f586e1a978c297,1,1,[],0,,[],[0],3.080049033207626,1.4630232907736223e+22
804,0xf87e31492faf9a91b02ee0deaad50d51d56d5d4d,115792089237316195423570985008687907838978125254961148573995850495778864758893,5300000000000000000000,1642429595000,0x9d6939c3686dc5ed44ebb8f02ba13207beef0eef,3,4,"['-42,109']",1,parcel,"[[4, 6, 0]]","[-42.0, 109.0]",2.919809374476844,1.5474989684727273e+22
805,0xf87e31492faf9a91b02ee0deaad50d51d56d5d4d,20076659648335369344339101838474324475895,4500000000000000000000,1640238820000,0x7c5d4db8dce379b7cbccfc08019c20439926ada8,0,1,"['58,-9']",1,parcel,"[[6, 9, 0]]","[58.0, -9.0]",3.3014533515725324,1.4856540082076396e+22
806,0xf87e31492faf9a91b02ee0deaad50d51d56d5d4d,115792089237316195423570985008687907849526878629510240941360463326163679313790,5999000000000000000000,1640672823000,0x048cbf65affe871045494d3a9450847e36e0eb2b,1,1,"['-12,-130']",1,parcel,"[[0, 0, 1]]","[-12.0, -130.0]",3.7605323255684633,2.255943342108521e+22
807,0xf87e31492faf9a91b02ee0deaad50d51d56d5d4d,49000660836615138738725943470174622449645,4000000000000000000000,1640362708000,0xec6b68212d8150cff6c4933b4b75f684ebd89034,1,2,"['143,-19']",1,parcel,"[[6, 0, 0]]","[143.0, -19.0]",3.523907662586453,1.4095630650345813e+22
808,0xf87e31492faf9a91b02ee0deaad50d51d56d5d4d,13271012309916600075071609689838960246793,5898000000000000000000,1643779332000,0x959e104e1a4db6317fa58f8295f586e1a978c297,0,1,[],0,,[],[0],2.697334799791993,1.5908880649173175e+22
809,0xf87e31492faf9a91b02ee0deaad50d51d56d5d4d,115792089237316195423570985008687907835235019218830825475898729814029414432908,5190000000000000000000,1644298575000,0xd3f754fedd3a188089d783960a2cf11101be0f44,2,3,"['-55,-135', '-53,140']",2,road,"[[0, 0, 0], [9, 0, 0]]","[-54.0, 2.5]",3.3015594156099715,1.7135093367015754e+22
810,0xf87e31492faf9a91b02ee0deaad50d51d56d5d4d,7145929705339707732730866756067132440700,5950000000000000000000,1642685313000,0xd36746b694ca8e3ddde83df16944501201a7d116,0,1,"['21,124']",1,parcel,"[[0, 0, 0]]","[21.0, 124.0]",2.6360883603314003,1.5684725743971832e+22
811,0xf87e31492faf9a91b02ee0deaad50d51d56d5d4d,115792089237316195423570985008687907834554454484988948548971980599165878009722,4788000000000000000000,1641909673000,0xea5bb62185c507dafed0b11a601297135199ea0d,1,2,"['-56,-134']",1,parcel,"[[0, 0, 0]]","[-56.0, -134.0]",2.943249112150101,1.4092276748974683e+22
812,0xf87e31492faf9a91b02ee0deaad50d51d56d5d4d,11569600475311907757754736652680119189493,5899000000000000000000,1643899342000,0x9e7e288fdbbb5daf2cbd975169523cba99add06b,0,1,"['-89,-19', '-63,142', '33,-11', '38,71', '76,36', '104,-149']",6,road,"[[3, 5, 8], [8, 0, 0], [2, 0, 0], [0, 7, 0], [0, 3, 0], [0, 0, 0]]","[16.5, 11.666666666666666]",2.6601644067675365,1.56923098355217e+22
813,0xf87e31492faf9a91b02ee0deaad50d51d56d5d4d,21437789116019123198192600268201397321727,8900000000000000000000,1641710429000,0xe5009e81b5e6346c3b32e857fee02b059a716b96,3,2,"['62,-1']",1,parcel,"[[0, 0, 9]]","[62.0, -1.0]",2.954629844358916,2.629620561479435e+22
814,0xf87e31492faf9a91b02ee0deaad50d51d56d5d4d,3743106036130323098097120681749450325898,4987000000000000000000,1641977738000,0xb4a10d958b9ce7d479e634e6084dd00fbe717931,1,1,"['10,-118']",1,parcel,"[[2, 0, 0]]","[10.0, -118.0]",2.943249112150101,1.4677983322292554e+22
815,0xf87e31492faf9a91b02ee0deaad50d51d56d5d4d,48660378469694200275262568862742854238151,4149000000000000000000,1641397884000,0xab3de4b71254f38f066bdc004bff9a038b672c7e,0,1,"['142,-57']",1,parcel,"[[7, 3, 0]]","[142.0, -57.0]",2.9390688380014987,1.2194196608868216e+22
816,0x959e104e1a4db6317fa58f8295f586e1a978c297,3338,6500000000000000000000,1640957388000,0x8ccb77857455039cdf9faf3e29b165e2f6c1144e,1,2,[],0,,[],[0],3.2837753609862053,2.1344539846410334e+22
817,0xf87e31492faf9a91b02ee0deaad50d51d56d5d4d,11569600475311907757754736652680119189445,5675000000000000000000,1640100207000,0x13d08baf9a2de691f111176dd51caaa91d9ff0a1,0,1,"['33,-59']",1,parcel,"[[0, 0, 0]]","[33.0, -59.0]",3.302356930069449,1.8740875578144125e+22
818,0xf87e31492faf9a91b02ee0deaad50d51d56d5d4d,115792089237316195423570985008687907851568572831035871722140710970754288582599,4275000000000000000000,1641487680000,0x0e4fdc385bc5c9328424f9e9f372c0087707d09e,1,3,"['-6,-57']",1,parcel,"[[2, 0, 0]]","[-6.0, -57.0]",3.3829650695793463,1.4462175672451706e+22
819,0xf87e31492faf9a91b02ee0deaad50d51d56d5d4d,50021507937377954129116067292469927084011,4380000000000000000000,1641300411000,0xd91fbb9d4fd7cceb4b167ba827b68ad4d2d0c385,0,2,"['146,-21']",1,parcel,"[[3, 0, 0]]","[146.0, -21.0]",3.1944964852537963,1.3991894605411629e+22
820,0xf87e31492faf9a91b02ee0deaad50d51d56d5d4d,40153319296670738688678203676948648951795,5000000000000000000000,1640169192000,0xf5e3a29f68e839681f5f70f4927bff50211d61da,0,2,"['116,-14', '117,-13', '117,-14', '118,-14']",4,road,"[[0, 0, 0], [0, 0, 0], [0, 0, 0], [0, 0, 0]]","[117.0, -13.75]",3.302356930069449,1.6511784650347244e+22
821,0xf87e31492faf9a91b02ee0deaad50d51d56d5d4d,115792089237316195423570985008687907803929041462104486837268265930306738978698,4969000000000000000000,1642191120000,0x704ce716b05fd42474ede301d97d1f528ed00436,0,2,"['-146,-118']",1,parcel,"[[0, 0, 0]]","[-146.0, -118.0]",2.9626491224649576,1.4721403489528373e+22
822,0x2a187453064356c898cae034eaed119e1663acb8,48982957792434242475034588066455414567064930154016906695314616019838877781915,200000000000000000000,1642295486000,0xf9b232ab04cda41b771ed0815256c11ffddb60bd,0,1,[],0,,[],[0],2.9998911780482875,5.999782356096575e+20
823,0xf87e31492faf9a91b02ee0deaad50d51d56d5d4d,115792089237316195423570985008687907812776383002048886887316005723532712476634,8888000000000000000000,1644443964000,0xfd6758f4e738497fb1c7ffc98da352f26b0fffd4,6,1,"['-120,-38']",1,parcel,"[[0, 0, 0]]","[-120.0, -38.0]",3.3539721443673747,2.9810104419137228e+22
824,0xf87e31492faf9a91b02ee0deaad50d51d56d5d4d,115792089237316195423570985008687907808012429865155748398828761219487957516251,5650000000000000000000,1642076981000,0xd52e7e6cfc54dc437bf5a4535766e7516e0cea25,0,4,"['-134,-37']",1,parcel,"[[0, 0, 0]]","[-134.0, -37.0]",2.904286712625543,1.6409219926334315e+22
825,0xf87e31492faf9a91b02ee0deaad50d51d56d5d4d,115792089237316195423570985008687907844762925492617102452873218822118924353413,5000000000000000000000,1643228188000,0x9a739c2e212754c3d8432cb717dc9437e5b3dfae,5,3,"['-26,-123']",1,parcel,"[[0, 0, 0]]","[-26.0, -123.0]",2.1741773039497394,1.0870886519748696e+22
826,0xf87e31492faf9a91b02ee0deaad50d51d56d5d4d,41514448764354492542531702106675721797628,3890000000000000000000,1640498029000,0x14f701bd044a37b9a64f2102b19edd7e83c2edb0,1,1,"['121,-4']",1,parcel,"[[2, 4, 0]]","[121.0, -4.0]",3.772988799640287,1.4676926430600717e+22
827,0xf87e31492faf9a91b02ee0deaad50d51d56d5d4d,3743106036130323098097120681749450326079,5087000000000000000000,1641799372000,0x2a3a033f637c076012bc80ef893c380b68bd360c,0,1,"['11,63']",1,parcel,"[[0, 0, 0]]","[11.0, 63.0]",2.955280483500563,1.5033511819567365e+22
828,0x959e104e1a4db6317fa58f8295f586e1a978c297,4584,9880000000000000000000,1640803532000,0xcbc5b135f1d8d26e6b3098dd17f0b5be58a243a7,0,1,"['58,-4', '59,-4']",2,land,"[[3, 9, 0], [3, 8, 0]]","[58.5, -4.0]",3.2585024930271618,3.219400463110836e+22
829,0xf87e31492faf9a91b02ee0deaad50d51d56d5d4d,47299249002010446421409070433015781392367,3990000000000000000000,1641209555000,0x7249b7fe2ae88eebf51aa0f0abd50a6bdca7eb51,0,1,"['138,-17', '139,-17']",2,road,"[[0, 0, 0], [0, 0, 0]]","[138.5, -17.0]",3.3512812933629488,1.3371612360518165e+22
830,0xf87e31492faf9a91b02ee0deaad50d51d56d5d4d,8847341539944400050047739793225973497753,4649000000000000000000,1641048217000,0xc191aef54931c125bec4ea53269e0cae94fa8da6,1,1,"['25,-103']",1,parcel,"[[5, 0, 0]]","[25.0, -103.0]",3.362912168662877,1.5634178672113714e+22
831,0x959e104e1a4db6317fa58f8295f586e1a978c297,1353,99000000000000000000000,1642858064000,0x6baba143160f3485bcf58dead612219894883cad,3,2,"['13,88', '13,87', '13,86', '14,88', '14,87', '14,86', '15,88', '15,87', '15,86']",9,land,"[[0, 0, 0], [0, 0, 0], [0, 0, 0], [0, 0, 0], [0, 0, 0], [0, 0, 0], [0, 0, 0], [0, 0, 0], [0, 0, 0]]","[14.0, 87.0]",2.0414460677600186,2.0210316070824186e+23
832,0x959e104e1a4db6317fa58f8295f586e1a978c297,3782,12000000000000000000000,1644037681000,0x5ce213893956bbf4249a7f8a079331280065eec6,2,2,"['-135,-123', '-108,-62', '-91,-74', '-85,-35', '-70,-110', '-51,-130', '0,141', '6,-143', '8,-94', '9,61', '11,61', '12,-94', '37,-61', '40,-61', '43,59']",15,road,"[[0, 0, 0], [1, 0, 0], [4, 0, 0], [1, 0, 0], [0, 0, 0], [0, 0, 0], [1, 3, 0], [0, 0, 9], [0, 0, 2], [0, 0, 0], [0, 0, 0], [0, 0, 2], [2, 0, 0], [5, 0, 0], [6, 3, 8]]","[-24.933333333333334, -44.333333333333336]",2.827924994351074,3.3935099932212885e+22
833,0xf87e31492faf9a91b02ee0deaad50d51d56d5d4d,115792089237316195423570985008687907814137512469732640741169504153259785322395,5199000000000000000000,1642956769000,0xa697ed3b07a1b5e9b0f1a242d7471e9eda1ed60f,0,2,"['-116,-101']",1,parcel,"[[7, 0, 0]]","[-116.0, -101.0]",2.1191673192784792,1.1017550892928814e+22
834,0xf87e31492faf9a91b02ee0deaad50d51d56d5d4d,115792089237316195423570985008687907839318407621882087037459225103210632970361,5283000000000000000000,1642425134000,0xc08ab3ff7702758a67e34be9be00607fd35e08ff,0,1,"['-41,121']",1,parcel,"[[1, 5, 0]]","[-41.0, 121.0]",2.919809374476844,1.5425352925361167e+22
835,0xf87e31492faf9a91b02ee0deaad50d51d56d5d4d,115792089237316195423570985008687907803588759095183548373804891322874970767383,7222000000000000000000,1644637440000,0x3ec7e89506e2493a4e4dab96b9b71192af379d1b,0,2,"['-150,32', '-146,23', '-88,-20']",3,road,"[[0, 1, 0], [0, 4, 0], [4, 6, 9]]","[-128.0, 11.666666666666666]",2.934937766523291,2.119612054983121e+22
836,0x959e104e1a4db6317fa58f8295f586e1a978c297,3298,50800000000000000000000,1644164045000,0x072fa5eb0fa34587d6355d6a0a9913ecc6b62025,6,4,"['-86,-116', '-86,-117', '-86,-118', '-85,-116', '-85,-117', '-85,-118', '-84,-116', '-84,-117', '-84,-118']",9,land,"[[0, 0, 0], [0, 0, 0], [0, 0, 0], [0, 0, 0], [0, 0, 0], [0, 0, 0], [0, 0, 0], [0, 0, 0], [0, 0, 0]]","[-85.0, -117.0]",3.318725280995242,1.685912442745583e+23
837,0x959e104e1a4db6317fa58f8295f586e1a978c297,4646,21773000000000000000000,1643651989000,0xe17aeafd1d18b455232c92b77b03d042e1877e12,1,1,"['36,9', '36,8', '37,9', '37,8']",4,land,"[[7, 0, 0], [6, 0, 0], [7, 0, 0], [6, 0, 0]]","[36.5, 8.5]",2.838711845336331,6.1807273008507935e+22
838,0x959e104e1a4db6317fa58f8295f586e1a978c297,353,20000000000000000000000,1642776955000,0xf3e8417e5905f0a8c0fdda5456eecb12da3fd034,4,2,"['5,25', '5,24']",2,land,"[[3, 0, 0], [3, 0, 0]]","[5.0, 24.5]",2.2301581473863834,4.4603162947727665e+22
839,0x2a187453064356c898cae034eaed119e1663acb8,88619442912717508923131613429973903966110653719659336372623897179779068471828,110000000000000000000,1642594280000,0x2e31545dda63e8197f808273c66c94c9cb9353e1,0,1,[],0,,[],[0],2.743729245505247,3.0181021700557714e+20
840,0xf87e31492faf9a91b02ee0deaad50d51d56d5d4d,20416942015256307807802476445906092687351,4500000000000000000000,1640235289000,0x0ca96bcce5a16daabbbcb0af45f536b266619159,0,1,"['59,-9']",1,parcel,"[[7, 8, 0]]","[59.0, -9.0]",3.3014533515725324,1.4856540082076396e+22
841,0x959e104e1a4db6317fa58f8295f586e1a978c297,4194,21000000000000000000000,1643373382000,0x6e6ee1d11e05998c77c4cb2dca3b8cf7e397e498,8,2,"['-86,-120', '64,-126', '64,-127', '65,-126', '65,-127']",5,land,"[[0, 0, 0], [7, 9, 0], [7, 9, 0], [6, 8, 0], [6, 8, 0]]","[34.4, -125.2]",2.294435983046395,4.818315564397429e+22
842,0xf87e31492faf9a91b02ee0deaad50d51d56d5d4d,115792089237316195423570985008687907828769654247332994670094612272825818415120,6150000000000000000000,1643536867000,0xb915324f65edf34a1c2c80b48ed3514b29813f80,1,2,"['-72,16', '60,-18']",2,road,"[[4, 2, 6], [8, 7, 0]]","[-6.0, -1.0]",2.3763648429587017,1.4614643784196016e+22
843,0xf87e31492faf9a91b02ee0deaad50d51d56d5d4d,49681225570457015665652692685038158872553,4288000000000000000000,1641585633000,0x143bbadd6be7135268952d728cb7363831792ca2,1,1,"['145,-23']",1,parcel,"[[4, 0, 0]]","[145.0, -23.0]",3.080049033207626,1.3207250254394298e+22
844,0xf87e31492faf9a91b02ee0deaad50d51d56d5d4d,29264283555200707857850216239132066185198,6000000000000000000000,1643037781000,0xe63b9cf35426bd76f40e90d7e63252f9b28a4b4d,0,2,"['-63,39', '85,-18']",2,road,"[[0, 1, 0], [6, 6, 8]]","[11.0, 10.5]",2.097272260649448,1.2583633563896689e+22
845,0xf87e31492faf9a91b02ee0deaad50d51d56d5d4d,115792089237316195423570985008687907814477794836653579204632878760691553533851,5149000000000000000000,1643118406000,0x52af362deb54513904a324f7ab8eabfe309c7cff,0,3,"['-115,-101']",1,parcel,"[[8, 0, 0]]","[-115.0, -101.0]",2.1260324733787064,1.094694120542696e+22
846,0xf87e31492faf9a91b02ee0deaad50d51d56d5d4d,2041694201525630780780247644590609268798,5888000000000000000000,1640665875000,0x607b3a45918b2742914b6127b753ed270bb4bc7c,0,1,"['6,62']",1,parcel,"[[0, 0, 0]]","[6.0, 62.0]",3.7605323255684633,2.2142014332947113e+22
847,0x959e104e1a4db6317fa58f8295f586e1a978c297,1286,425000000000000000000000,1642680262000,0xa83bd770a30e0717b0047340c8d39fba369e4718,2,2,"['52,49', '52,48', '52,47', '52,46', '52,45', '52,44', '52,43', '52,42', '52,41', '52,40', '52,39', '53,49', '53,48', '53,47', '53,46', '53,45', '53,44', '53,43', '53,42', '53,41', '53,40', '53,39', '54,49', '54,48', '54,47', '54,46', '54,45', '54,44', '54,43', '54,42', '54,41', '54,40', '54,39', '55,49', '55,48', '55,47', '55,46', '55,45', '55,44', '55,43', '55,42', '55,41', '55,40', '55,39', '56,49', '56,48', '56,47', '56,46', '56,45', '56,44', '56,43', '56,42']",52,land,"[[0, 0, 0], [0, 0, 0], [0, 0, 0], [0, 0, 0], [0, 0, 0], [0, 0, 0], [0, 0, 0], [0, 0, 0], [0, 0, 0], [0, 0, 0], [0, 0, 0], [0, 0, 0], [0, 0, 0], [0, 0, 0], [0, 0, 0], [0, 0, 0], [0, 0, 0], [0, 0, 0], [0, 0, 0], [0, 0, 0], [0, 0, 0], [0, 0, 0], [0, 0, 0], [0, 0, 0], [0, 0, 0], [0, 0, 0], [0, 0, 0], [0, 0, 0], [0, 0, 0], [0, 0, 0], [0, 0, 0], [0, 0, 0], [0, 0, 0], [0, 0, 0], [0, 0, 0], [0, 0, 0], [0, 0, 0], [0, 0, 0], [0, 0, 0], [0, 0, 0], [0, 0, 0], [0, 0, 0], [0, 0, 0], [0, 0, 0], [0, 0, 0], [0, 0, 0], [0, 0, 0], [0, 0, 0], [0, 0, 0], [0, 0, 0], [0, 0, 0], [0, 0, 0]]","[53.88461538461539, 44.23076923076923]",2.6360883603314003,1.1203375531408451e+24
848,0xf87e31492faf9a91b02ee0deaad50d51d56d5d4d,115792089237316195423570985008687907824345983477360794645070742376212831666157,6666000000000000000000,1640361354000,0x065be3cd38e069d04569f6b8c78981e6e137a111,0,1,"['-86,-19', '-57,-136']",2,road,"[[6, 8, 8], [0, 0, 0]]","[-71.5, -77.5]",3.523907662586453,2.3490368478801295e+22
849,0xf87e31492faf9a91b02ee0deaad50d51d56d5d4d,17014118346046923173168730371588410572910,5149000000000000000000,1644297354000,0x055b14df809d19c5dae62ffc943a1c33d1d265a8,0,1,"['-54,-135', '40,128', '50,110', '126,-5']",4,road,"[[0, 0, 0], [4, 8, 0], [9, 8, 0], [3, 5, 0]]","[40.5, 24.5]",3.3015594156099715,1.6999729430975742e+22
850,0xf87e31492faf9a91b02ee0deaad50d51d56d5d4d,115792089237316195423570985008687907827408524779649240816241113843098745569317,6250000000000000000000,1641971925000,0x8a41d1d5a177d0256329eb63d10cca69c19d66dd,3,2,"['-76,37']",1,parcel,"[[0, 2, 0]]","[-76.0, 37.0]",2.943249112150101,1.839530695093813e+22
851,0xf87e31492faf9a91b02ee0deaad50d51d56d5d4d,49340943203536077202189318077606390661092,6200000000000000000000,1641901409000,0xae064428d9aeeb87fb1489360bbec12cb7ff77dd,0,3,"['140,-20', '144,-28', '146,-24']",3,road,"[[9, 0, 0], [5, 0, 0], [3, 0, 0]]","[143.33333333333334, -24.0]",2.832719320096719,1.7562859784599658e+22
852,0x959e104e1a4db6317fa58f8295f586e1a978c297,134,149500000000000000000000,1641395007000,0x03e2c10b74a260f46ab5cf881938c5888a6142df,9,3,"['-91,-61', '-26,-23', '-19,25', '-15,-125', '-13,-143', '-12,-143', '-12,-150', '13,-143', '15,-125', '17,16', '31,-118', '34,-1', '34,-2', '36,103', '59,106', '139,-104', '139,-105', '139,-106', '139,-107', '139,-108', '140,-104', '140,-105', '140,-106', '140,-107', '140,-108', '141,-104', '141,-105', '141,-106', '141,-107', '141,-108', '142,-104', '142,-105', '142,-106', '142,-107', '142,-108', '143,-104', '143,-105', '143,-106', '143,-107', '143,-108', '144,-104', '144,-105', '144,-106', '144,-107', '144,-108', '145,-104', '145,-105', '145,-106', '145,-107', '145,-108', '146,-104', '146,-105', '146,-106', '146,-107', '146,-108', '147,-104', '147,-105', '147,-106', '147,-107', '147,-108', '148,-104', '148,-105', '148,-106', '148,-107', '148,-108', '149,-104', '149,-105', '149,-106', '149,-107', '149,-108']",70,land,"[[0, 0, 0], [0, 0, 0], [0, 0, 0], [0, 0, 6], [0, 0, 9], [0, 0, 9], [0, 0, 0], [0, 0, 9], [0, 0, 6], [4, 0, 6], [0, 0, 0], [0, 0, 0], [1, 0, 0], [0, 2, 0], [0, 2, 0], [0, 0, 0], [0, 0, 0], [0, 0, 0], [0, 0, 0], [0, 0, 0], [9, 1, 0], [9, 1, 0], [9, 1, 0], [9, 1, 0], [9, 1, 0], [8, 2, 0], [8, 2, 0], [8, 2, 0], [8, 2, 0], [8, 2, 0], [7, 3, 0], [7, 3, 0], [7, 3, 0], [7, 3, 0], [7, 3, 0], [6, 4, 0], [6, 4, 0], [6, 4, 0], [6, 4, 0], [6, 4, 0], [5, 5, 0], [5, 5, 0], [5, 5, 0], [5, 5, 0], [5, 5, 0], [4, 6, 0], [4, 6, 0], [4, 6, 0], [4, 6, 0], [4, 6, 0], [3, 7, 0], [3, 7, 0], [3, 7, 0], [3, 7, 0], [3, 7, 0], [2, 8, 0], [2, 8, 0], [2, 8, 0], [2, 8, 0], [2, 8, 0], [1, 9, 0], [1, 9, 0], [1, 9, 0], [1, 9, 0], [1, 9, 0], [0, 0, 0], [0, 0, 0], [0, 0, 0], [0, 0, 0], [0, 0, 0]]","[113.87142857142857, -94.48571428571428]",2.9390688380014987,4.3939079128122406e+23
853,0x959e104e1a4db6317fa58f8295f586e1a978c297,3209,8000000000000000000000,1640957230000,0xf179344bbec75ad4522bd6b2c780b2e13b3469a2,2,2,"['-139,-138', '-113,-60', '-107,20', '-106,20', '-101,-48', '-97,-22', '-57,-139', '-17,-142', '19,9', '39,72', '63,-13', '136,50']",12,road,"[[0, 0, 0], [0, 0, 0], [4, 0, 0], [4, 0, 0], [0, 0, 0], [1, 2, 0], [0, 0, 0], [0, 0, 8], [6, 0, 8], [0, 8, 0], [6, 4, 8], [6, 8, 0]]","[-40.0, -32.583333333333336]",3.2837753609862053,2.627020288788964e+22
854,0xf87e31492faf9a91b02ee0deaad50d51d56d5d4d,51042355038140769519506191114765231718322,4999000000000000000000,1641705220000,0x20ae9f9f03c74e855052ddfb0930012a43812788,0,1,"['149,-77', '149,-78']",2,road,"[[0, 0, 0], [0, 0, 0]]","[149.0, -77.5]",2.954629844358916,1.4770194591950221e+22
855,0x959e104e1a4db6317fa58f8295f586e1a978c297,4658,11999000000000000000000,1643779229000,0x0636211443e91468ee3657e1d7faede7059c4843,0,1,"['-86,-110', '-73,41', '-34,-3', '-34,-9', '-33,-3', '-4,48', '22,-1', '25,128', '25,-83', '30,9', '33,16', '38,10', '38,9', '38,8', '39,10', '39,9', '39,8']",17,land,"[[0, 0, 0], [8, 2, 0], [1, 0, 0], [7, 0, 0], [1, 0, 0], [1, 3, 0], [0, 0, 0], [0, 0, 0], [0, 0, 0], [7, 0, 0], [0, 0, 0], [8, 0, 0], [7, 0, 0], [6, 0, 0], [8, 0, 0], [7, 0, 0], [6, 0, 0]]","[6.0, 5.117647058823529]",2.697334799791993,3.236532026270413e+22
856,0x959e104e1a4db6317fa58f8295f586e1a978c297,328,20000000000000000000000,1643888733000,0xf179344bbec75ad4522bd6b2c780b2e13b3469a2,5,3,"['-139,-138', '-113,-60', '-107,20', '-106,20', '-101,-48', '-97,-22', '-59,-24', '-59,-25', '-58,-24', '-58,-25', '-57,-139', '-17,-142', '19,9', '39,72', '63,-13', '136,50']",16,road,"[[0, 0, 0], [0, 0, 0], [4, 0, 0], [4, 0, 0], [0, 0, 0], [1, 2, 0], [7, 0, 0], [7, 0, 0], [6, 0, 0], [6, 0, 0], [0, 0, 0], [0, 0, 8], [6, 0, 8], [0, 8, 0], [6, 4, 8], [6, 8, 0]]","[-44.625, -30.5625]",2.559175162581649,5.1183503251632976e+22
857,0xf87e31492faf9a91b02ee0deaad50d51d56d5d4d,41174166397433554079068327499243953586158,5100000000000000000000,1642075786000,0xe05de1d5407290ab9edcdfeca2d8001653eb384f,1,4,"['-75,-112', '120,-18']",2,road,"[[0, 0, 0], [0, 0, 0]]","[22.5, -65.0]",2.904286712625543,1.4811862234390268e+22
858,0xf87e31492faf9a91b02ee0deaad50d51d56d5d4d,115792089237316195423570985008687907840679537089565840891312723532937705816039,4420000000000000000000,1641296446000,0x07782a932791ab916582f57e9956b4599eb752f2,0,1,"['-38,-25']",1,parcel,"[[0, 0, 0]]","[-38.0, -25.0]",3.2654965487737213,1.4433494745579847e+22
859,0xf87e31492faf9a91b02ee0deaad50d51d56d5d4d,3402823669209384634633746074317682114622,5388000000000000000000,1642187264000,0x4cf0c965f930b055649e9d8639b7ca25867b197d,0,1,"['10,62']",1,parcel,"[[0, 0, 0]]","[10.0, 62.0]",2.9626491224649576,1.5962753471841191e+22
860,0xf87e31492faf9a91b02ee0deaad50d51d56d5d4d,41514448764354492542531702106675721797615,4360000000000000000000,1640097577000,0xeb33428861fa43b36fcf3f2f59bf6eb4f5ecf209,1,2,"['121,-17']",1,parcel,"[[0, 0, 0]]","[121.0, -17.0]",3.302356930069449,1.4398276215102799e+22
861,0x959e104e1a4db6317fa58f8295f586e1a978c297,918,49999000000000000000000,1643221351000,0x0bb71223a36253f9cb704a065099d2ffe187f85d,10,5,"['44,-52', '44,-53', '45,-52', '45,-53', '46,-53', '47,-53']",6,land,"[[0, 0, 7], [0, 0, 7], [0, 0, 6], [0, 0, 6], [0, 0, 5], [0, 0, 4]]","[45.166666666666664, -52.666666666666664]",2.1741773039497394,1.0870669102018302e+23
862,0xf87e31492faf9a91b02ee0deaad50d51d56d5d4d,115792089237316195423570985008687907844422643125696163989409844214687156142102,7000000000000000000000,1640168906000,0x7057a463ff4effbe109b689edebddfd27c582e4b,1,1,"['-26,23', '-26,22', '-25,23', '-25,22', '-24,22']",5,road,"[[1, 0, 0], [0, 0, 0], [1, 0, 0], [0, 0, 0], [0, 0, 0]]","[-25.2, 22.4]",3.302356930069449,2.3116498510486142e+22
863,0xf87e31492faf9a91b02ee0deaad50d51d56d5d4d,115792089237316195423570985008687907834554454484988948548971980599165878009755,5188000000000000000000,1641486602000,0xdfa20eacea73656c93811ecdc7bcae034fe10e70,0,1,"['-56,-101', '-55,-101']",2,road,"[[0, 0, 0], [0, 0, 0]]","[-55.5, -101.0]",3.3829650695793463,1.7550822780977648e+22
864,0x959e104e1a4db6317fa58f8295f586e1a978c297,4605,9995000000000000000000,1641798157000,0xa5273056e39d0e6b9b42a1a573364d2ac1768754,0,1,"['-27,-41', '-27,-42', '26,128']",3,road,"[[8, 0, 0], [7, 0, 0], [0, 0, 0]]","[-9.333333333333334, 15.0]",2.955280483500563,2.9538028432588125e+22
865,0xf87e31492faf9a91b02ee0deaad50d51d56d5d4d,115792089237316195423570985008687907839658689988803025500922599710642401181593,4697000000000000000000,1644436505000,0x5f9cb81e7cc544f39116aedd844cb0cd74af026f,0,2,"['-41,-103']",1,parcel,"[[0, 0, 0]]","[-41.0, -103.0]",3.3539721443673747,1.5753607162093558e+22
866,0xf87e31492faf9a91b02ee0deaad50d51d56d5d4d,50021507937377954129116067292469927084012,4000000000000000000000,1641196464000,0x515731fae006e8223861853b32dce023adc7801e,0,1,"['146,-20']",1,parcel,"[[3, 0, 0]]","[146.0, -20.0]",3.3512812933629488,1.3405125173451795e+22
867,0xf87e31492faf9a91b02ee0deaad50d51d56d5d4d,14632141777600353928925108119566033092601,4760000000000000000000,1640803443000,0xd25d75939e756c263749e155acc4d0d0f4b653ee,0,1,"['42,-7']",1,parcel,"[[6, 0, 0]]","[42.0, -7.0]",3.2585024930271618,1.551047186680929e+22
868,0x959e104e1a4db6317fa58f8295f586e1a978c297,3298,52222000000000000000000,1644160944000,0x072fa5eb0fa34587d6355d6a0a9913ecc6b62025,6,4,"['-86,-116', '-86,-117', '-86,-118', '-85,-116', '-85,-117', '-85,-118', '-84,-116', '-84,-117', '-84,-118']",9,land,"[[0, 0, 0], [0, 0, 0], [0, 0, 0], [0, 0, 0], [0, 0, 0], [0, 0, 0], [0, 0, 0], [0, 0, 0], [0, 0, 0]]","[-85.0, -117.0]",3.318725280995242,1.733104716241335e+23
869,0xf87e31492faf9a91b02ee0deaad50d51d56d5d4d,115792089237316195423570985008687907802567911994420732983414767500579666132973,6800000000000000000000,1642773854000,0x1f91ccbd5d95c67e9772e500bc25e17b2c636916,4,1,"['-150,-19']",1,parcel,"[[0, 0, 0]]","[-150.0, -19.0]",2.2301581473863834,1.5165075402227408e+22
870,0xf87e31492faf9a91b02ee0deaad50d51d56d5d4d,4423670769972200025023869896612986748796,6690000000000000000000,1642292442000,0x55d089524b6561ac6a27219d004dba15a7ecde4a,1,1,"['12,-132']",1,parcel,"[[0, 0, 1]]","[12.0, -132.0]",2.9998911780482875,2.006927198114304e+22
871,0xf87e31492faf9a91b02ee0deaad50d51d56d5d4d,115792089237316195423570985008687907839658689988803025500922599710642401181593,5399000000000000000000,1644630937000,0x5f9cb81e7cc544f39116aedd844cb0cd74af026f,0,2,"['-41,-103']",1,parcel,"[[0, 0, 0]]","[-41.0, -103.0]",2.934937766523291,1.584572900145925e+22
872,0xf87e31492faf9a91b02ee0deaad50d51d56d5d4d,47639531368931384884872445040447549603824,4100000000000000000000,1641045707000,0xce8255c6d8d2d6ed54425501bd599b512e9fd28c,0,1,"['139,-16']",1,parcel,"[[0, 0, 0]]","[139.0, -16.0]",3.362912168662877,1.3787939891517797e+22
873,0xf87e31492faf9a91b02ee0deaad50d51d56d5d4d,115792089237316195423570985008687907835235019218830825475898729814029414432633,5000000000000000000000,1642420696000,0x055b14df809d19c5dae62ffc943a1c33d1d265a8,0,3,"['-54,-135', '40,128', '50,110', '126,-5']",4,road,"[[0, 0, 0], [4, 8, 0], [9, 8, 0], [3, 5, 0]]","[40.5, 24.5]",3.124674912948848,1.562337456474424e+22
874,0xf87e31492faf9a91b02ee0deaad50d51d56d5d4d,2722258935367507707706996859454145691710,5800000000000000000000,1642953396000,0xf326e6da24e93e4e69bb456844ad607479ca9a01,0,1,"['8,62']",1,parcel,"[[0, 0, 0]]","[8.0, 62.0]",2.1191673192784792,1.229117045181518e+22
875,0xf87e31492faf9a91b02ee0deaad50d51d56d5d4d,41854731131275431005995076714107490009081,4180000000000000000000,1640231649000,0x7156798069982846f046779b26e628d776643c2e,0,3,"['122,-7']",1,parcel,"[[5, 7, 0]]","[122.0, -7.0]",3.3014533515725324,1.3800075009573186e+22
876,0x34ed0aa248f60f54dd32fbc9883d6137a491f4f3,293,220000000000000000000,1643368882000,0x731140ae1b313b7c855a690b037b61c1a1c049cd,0,1,[],0,,[],[0],2.26664990562353,4.986629792371766e+20
877,0xf87e31492faf9a91b02ee0deaad50d51d56d5d4d,19055812547572553953948978016179019841565,5980000000000000000000,1644030502000,0x8b52ff65e37bd4c7b6f857676ffc67df4e790100,0,1,"['56,29']",1,parcel,"[[4, 3, 0]]","[56.0, 29.0]",2.827924994351074,1.6910991466219421e+22
878,0xf87e31492faf9a91b02ee0deaad50d51d56d5d4d,141,5677000000000000000000,1642855136000,0x5ce213893956bbf4249a7f8a079331280065eec6,0,2,"['-135,-123', '-108,-62', '-91,-74', '-85,-35', '-70,-110', '-51,-130', '0,141', '6,-143', '8,-94', '9,61', '11,61', '12,-94', '37,-61', '40,-61', '43,59']",15,road,"[[0, 0, 0], [1, 0, 0], [4, 0, 0], [1, 0, 0], [0, 0, 0], [0, 0, 0], [1, 3, 0], [0, 0, 9], [0, 0, 2], [0, 0, 0], [0, 0, 0], [0, 0, 2], [2, 0, 0], [5, 0, 0], [6, 3, 8]]","[-24.933333333333334, -44.333333333333336]",2.0414460677600186,1.1589289326673624e+22
879,0xf87e31492faf9a91b02ee0deaad50d51d56d5d4d,115792089237316195423570985008687907816859771405100148448876501012713931014081,5499000000000000000000,1643650569000,0xd8fa4d9eeb5b27e6e41ab9454950c9c7171df6df,0,1,"['-108,-63']",1,parcel,"[[0, 0, 0]]","[-108.0, -63.0]",2.838711845336331,1.5610076437504485e+22
880,0xf87e31492faf9a91b02ee0deaad50d51d56d5d4d,16673835979125984709705355764156642361256,5488000000000000000000,1640497191000,0xa50bb024840a02fdac7289ab2f4ae58250ff2e75,3,1,"['48,-88']",1,parcel,"[[0, 0, 0]]","[48.0, -88.0]",3.772988799640287,2.0706162532425895e+22
881,0xf87e31492faf9a91b02ee0deaad50d51d56d5d4d,41514448764354492542531702106675721797627,4270000000000000000000,1640665569000,0x2d03e6d1001e486d1e58690fc7cb3fe3f87c1149,0,2,"['-20,-140', '-20,-141', '-19,-140', '-19,-141', '121,-5']",5,road,"[[0, 0, 6], [0, 0, 7], [0, 0, 6], [0, 0, 7], [3, 5, 0]]","[8.6, -113.4]",3.7605323255684633,1.6057473030177337e+22
882,0xf87e31492faf9a91b02ee0deaad50d51d56d5d4d,115792089237316195423570985008687907824345983477360794645070742376212831666158,6666000000000000000000,1643034312000,0x7ebc5bb4f5948a932ca00f2e8c001911c98f5262,1,1,"['-86,-18']",1,parcel,"[[5, 8, 7]]","[-86.0, -18.0]",2.097272260649448,1.398041688948922e+22
883,0xf87e31492faf9a91b02ee0deaad50d51d56d5d4d,115792089237316195423570985008687907844422643125696163989409844214687156142033,4750000000000000000000,1641585546000,0x959e104e1a4db6317fa58f8295f586e1a978c297,1,1,[],0,,[],[0],3.080049033207626,1.4630232907736223e+22
884,0xf87e31492faf9a91b02ee0deaad50d51d56d5d4d,13271012309916600075071609689838960246856,5383000000000000000000,1643536114000,0xf179344bbec75ad4522bd6b2c780b2e13b3469a2,0,2,"['-139,-138', '-113,-60', '-107,20', '-106,20', '-101,-48', '-97,-22', '-57,-139', '-17,-142', '19,9', '39,72', '63,-13', '136,50']",12,road,"[[0, 0, 0], [0, 0, 0], [4, 0, 0], [4, 0, 0], [0, 0, 0], [1, 2, 0], [0, 0, 0], [0, 0, 8], [6, 0, 8], [0, 8, 0], [6, 4, 8], [6, 8, 0]]","[-40.0, -32.583333333333336]",2.3763648429587017,1.2791971949646692e+22
885,0xf87e31492faf9a91b02ee0deaad50d51d56d5d4d,13271012309916600075071609689838960246705,5777000000000000000000,1643116172000,0x80727338b14b457f628639ebe0e982bb8f419a07,2,2,"['38,-79']",1,parcel,"[[3, 0, 0]]","[38.0, -79.0]",2.1260324733787064,1.2282089598708787e+22
886,0xf87e31492faf9a91b02ee0deaad50d51d56d5d4d,21097506749098184734729225660769629110150,5100000000000000000000,1642592293000,0x880022503fe93c8842612187800d7cdc17b11770,5,7,"['61,-122']",1,parcel,"[[4, 0, 0]]","[61.0, -122.0]",2.8616232703619104,1.4594278678845744e+22
887,0xf87e31492faf9a91b02ee0deaad50d51d56d5d4d,115792089237316195423570985008687907834894736851909887012435355206597646221178,5025000000000000000000,1642677481000,0xdb4afcdcdb7287a10d222100feaecdeffde646a0,3,2,"['-55,-134']",1,parcel,"[[0, 0, 0]]","[-55.0, -134.0]",2.743729245505247,1.3787239458663865e+22
888,0xf87e31492faf9a91b02ee0deaad50d51d56d5d4d,115792089237316195423570985008687907833193325017305194695118482169438805164022,4777000000000000000000,1640360454000,0xe0383782ceb7249fe6fe078306aebdd76f45d9c9,0,1,"['-60,-10']",1,parcel,"[[8, 3, 0]]","[-60.0, -10.0]",3.523907662586453,1.6833706904175486e+22
889,0xf87e31492faf9a91b02ee0deaad50d51d56d5d4d,13611294676837538538534984297270728458368,5100000000000000000000,1644297232000,0x055b14df809d19c5dae62ffc943a1c33d1d265a8,2,2,"['-54,-135', '40,128', '50,110', '126,-5']",4,road,"[[0, 0, 0], [4, 8, 0], [9, 8, 0], [3, 5, 0]]","[40.5, 24.5]",3.3015594156099715,1.6837953019610854e+22
890,0xf87e31492faf9a91b02ee0deaad50d51d56d5d4d,115792089237316195423570985008687907832853042650384256231655107562007036952544,4449000000000000000000,1640954264000,0x332cb9afd887fbc4355892efb507f72f8d3f9605,0,2,"['-61,-32']",1,parcel,"[[9, 0, 0]]","[-61.0, -32.0]",3.2837753609862053,1.4609516581027626e+22
891,0xf87e31492faf9a91b02ee0deaad50d51d56d5d4d,25521177519070384759753095557382615859056,6888000000000000000000,1641967819000,0xc3baa0fa5f21af0157548bebf57028516fca7a71,2,3,"['74,-144']",1,parcel,"[[0, 5, 0]]","[74.0, -144.0]",2.943249112150101,2.0273099884489897e+22
892,0xf87e31492faf9a91b02ee0deaad50d51d56d5d4d,115792089237316195423570985008687907847825466794905548624043590289004838256684,7100000000000000000000,1641388813000,0xb389bd9eb9c2fdf4775182af6450f3524f30bcdc,3,2,"['-16,44']",1,parcel,"[[0, 7, 0]]","[-16.0, 44.0]",2.9390688380014987,2.0867388749810642e+22
893,0xf87e31492faf9a91b02ee0deaad50d51d56d5d4d,47639531368931384884872445040447549603702,6740000000000000000000,1641900147000,0xf7c0d9cd888db54d5864940fad6f33e326744e27,7,1,"['139,-138']",1,parcel,"[[0, 0, 0]]","[139.0, -138.0]",2.832719320096719,1.9092528217451884e+22
894,0xf87e31492faf9a91b02ee0deaad50d51d56d5d4d,51042355038140769519506191114765231718323,4999000000000000000000,1641705018000,0x20ae9f9f03c74e855052ddfb0930012a43812788,0,1,"['149,-77', '149,-78']",2,road,"[[0, 0, 0], [0, 0, 0]]","[149.0, -77.5]",2.954629844358916,1.4770194591950221e+22
895,0xf87e31492faf9a91b02ee0deaad50d51d56d5d4d,115792089237316195423570985008687907806651300397471994544975262789760884670414,4850000000000000000000,1640091412000,0xb628bc2556d782875ba27587da7103afab2a97a4,1,5,"['-138,-50']",1,parcel,"[[0, 0, 0]]","[-138.0, -50.0]",3.302356930069449,1.6016431110836827e+22
896,0xf87e31492faf9a91b02ee0deaad50d51d56d5d4d,115792089237316195423570985008687907852249137564877748649067460185617825005445,6456000000000000000000,1643886718000,0x959e104e1a4db6317fa58f8295f586e1a978c297,0,2,[],0,,[],[0],2.559175162581649,1.6522034849627125e+22
897,0xf87e31492faf9a91b02ee0deaad50d51d56d5d4d,115792089237316195423570985008687907802567911994420732983414767500579666132975,6420000000000000000000,1643220148000,0x7565eeb79bffbec5353c34827ecc0ea8205d96d9,4,1,"['-150,-17']",1,parcel,"[[2, 0, 0]]","[-150.0, -17.0]",2.1741773039497394,1.3958218291357327e+22
898,0x959e104e1a4db6317fa58f8295f586e1a978c297,120,14000000000000000000000,1641295688000,0x03e2c10b74a260f46ab5cf881938c5888a6142df,0,1,"['-91,-61', '-51,-110', '-50,-110', '-26,-23', '-19,25', '-15,-125', '-13,-143', '-12,-143', '-12,-150', '13,-143', '15,-125', '17,16', '31,-118', '34,-1', '34,-2', '36,103', '59,106']",17,road,"[[0, 0, 0], [0, 0, 0], [0, 0, 0], [0, 0, 0], [0, 0, 0], [0, 0, 6], [0, 0, 9], [0, 0, 9], [0, 0, 0], [0, 0, 9], [0, 0, 6], [4, 0, 6], [0, 0, 0], [0, 0, 0], [1, 0, 0], [0, 2, 0], [0, 2, 0]]","[-2.9411764705882355, -59.05882352941177]",3.2654965487737213,4.57169516828321e+22
899,0xf87e31492faf9a91b02ee0deaad50d51d56d5d4d,115792089237316195423570985008687907834214172118068010085508605991734109798354,5690000000000000000000,1644422162000,0x989b85f93ec96150b222266ff1687708c923236b,3,2,"['-57,-46']",1,parcel,"[[3, 0, 5]]","[-57.0, -46.0]",3.3539721443673747,1.908410150145036e+22
900,0xf87e31492faf9a91b02ee0deaad50d51d56d5d4d,4083388403051261561560495289181218537352,5199000000000000000000,1641795460000,0x959e104e1a4db6317fa58f8295f586e1a978c297,0,2,[],0,,[],[0],2.955280483500563,1.5364503233719427e+22
901,0xf87e31492faf9a91b02ee0deaad50d51d56d5d4d,26542024619833200150143219379677920493598,7994000000000000000000,1642173028000,0x7bbb5e85872c907ca25631f8e011ff1ea03575a2,0,1,"['78,30']",1,parcel,"[[0, 4, 0]]","[78.0, 30.0]",2.9626491224649576,2.368341708498487e+22
902,0x959e104e1a4db6317fa58f8295f586e1a978c297,4589,30249000000000000000000,1641185544000,0x85e78b9c7128c95869d691e40ac6106f3190d9fd,1,1,"['-56,-98', '-56,-99', '-56,-100', '-55,-98', '-55,-99', '-55,-100']",6,land,"[[0, 0, 0], [0, 0, 0], [0, 0, 0], [0, 0, 0], [0, 0, 0], [0, 0, 0]]","[-55.5, -99.0]",3.3512812933629488,1.0137290784293584e+23
903,0xf87e31492faf9a91b02ee0deaad50d51d56d5d4d,115792089237316195423570985008687907844762925492617102452873218822118924353558,7000000000000000000000,1640168758000,0x7057a463ff4effbe109b689edebddfd27c582e4b,1,1,"['-26,23', '-26,22', '-25,23', '-25,22', '-24,22']",5,road,"[[1, 0, 0], [0, 0, 0], [1, 0, 0], [0, 0, 0], [0, 0, 0]]","[-25.2, 22.4]",3.302356930069449,2.3116498510486142e+22
904,0xf87e31492faf9a91b02ee0deaad50d51d56d5d4d,115792089237316195423570985008687907834894736851909887012435355206597646221211,5420000000000000000000,1641486389000,0xdfa20eacea73656c93811ecdc7bcae034fe10e70,0,1,"['-56,-101', '-55,-101']",2,road,"[[0, 0, 0], [0, 0, 0]]","[-55.5, -101.0]",3.3829650695793463,1.8335670677120058e+22
905,0xf87e31492faf9a91b02ee0deaad50d51d56d5d4d,115792089237316195423570985008687907815158359570495456131559627975555089956820,5250000000000000000000,1644617390000,0x56d358bbbac4ca788a714b66729ef855e80fce63,0,1,"['-113,-44']",1,parcel,"[[1, 0, 0]]","[-113.0, -44.0]",2.934937766523291,1.5408423274247277e+22
906,0xf87e31492faf9a91b02ee0deaad50d51d56d5d4d,41514448764354492542531702106675721797617,5600000000000000000000,1642071704000,0x167e6c08433e81bd709179b2afc23de517c70c23,0,3,"['121,-15', '139,-147']",2,road,"[[0, 0, 0], [2, 9, 0]]","[130.0, -81.0]",3.10225498674441,1.7372627925768696e+22
907,0xf87e31492faf9a91b02ee0deaad50d51d56d5d4d,115792089237316195423570985008687907818561183239704840766193374049872772071356,4888000000000000000000,1641011385000,0xed5f91c90cca7c18ef9caba7b627c7ca5c693f7e,1,2,"['-103,-68', '-102,-68']",2,road,"[[0, 0, 0], [0, 0, 0]]","[-102.5, -68.0]",3.2837753609862053,1.6051093964500572e+22
908,0xf87e31492faf9a91b02ee0deaad50d51d56d5d4d,115792089237316195423570985008687907846804619694142733233653466466709533622132,4988000000000000000000,1640785486000,0x2d03e6d1001e486d1e58690fc7cb3fe3f87c1149,0,1,"['-20,-140', '-20,-141', '-19,-140', '-19,-141', '121,-5']",5,road,"[[0, 0, 6], [0, 0, 7], [0, 0, 6], [0, 0, 7], [3, 5, 0]]","[8.6, -113.4]",3.2585024930271618,1.6253410435219482e+22
909,0xf87e31492faf9a91b02ee0deaad50d51d56d5d4d,340282366920938463463374607431768211596,8420000000000000000000,1642290114000,0x7fa440f31183deff6d935906b9c905458a4412fc,0,2,"['1,140']",1,parcel,"[[0, 2, 0]]","[1.0, 140.0]",2.9998911780482875,2.525908371916658e+22
910,0xf87e31492faf9a91b02ee0deaad50d51d56d5d4d,2722258935367507707706996859454145691711,6333000000000000000000,1642769935000,0x95b3a979fedc5533c9e4678c3d998652270dfc54,0,1,"['8,63', '70,-43']",2,road,"[[0, 0, 0], [1, 3, 8]]","[39.0, 10.0]",2.2301581473863834,1.4123591547397966e+22
911,0xf87e31492faf9a91b02ee0deaad50d51d56d5d4d,115792089237316195423570985008687907807672147498234809935365386612056189304708,4799000000000000000000,1644140688000,0xa4fe5ae07b33ca246757e747bedc6575f1b07fda,2,6,"['-135,-124', '-71,-116']",2,road,"[[0, 0, 0], [0, 0, 0]]","[-103.0, -120.0]",3.047315041602274,1.4624064884649312e+22
912,0xf87e31492faf9a91b02ee0deaad50d51d56d5d4d,115792089237316195423570985008687907835235019218830825475898729814029414432634,5000000000000000000000,1642420123000,0x83064b8490d039fead8eb8947bdf0e82f583eca7,1,3,"['-54,-133', '-54,-134']",2,road,"[[0, 0, 0], [0, 0, 0]]","[-54.0, -133.5]",3.124674912948848,1.562337456474424e+22
913,0xf87e31492faf9a91b02ee0deaad50d51d56d5d4d,115792089237316195423570985008687907842380948924170533208629596570096546873436,12000000000000000000000,1642952741000,0x537f61f275c922e5a428ff57c09f92b3ec0e555c,2,1,"['-32,92']",1,parcel,"[[0, 2, 0]]","[-32.0, 92.0]",2.1191673192784792,2.543000783134175e+22
914,0xf87e31492faf9a91b02ee0deaad50d51d56d5d4d,3743106036130323098097120681749450325972,6496000000000000000000,1643761809000,0x086094b503436539a50b6b5197661f12557c13bb,0,1,"['-25,13', '10,-44']",2,road,"[[0, 0, 0], [5, 0, 0]]","[-7.5, -15.5]",2.697334799791993,1.7521886859448788e+22
915,0xf87e31492faf9a91b02ee0deaad50d51d56d5d4d,49681225570457015665652692685038158872548,3888000000000000000000,1640660932000,0x8e34fc70b726dbf4c353bc6d66fec99a55ced783,0,1,"['145,-28']",1,parcel,"[[4, 0, 0]]","[145.0, -28.0]",3.7605323255684633,1.4620949681810184e+22
916,0xf87e31492faf9a91b02ee0deaad50d51d56d5d4d,115792089237316195423570985008687907849526878629510240941360463326163679313778,4950000000000000000000,1640492830000,0xd64ae8e2f1648206b785d7d692eb170036943894,0,1,"['-12,-142']",1,parcel,"[[0, 0, 8]]","[-12.0, -142.0]",3.772988799640287,1.8676294558219424e+22
917,0xf87e31492faf9a91b02ee0deaad50d51d56d5d4d,7145929705339707732730866756067132440594,9999000000000000000000,1643115073000,0xb2e19dd996848818d972dd3a60a1b7faffb82330,0,2,"['-150,-137', '-132,-45', '-96,-88', '-56,-18', '-37,49', '2,34', '3,40', '10,13', '12,-31', '18,15', '19,10', '20,11', '20,10', '20,9', '21,20', '21,19', '21,18', '23,11', '67,-121', '71,29']",20,road,"[[0, 0, 0], [0, 0, 0], [0, 0, 0], [4, 7, 0], [0, 2, 0], [0, 0, 0], [1, 0, 0], [1, 0, 3], [2, 0, 0], [5, 0, 7], [6, 0, 8], [7, 0, 9], [7, 0, 9], [7, 0, 9], [8, 0, 0], [8, 0, 0], [8, 0, 0], [9, 0, 0], [3, 6, 0], [0, 3, 0]]","[-6.15, -7.6]",2.1260324733787064,2.1258198701313685e+22
918,0x959e104e1a4db6317fa58f8295f586e1a978c297,1737,45000000000000000000000,1644022652000,0xa01424b7540adbb792375dcf97b733a5d68ad347,10,1,"['-112,-41', '-108,-45', '-77,-32', '-64,-7', '-60,-12', '-59,129', '-46,83', '-42,125', '-38,-8', '-22,-103', '-20,30', '-1,16', '-1,15', '14,62', '25,-9', '27,86', '33,65', '39,-61', '40,-5', '41,74', '45,114', '45,113', '46,114', '46,113', '48,115', '48,114', '48,113', '49,114', '56,-7', '59,132', '59,-74', '138,47']",32,road,"[[0, 0, 0], [0, 0, 0], [9, 0, 0], [0, 0, 0], [8, 3, 0], [0, 0, 0], [5, 2, 0], [0, 6, 0], [6, 0, 0], [0, 0, 0], [0, 0, 0], [0, 0, 6], [0, 0, 5], [0, 0, 0], [0, 0, 0], [6, 0, 0], [0, 1, 0], [4, 0, 0], [4, 0, 0], [8, 0, 0], [9, 0, 0], [9, 0, 0], [0, 0, 0], [0, 0, 0], [0, 0, 0], [0, 0, 0], [0, 0, 0], [0, 0, 0], [4, 0, 0], [0, 0, 0], [0, 0, 2], [9, 0, 0]]","[8.0, 42.8125]",2.827924994351074,1.2725662474579832e+23
919,0x959e104e1a4db6317fa58f8295f586e1a978c297,1180,22997000000000000000000,1642854964000,0x13a6a9602b2994586df94648045f7a113ba39044,5,1,"['-115,-63', '-114,-63']",2,land,"[[0, 0, 0], [0, 0, 0]]","[-114.5, -63.0]",2.0414460677600186,4.694713522027715e+22
920,0x959e104e1a4db6317fa58f8295f586e1a978c297,3535,82888000000000000000000,1643028207000,0x8dbfbd35f8bc9622ef907c372f4d91188d4de8b3,7,5,"['35,-71', '35,-72', '35,-73', '35,-74', '35,-75', '36,-71', '36,-72', '36,-73', '36,-74', '36,-75', '37,-71', '37,-72', '37,-73', '37,-74', '37,-75']",15,land,"[[0, 0, 0], [0, 0, 0], [0, 0, 0], [0, 0, 0], [0, 0, 0], [1, 0, 0], [1, 0, 0], [1, 0, 0], [1, 0, 0], [1, 0, 0], [2, 0, 0], [2, 0, 0], [2, 0, 0], [2, 0, 0], [2, 0, 0]]","[36.0, -73.0]",2.097272260649448,1.7383870314071144e+23
921,0xf87e31492faf9a91b02ee0deaad50d51d56d5d4d,115792089237316195423570985008687907834214172118068010085508605991734109798406,7000000000000000000000,1643363553000,0x4428a895806d7da2370f3375517fc1059339b7f1,0,1,"['-56,6']",1,parcel,"[[4, 0, 0]]","[-56.0, 6.0]",2.26664990562353,1.586654933936471e+22
922,0xf87e31492faf9a91b02ee0deaad50d51d56d5d4d,20076659648335369344339101838474324475898,4680000000000000000000,1640228408000,0x959e104e1a4db6317fa58f8295f586e1a978c297,0,1,[],0,,[],[0],3.3014533515725324,1.5450801685359451e+22
923,0xf87e31492faf9a91b02ee0deaad50d51d56d5d4d,5444517870735015415413993718908291383232,6000000000000000000000,1643650515000,0x762c86cbd4e0b88d8d734ec8507b29e00d09b4fd,1,3,"['-6,-58', '15,-64']",2,road,"[[2, 0, 0], [0, 0, 7]]","[4.5, -61.0]",2.838711845336331,1.7032271072017986e+22
924,0xf87e31492faf9a91b02ee0deaad50d51d56d5d4d,115792089237316195423570985008687907832853042650384256231655107562007036952710,4470000000000000000000,1641574321000,0x7568de3ac3e1e5c8e15dbd9ac3f7aad197a5f226,0,2,"['-60,134', '29,-72']",2,road,"[[3, 0, 0], [0, 0, 0]]","[-15.5, 31.0]",3.080049033207626,1.3767819178438088e+22
925,0xf87e31492faf9a91b02ee0deaad50d51d56d5d4d,50021507937377954129116067292469927084011,4900000000000000000000,1642673169000,0xd91fbb9d4fd7cceb4b167ba827b68ad4d2d0c385,0,2,"['146,-21']",1,parcel,"[[3, 0, 0]]","[146.0, -21.0]",2.743729245505247,1.3444273302975709e+22
926,0xf87e31492faf9a91b02ee0deaad50d51d56d5d4d,50361790304298892592579441899901695295430,5999000000000000000000,1643505709000,0xafe917b99e9ff99c0b23e73404d375f4a26e663e,0,3,"['147,-58']",1,parcel,"[[2, 8, 0]]","[147.0, -58.0]",2.3763648429587017,1.4255812692909251e+22
927,0xf87e31492faf9a91b02ee0deaad50d51d56d5d4d,115792089237316195423570985008687907847144902061063671697116841074141301833587,5288000000000000000000,1640950013000,0x2d03e6d1001e486d1e58690fc7cb3fe3f87c1149,0,1,"['-20,-140', '-20,-141', '-19,-140', '-19,-141', '121,-5']",5,road,"[[0, 0, 6], [0, 0, 7], [0, 0, 6], [0, 0, 7], [3, 5, 0]]","[8.6, -113.4]",3.297564315644028,1.743752010112562e+22
928,0xf87e31492faf9a91b02ee0deaad50d51d56d5d4d,42195013498196369469458451321539258220539,5100000000000000000000,1641887684000,0x602d59f1882b8fe0c95789cb7e0df8be4a024197,0,2,"['123,-5']",1,parcel,"[[3, 5, 0]]","[123.0, -5.0]",2.832719320096719,1.4446868532493266e+22
929,0xf87e31492faf9a91b02ee0deaad50d51d56d5d4d,42195013498196369469458451321539258220538,3995000000000000000000,1640357491000,0x8b1479f258d07ee1ddcefb8991e32b65145ace56,0,1,"['123,-6']",1,parcel,"[[4, 6, 0]]","[123.0, -6.0]",3.523907662586453,1.4078011112032882e+22
930,0x959e104e1a4db6317fa58f8295f586e1a978c297,4427,13000000000000000000000,1642589818000,0xed07d4fc439ed39b0df22ddc80cbd44aa6a0adc3,2,1,"['-141,-27']",1,parcel,"[[0, 7, 0]]","[-141.0, -27.0]",2.8616232703619104,3.7201102514704838e+22
931,0xf87e31492faf9a91b02ee0deaad50d51d56d5d4d,115792089237316195423570985008687907828429371880412056206631237665394050203685,5287000000000000000000,1641962484000,0x224903975fffc090400da372b2e8256e6cb8209d,0,1,"['-73,37']",1,parcel,"[[0, 3, 0]]","[-73.0, 37.0]",2.943249112150101,1.5560958055937586e+22
932,0x959e104e1a4db6317fa58f8295f586e1a978c297,3568,18000000000000000000000,1644296623000,0xa8f98b7b2039256ba66a12fead20e750ecf9670d,3,2,"['-70,137', '-54,125', '-11,-135', '-10,-135', '139,-73', '139,-74', '140,-73', '140,-74']",8,land,"[[1, 3, 0], [1, 0, 0], [0, 0, 1], [0, 0, 2], [0, 0, 0], [0, 0, 0], [9, 1, 0], [9, 1, 0]]","[51.625, -37.75]",3.3015594156099715,5.942806948097949e+22
933,0xf87e31492faf9a91b02ee0deaad50d51d56d5d4d,49340943203536077202189318077606390661092,4200000000000000000000,1640091076000,0xae064428d9aeeb87fb1489360bbec12cb7ff77dd,0,3,"['140,-20', '144,-28', '146,-24']",3,road,"[[9, 0, 0], [5, 0, 0], [3, 0, 0]]","[143.33333333333334, -24.0]",3.302356930069449,1.3869899106291687e+22
934,0xf87e31492faf9a91b02ee0deaad50d51d56d5d4d,48320096102773261811799194255311086026694,4511000000000000000000,1641387977000,0xe22c9179a031a412974207447cb19d45efab410f,1,1,"['140,-57', '140,-58', '141,-58']",3,road,"[[9, 1, 0], [9, 1, 0], [8, 2, 0]]","[140.33333333333334, -57.666666666666664]",2.9390688380014987,1.3258139528224762e+22
935,0xf87e31492faf9a91b02ee0deaad50d51d56d5d4d,39132472195907923298288079854653344317403,6675000000000000000000,1641701129000,0x6f3562a5064bea639bc6c7d44fb96951724aff57,0,2,"['-52,26', '114,-37']",2,road,"[[0, 0, 0], [0, 1, 0]]","[31.0, -5.5]",2.954629844358916,1.9722154211095762e+22
936,0xf87e31492faf9a91b02ee0deaad50d51d56d5d4d,20076659648335369344339101838474324475884,5387000000000000000000,1643213123000,0x4c1f9ea2581f08551332ef52f0ff131a661e0946,0,1,"['-73,-105', '58,-20', '60,-17', '60,-19']",4,road,"[[0, 0, 0], [6, 9, 0], [8, 7, 0], [8, 7, 0]]","[26.25, -40.25]",2.1741773039497394,1.1712293136377246e+22
937,0xf87e31492faf9a91b02ee0deaad50d51d56d5d4d,115792089237316195423570985008687907828429371880412056206631237665394050203686,5287000000000000000000,1641183355000,0x134c2d86cd7439aff217a98d58549da30c937380,0,1,"['-73,38', '-64,-130', '-32,-23']",3,road,"[[0, 2, 0], [0, 0, 0], [0, 0, 0]]","[-56.333333333333336, -38.333333333333336]",3.3512812933629488,1.7718224198009912e+22
938,0xf87e31492faf9a91b02ee0deaad50d51d56d5d4d,115792089237316195423570985008687907852249137564877748649067460185617825005446,6940000000000000000000,1643886492000,0x959e104e1a4db6317fa58f8295f586e1a978c297,0,1,[],0,,[],[0],2.559175162581649,1.7760675628316642e+22
939,0xf87e31492faf9a91b02ee0deaad50d51d56d5d4d,115792089237316195423570985008687907844422643125696163989409844214687156142031,7999000000000000000000,1641480826000,0x959e104e1a4db6317fa58f8295f586e1a978c297,0,1,[],0,,[],[0],3.3829650695793463,2.706033759156519e+22
940,0xf87e31492faf9a91b02ee0deaad50d51d56d5d4d,9187623906865338513511114400657741709238,4987000000000000000000,1641793404000,0x52efdaa6d5f53c95fa7430641f4c51d78707f68c,0,2,"['26,-74']",1,parcel,"[[1, 0, 0]]","[26.0, -74.0]",2.955280483500563,1.4737983771217307e+22
941,0xf87e31492faf9a91b02ee0deaad50d51d56d5d4d,115792089237316195423570985008687907839658689988803025500922599710642401181817,5287000000000000000000,1642172682000,0x400cc92925c48a04d2e214a150440cd7e68805b1,1,1,"['-40,121', '1,141']",2,road,"[[2, 4, 0], [1, 3, 0]]","[-19.5, 131.0]",2.9626491224649576,1.5663525910472231e+22
942,0xf87e31492faf9a91b02ee0deaad50d51d56d5d4d,115792089237316195423570985008687907843742078391854287062483094999823619719067,5777000000000000000000,1644421323000,0xa9a41fded34fe515c840aa8e7032f575a5aae11a,0,1,"['-29,-101']",1,parcel,"[[0, 0, 0]]","[-29.0, -101.0]",3.3539721443673747,1.9375897078010323e+22
943,0xf87e31492faf9a91b02ee0deaad50d51d56d5d4d,50021507937377954129116067292469927084006,5198000000000000000000,1644139880000,0xd1eb81ea39602ef947d03333ebda5483390b8810,0,2,"['146,-26']",1,parcel,"[[3, 0, 0]]","[146.0, -26.0]",3.047315041602274,1.5839943586248621e+22
944,0x959e104e1a4db6317fa58f8295f586e1a978c297,4682,214347000000000000000000,1644602402000,0xd539e935c56ad662f33b27b1546fdc325fd2a1d1,1,1,"['-120,-15', '-120,-16', '-120,-17', '-120,-18', '-120,-19', '-119,-15', '-119,-16', '-119,-17', '-119,-18', '-119,-19', '-118,-15', '-118,-16', '-118,-17', '-118,-18', '-118,-19', '-117,-15', '-117,-16', '-117,-17', '-117,-18', '-117,-19', '-116,-15', '-116,-16', '-116,-17', '-116,-18', '-116,-19', '-115,-15', '-115,-16', '-115,-17', '-115,-18', '-115,-19', '-114,-15', '-114,-16', '-114,-17', '-114,-18', '-114,-19', '-113,-15', '-113,-16', '-113,-17', '-113,-18', '-113,-19', '-112,-15', '-112,-16', '-112,-17', '-112,-18', '-112,-19', '-111,-16', '-111,-17', '-111,-18', '-111,-19']",49,land,"[[0, 0, 0], [0, 0, 0], [0, 0, 0], [0, 0, 0], [0, 0, 0], [0, 0, 0], [0, 0, 0], [0, 0, 0], [0, 0, 0], [0, 0, 0], [0, 0, 0], [0, 0, 0], [0, 0, 0], [0, 0, 0], [0, 0, 0], [0, 0, 0], [0, 0, 0], [0, 0, 0], [0, 0, 0], [0, 0, 0], [0, 0, 0], [0, 0, 0], [0, 0, 0], [0, 0, 0], [0, 0, 0], [0, 0, 0], [0, 0, 0], [0, 0, 0], [0, 0, 0], [0, 0, 0], [0, 0, 0], [0, 0, 0], [0, 0, 0], [0, 0, 0], [0, 0, 0], [0, 0, 0], [0, 0, 0], [0, 0, 0], [0, 0, 0], [0, 0, 0], [0, 0, 0], [0, 0, 0], [0, 0, 0], [0, 0, 0], [0, 0, 0], [0, 0, 0], [0, 0, 0], [0, 0, 0], [0, 0, 0]]","[-115.59183673469387, -17.040816326530614]",2.934937766523291,6.290951054409679e+23
945,0xf87e31492faf9a91b02ee0deaad50d51d56d5d4d,115792089237316195423570985008687907846124054960300856306726717251845997199396,5988000000000000000000,1641290942000,0xa72d04774a11344e91976357ab398c5e4ed275af,1,1,"['-21,36']",1,parcel,"[[0, 0, 0]]","[-21.0, 36.0]",3.2654965487737213,1.9553793334057045e+22
946,0xf87e31492faf9a91b02ee0deaad50d51d56d5d4d,115792089237316195423570985008687907845103207859538040916336593429550692565014,7000000000000000000000,1640168650000,0x7057a463ff4effbe109b689edebddfd27c582e4b,1,1,"['-26,23', '-26,22', '-25,23', '-25,22', '-24,22']",5,road,"[[1, 0, 0], [0, 0, 0], [1, 0, 0], [0, 0, 0], [0, 0, 0]]","[-25.2, 22.4]",3.302356930069449,2.3116498510486142e+22
947,0xf87e31492faf9a91b02ee0deaad50d51d56d5d4d,41514448764354492542531702106675721797625,5500000000000000000000,1642071596000,0xf4ba497f8bdd7a9e0f65f4c918f20b70d5b75c5f,0,3,"['121,-7']",1,parcel,"[[5, 7, 0]]","[121.0, -7.0]",3.10225498674441,1.7062402427094254e+22
948,0xf87e31492faf9a91b02ee0deaad50d51d56d5d4d,115792089237316195423570985008687907813797230102811702277706129545828017110940,5060000000000000000000,1642289852000,0x7db02408489989f0cac3e4373cf53f243cf18ad9,0,2,"['-117,-100']",1,parcel,"[[6, 0, 0]]","[-117.0, -100.0]",2.9998911780482875,1.5179449360924335e+22
949,0xf87e31492faf9a91b02ee0deaad50d51d56d5d4d,115792089237316195423570985008687907818901465606625779229656748657304540282812,4999000000000000000000,1641011363000,0xed5f91c90cca7c18ef9caba7b627c7ca5c693f7e,0,2,"['-103,-68', '-102,-68']",2,road,"[[0, 0, 0], [0, 0, 0]]","[-102.5, -68.0]",3.2837753609862053,1.6415593029570042e+22
950,0xf87e31492faf9a91b02ee0deaad50d51d56d5d4d,115792089237316195423570985008687907842040666557249594745166221962664778661780,6450000000000000000000,1642759369000,0xa3a829883cf70e9fc171a852235a7326207dedde,0,1,"['-34,-108']",1,parcel,"[[0, 0, 0]]","[-34.0, -108.0]",2.6360883603314003,1.700276992413753e+22
951,0xf87e31492faf9a91b02ee0deaad50d51d56d5d4d,115792089237316195423570985008687907835235019218830825475898729814029414432737,5198000000000000000000,1643755316000,0xe1c16e2278b5ed608eed8ce226594f51b52cc485,0,3,"['-54,-31']",1,parcel,"[[2, 0, 0]]","[-54.0, -31.0]",2.697334799791993,1.4020746289318782e+22
952,0xf87e31492faf9a91b02ee0deaad50d51d56d5d4d,115792089237316195423570985008687907814137512469732640741169504153259785322435,5247000000000000000000,1640762274000,0xfa3983424b43f7c4e8d58660eb27bcc6b2803a68,1,1,"['-116,-61']",1,parcel,"[[0, 0, 0]]","[-116.0, -61.0]",3.381781434798159,1.7744207188385941e+22
953,0xf87e31492faf9a91b02ee0deaad50d51d56d5d4d,42195013498196369469458451321539258220542,6450000000000000000000,1640492504000,0xf844800a8fdd985c50016ef7eed3122d5b11e18e,0,1,"['123,-2']",1,parcel,"[[0, 2, 0]]","[123.0, -2.0]",3.772988799640287,2.433577775767985e+22
954,0xf87e31492faf9a91b02ee0deaad50d51d56d5d4d,115792089237316195423570985008687907834894736851909887012435355206597646221177,5000000000000000000000,1642415174000,0xd3f754fedd3a188089d783960a2cf11101be0f44,1,2,"['-55,-135', '-53,140']",2,road,"[[0, 0, 0], [9, 0, 0]]","[-54.0, 2.5]",3.124674912948848,1.562337456474424e+22
955,0xf87e31492faf9a91b02ee0deaad50d51d56d5d4d,115792089237316195423570985008687907842040666557249594745166221962664778661784,5950000000000000000000,1643027719000,0x4a544f28f8438bfad7e10c864f4fd89d9f6989c9,0,1,"['-34,-104']",1,parcel,"[[0, 0, 0]]","[-34.0, -104.0]",2.097272260649448,1.2478769950864217e+22
956,0x959e104e1a4db6317fa58f8295f586e1a978c297,4529,15000000000000000000000,1643356214000,0x2130e1f112778cb37e32a9f5b74f15ecc147c64a,0,1,"['41,125', '41,124']",2,land,"[[5, 7, 0], [5, 7, 0]]","[41.0, 124.5]",2.26664990562353,3.3999748584352952e+22
957,0x959e104e1a4db6317fa58f8295f586e1a978c297,2669,32900000000000000000000,1644019918000,0xc83f89f6933238cb85d1ddcd796ab8f1c4e9e32c,4,1,"['-67,-149', '-67,-150', '-66,-149', '-66,-150', '-65,-149', '-65,-150']",6,land,"[[0, 0, 0], [0, 0, 0], [0, 0, 0], [0, 0, 0], [0, 0, 0], [0, 0, 0]]","[-66.0, -149.5]",2.827924994351074,9.303873231415032e+22
958,0xf87e31492faf9a91b02ee0deaad50d51d56d5d4d,49340943203536077202189318077606390661101,3888000000000000000000,1640655786000,0x3d814cb47f7b7e13a95b21bbf7a7c2ddfab570cc,1,1,"['-61,149', '-56,-139', '144,-19']",3,road,"[[0, 0, 0], [0, 0, 0], [5, 0, 0]]","[9.0, -3.0]",3.7605323255684633,1.4620949681810184e+22
959,0xf87e31492faf9a91b02ee0deaad50d51d56d5d4d,49681225570457015665652692685038158872554,4800000000000000000000,1642671669000,0xed87b074d1a23ccae6373f4125c0a5f16e8c12f7,0,1,"['145,-22']",1,parcel,"[[4, 0, 0]]","[145.0, -22.0]",2.743729245505247,1.3169900378425186e+22
960,0x2a187453064356c898cae034eaed119e1663acb8,26489516359415733493877236062066735797540279615531446267557285459608057021955,110000000000000000000,1642946588000,0x482b1fcd003a6d5a5f5b68100466d42c23b4c8bd,0,1,[],0,,[],[0],2.1191673192784792,2.3310840512063272e+20
961,0xf87e31492faf9a91b02ee0deaad50d51d56d5d4d,10208471007628153903901238222953046343605,6250000000000000000000,1642586969000,0x308ee9921f463649223852b56ec83530bf3177e9,0,2,"['28,-75', '29,-75']",2,road,"[[0, 0, 0], [0, 0, 0]]","[28.5, -75.0]",2.8616232703619104,1.7885145439761938e+22
962,0xf87e31492faf9a91b02ee0deaad50d51d56d5d4d,15312706511442230855851857334429569515420,5148000000000000000000,1642854152000,0x7990eb65e43f9648b37c15d544862a5964da91e3,0,3,"['44,-100']",1,parcel,"[[2, 0, 0]]","[44.0, -100.0]",2.0414460677600186,1.0509364356828577e+22
963,0xf87e31492faf9a91b02ee0deaad50d51d56d5d4d,115792089237316195423570985008687907808012429865155748398828761219487957516250,6666000000000000000000,1641884395000,0x910070c49192c4ebf6ceaa0cd78062e5c9d54061,0,1,"['-134,-38']",1,parcel,"[[0, 0, 0]]","[-134.0, -38.0]",2.832719320096719,1.8882906987764728e+22
964,0xf87e31492faf9a91b02ee0deaad50d51d56d5d4d,50021507937377954129116067292469927084009,4288000000000000000000,1641570248000,0xcedc2f3a8d79ac3c8dbf3583902ed071cc4f0123,1,1,"['146,-23']",1,parcel,"[[3, 0, 0]]","[146.0, -23.0]",3.080049033207626,1.3207250254394298e+22
965,0xf87e31492faf9a91b02ee0deaad50d51d56d5d4d,9868188640707215440437863615521278132226,15888000000000000000000,1643645811000,0xa242ca5d7adafc84db05b4944057f0e83ba9ca2e,5,1,"['2,28', '14,16', '29,2']",3,road,"[[0, 0, 0], [4, 0, 6], [0, 0, 0]]","[15.0, 15.333333333333334]",2.838711845336331,4.510145379870363e+22
966,0xf87e31492faf9a91b02ee0deaad50d51d56d5d4d,42195013498196369469458451321539258220537,4180000000000000000000,1640225777000,0xce8580725e42da83e21222de2eb77563fff70c21,0,1,"['123,-7']",1,parcel,"[[5, 7, 0]]","[123.0, -7.0]",3.3014533515725324,1.3800075009573186e+22
967,0xf87e31492faf9a91b02ee0deaad50d51d56d5d4d,6805647338418769269267492148635364229131,9000000000000000000000,1643114364000,0xb2e19dd996848818d972dd3a60a1b7faffb82330,0,1,"['-150,-137', '-132,-45', '-96,-88', '-56,-18', '-37,49', '2,34', '3,40', '10,13', '12,-31', '18,15', '19,10', '20,11', '20,10', '20,9', '21,20', '21,19', '21,18', '23,11', '67,-121', '71,29']",20,road,"[[0, 0, 0], [0, 0, 0], [0, 0, 0], [4, 7, 0], [0, 2, 0], [0, 0, 0], [1, 0, 0], [1, 0, 3], [2, 0, 0], [5, 0, 7], [6, 0, 8], [7, 0, 9], [7, 0, 9], [7, 0, 9], [8, 0, 0], [8, 0, 0], [8, 0, 0], [9, 0, 0], [3, 6, 0], [0, 3, 0]]","[-6.15, -7.6]",2.1260324733787064,1.9134292260408357e+22
968,0x959e104e1a4db6317fa58f8295f586e1a978c297,1202,44500000000000000000000,1640347612000,0xf15d7066b78a4e969deefa1e4ca945212ddd3171,5,2,"['-78,-34', '-75,-65', '-38,79', '-37,84', '56,-79', '59,35', '65,35']",7,road,"[[8, 0, 0], [1, 0, 3], [0, 8, 0], [8, 9, 0], [5, 0, 7], [7, 3, 0], [0, 2, 0]]","[-6.857142857142857, 7.857142857142857]",3.523907662586453,1.568138909850972e+23
969,0xf87e31492faf9a91b02ee0deaad50d51d56d5d4d,115792089237316195423570985008687907845443490226458979379799968036982460776438,5789000000000000000000,1643501813000,0x081294684c746feaeb60bbd1c1b6f03ff2894aad,0,1,"['-24,-10']",1,parcel,"[[8, 0, 0]]","[-24.0, -10.0]",2.3763648429587017,1.3756776075887924e+22
970,0x959e104e1a4db6317fa58f8295f586e1a978c297,534,9800000000000000000000,1640948415000,0x5a4a1df2ceed1ae9f8c2de1114b5bdbc75367f7a,2,5,"['-70,145', '-70,144']",2,land,"[[1, 3, 0], [1, 3, 0]]","[-70.0, 144.5]",3.297564315644028,3.2316130293311475e+22
971,0xf87e31492faf9a91b02ee0deaad50d51d56d5d4d,47979813735852323348335819647879317815239,4511000000000000000000,1641387892000,0xe22c9179a031a412974207447cb19d45efab410f,0,1,"['140,-57', '140,-58', '141,-58']",3,road,"[[9, 1, 0], [9, 1, 0], [8, 2, 0]]","[140.33333333333334, -57.666666666666664]",2.9390688380014987,1.3258139528224762e+22
972,0xf87e31492faf9a91b02ee0deaad50d51d56d5d4d,36069930893619477127117708387767430414197,4999000000000000000000,1644296342000,0x2beccefc0bfd86711449b70a64ba89ecfbea2478,7,6,"['105,-139', '139,-148']",2,road,"[[0, 0, 0], [1, 0, 0]]","[122.0, -143.5]",3.3015594156099715,1.650449551863425e+22
973,0xf87e31492faf9a91b02ee0deaad50d51d56d5d4d,1361129467683753853853498429727072845788,5599000000000000000000,1641699236000,0xde4a3780b70bdcb87d0a78a008ea3d216e307c6b,1,2,"['2,-36', '3,-36']",2,road,"[[0, 0, 0], [1, 0, 0]]","[2.5, -36.0]",2.954629844358916,1.654297249856557e+22
974,0xf87e31492faf9a91b02ee0deaad50d51d56d5d4d,5784800237655953878877368326340059594639,4999000000000000000000,1641954131000,0x0ce72e216e230fea10c97ebf5246f3d10a51b106,0,5,"['16,-113']",1,parcel,"[[1, 0, 0]]","[16.0, -113.0]",2.943249112150101,1.4713302311638355e+22
975,0xf87e31492faf9a91b02ee0deaad50d51d56d5d4d,20757224382177246271265851053337860898799,5420000000000000000000,1643211883000,0x4c1f9ea2581f08551332ef52f0ff131a661e0946,0,1,"['-73,-105', '58,-20', '60,-17', '60,-19']",4,road,"[[0, 0, 0], [6, 9, 0], [8, 7, 0], [8, 7, 0]]","[26.25, -40.25]",2.1741773039497394,1.1784040987407587e+22
976,0xf87e31492faf9a91b02ee0deaad50d51d56d5d4d,115792089237316195423570985008687907806991582764392933008438637397192652881945,25000000000000000000000,1641182821000,0x421e957f8cdaafe0f0b4fd3258ac123e3b842827,1,3,"['-136,25']",1,parcel,"[[0, 5, 0]]","[-136.0, 25.0]",3.3512812933629488,8.378203233407371e+22
977,0xf87e31492faf9a91b02ee0deaad50d51d56d5d4d,115792089237316195423570985008687907815838924304337333058486377190418626379804,10000000000000000000000,1642171387000,0x57fc35a978c3a21c0267641fe835c43161607a8a,1,5,"['-110,28']",1,parcel,"[[0, 5, 0]]","[-110.0, 28.0]",2.9626491224649576,2.9626491224649575e+22
978,0xf87e31492faf9a91b02ee0deaad50d51d56d5d4d,10548753374549092367364612830384814555224,5500000000000000000000,1641791074000,0x3f11c67748ff5a866320ea225332d6449a0a0703,1,1,"['31,88']",1,parcel,"[[4, 3, 0]]","[31.0, 88.0]",2.955280483500563,1.6254042659253096e+22
979,0xf87e31492faf9a91b02ee0deaad50d51d56d5d4d,115792089237316195423570985008687907844762925492617102452873218822118924353487,7999000000000000000000,1641480782000,0x959e104e1a4db6317fa58f8295f586e1a978c297,0,1,[],0,,[],[0],3.3829650695793463,2.706033759156519e+22
980,0xf87e31492faf9a91b02ee0deaad50d51d56d5d4d,115792089237316195423570985008687907839318407621882087037459225103210632970330,8887000000000000000000,1643886049000,0xe6dcf90f6486978ea42bb68f69653111875105de,0,2,"['-136,-37', '-41,90', '-41,89', '-37,89']",4,road,"[[0, 0, 0], [3, 5, 0], [3, 5, 0], [3, 5, 0]]","[-63.75, 57.75]",2.559175162581649,2.2743389669863113e+22
981,0x959e104e1a4db6317fa58f8295f586e1a978c297,53,57150000000000000000000,1641283850000,0xc143759083a5cc47b8f23e1a8aa8fddb6ebf6041,7,3,"['-75,-63', '-60,-13', '-38,102', '-1,46', '13,14', '18,-84', '43,-5']",7,road,"[[1, 0, 3], [8, 3, 0], [0, 2, 0], [0, 5, 0], [2, 0, 4], [0, 0, 7], [4, 0, 0]]","[-14.285714285714286, -0.42857142857142855]",3.2654965487737213,1.8662312776241815e+23
982,0xf87e31492faf9a91b02ee0deaad50d51d56d5d4d,115792089237316195423570985008687907827748807146570179279704488450530513780683,5399000000000000000000,1642287841000,0x9917424138b1799410953007aebfa9a3a453c7d5,2,2,"['-76,-53']",1,parcel,"[[2, 0, 4]]","[-76.0, -53.0]",2.9998911780482875,1.6196412470282705e+22
983,0xf87e31492faf9a91b02ee0deaad50d51d56d5d4d,40153319296670738688678203676948648951793,5169000000000000000000,1644418318000,0x4a815004713dd8b7bead7ea6758c59083643afd5,0,2,"['117,-15']",1,parcel,"[[0, 0, 0]]","[117.0, -15.0]",3.3539721443673747,1.733668201423496e+22
984,0xf87e31492faf9a91b02ee0deaad50d51d56d5d4d,115792089237316195423570985008687907828769654247332994670094612272825818415121,5387000000000000000000,1642062218000,0x3aebcf1cff75b70aef371a0e9a6e0fbd0a824190,2,4,"['-72,17']",1,parcel,"[[5, 2, 7]]","[-72.0, 17.0]",3.10225498674441,1.6711847613592137e+22
985,0xf87e31492faf9a91b02ee0deaad50d51d56d5d4d,14632141777600353928925108119566033092528,4625000000000000000000,1640156955000,0xb0a746dd9e1d8943cb3ebdd2c376e583cb139eef,1,1,"['42,-80']",1,parcel,"[[3, 0, 9]]","[42.0, -80.0]",3.302356930069449,1.5273400801571201e+22
986,0xf87e31492faf9a91b02ee0deaad50d51d56d5d4d,115792089237316195423570985008687907844762925492617102452873218822118924353549,6999000000000000000000,1643752836000,0x086094b503436539a50b6b5197661f12557c13bb,1,1,"['-25,13', '10,-44']",2,road,"[[0, 0, 0], [5, 0, 0]]","[-7.5, -15.5]",2.697334799791993,1.887864626374416e+22
987,0xf87e31492faf9a91b02ee0deaad50d51d56d5d4d,6465364971497830805804117541203596017725,5369000000000000000000,1642755994000,0xa7935ebbae0066999a2ad7db78e97046d83dbf76,0,1,"['19,61']",1,parcel,"[[0, 0, 0]]","[19.0, 61.0]",2.6360883603314003,1.4153158406619288e+22
988,0xf87e31492faf9a91b02ee0deaad50d51d56d5d4d,49000660836615138738725943470174622449629,3988000000000000000000,1640481249000,0x9793ac65ad4dcc2b886c3aab7a480cd30ab197f1,0,2,"['143,-35']",1,parcel,"[[2, 4, 0]]","[143.0, -35.0]",3.772988799640287,1.5046679332965465e+22
989,0xf87e31492faf9a91b02ee0deaad50d51d56d5d4d,19055812547572553953948978016179019841498,4688000000000000000000,1640752800000,0x035695452abbb156ce726cf73f27cd9ef856f6a0,1,1,"['55,-38']",1,parcel,"[[3, 0, 0]]","[55.0, -38.0]",3.381781434798159,1.585379136633377e+22
990,0xf87e31492faf9a91b02ee0deaad50d51d56d5d4d,4083388403051261561560495289181218537431,5277000000000000000000,1643026674000,0xee8f5dd980a661e734ba330005ded150d8226d3e,0,1,"['11,-41']",1,parcel,"[[8, 0, 0]]","[11.0, -41.0]",2.097272260649448,1.1067305719447138e+22
991,0xf87e31492faf9a91b02ee0deaad50d51d56d5d4d,43215860598959184859848575143834562854892,5188000000000000000000,1642852222000,0x8b9fcae49a37b19201e6e46b195bebfe37166594,0,2,"['126,-20']",1,parcel,"[[0, 0, 0]]","[126.0, -20.0]",2.2301581473863834,1.1570060468640557e+22
992,0xf87e31492faf9a91b02ee0deaad50d51d56d5d4d,9527906273786276976974489008089509920693,5850000000000000000000,1642577842000,0xaaebb0ff44ac5dc1809ae799b9cb367984c104d8,0,1,"['27,-75']",1,parcel,"[[0, 0, 0]]","[27.0, -75.0]",2.8616232703619104,1.6740496131617175e+22
993,0xf87e31492faf9a91b02ee0deaad50d51d56d5d4d,115792089237316195423570985008687907843742078391854287062483094999823619719195,7000000000000000000000,1641562093000,0xdeeb51d665e02aa86dcfb41f1e495aab707cd6cf,0,1,"['-28,27']",1,parcel,"[[0, 0, 0]]","[-28.0, 27.0]",3.080049033207626,2.156034323245338e+22
994,0x959e104e1a4db6317fa58f8295f586e1a978c297,2353,40500000000000000000000,1643112727000,0x197f307de4a57608aa63a471c943a2fe15268834,6,2,"['-136,-46', '-136,-47', '-136,-48', '-135,-46', '-135,-47', '-135,-48', '-134,-46', '-134,-47', '-134,-48']",9,land,"[[1, 0, 0], [1, 0, 0], [0, 0, 0], [1, 0, 0], [1, 0, 0], [0, 0, 0], [1, 0, 0], [1, 0, 0], [0, 0, 0]]","[-135.0, -47.0]",2.1260324733787064,8.610431517183762e+22
995,0xf87e31492faf9a91b02ee0deaad50d51d56d5d4d,115792089237316195423570985008687907829790501348095810060484736095121123049452,5420000000000000000000,1642945186000,0x639d551d3b5a8843b3649d1c851d9373850c42e0,0,1,"['-70,-20']",1,parcel,"[[7, 8, 9]]","[-70.0, -20.0]",2.1191673192784792,1.1485886870489357e+22
996,0xf87e31492faf9a91b02ee0deaad50d51d56d5d4d,115792089237316195423570985008687907843742078391854287062483094999823619719314,5197000000000000000000,1644009983000,0xd94a7c3d987803ba0c154a4ba5fe855631d5ec6c,0,3,"['-28,146']",1,parcel,"[[6, 8, 0]]","[-28.0, 146.0]",2.827924994351074,1.469672619564253e+22
997,0xf87e31492faf9a91b02ee0deaad50d51d56d5d4d,29264283555200707857850216239132066185204,16500000000000000000000,1640654548000,0xaac8542054ee47f3285737004f5eb97af4616d6c,2,1,"['85,-12']",1,parcel,"[[0, 6, 2]]","[85.0, -12.0]",3.7605323255684633,6.204878337187964e+22
998,0xf87e31492faf9a91b02ee0deaad50d51d56d5d4d,115792089237316195423570985008687907807672147498234809935365386612056189304756,4799000000000000000000,1641699186000,0xdc4946176117d56207d488e06abcc590dfc7f15c,1,3,"['-135,-76']",1,parcel,"[[1, 0, 0]]","[-135.0, -76.0]",2.954629844358916,1.4179268623078437e+22
999,0xf87e31492faf9a91b02ee0deaad50d51d56d5d4d,9187623906865338513511114400657741709440,4988000000000000000000,1641283368000,0xd114a5f747655a5a49b2dea7edda923eff109c5d,1,2,"['27,128']",1,parcel,"[[0, 0, 0]]","[27.0, 128.0]",3.2654965487737213,1.6288296785283322e+22
1000,0xf87e31492faf9a91b02ee0deaad50d51d56d5d4d,115792089237316195423570985008687907852249137564877748649067460185617825005446,6940000000000000000000,1643886492000,0x959e104e1a4db6317fa58f8295f586e1a978c297,0,1,[],0,,[],[0],2.559175162581649,1.7760675628316642e+22
1001,0xf87e31492faf9a91b02ee0deaad50d51d56d5d4d,6465364971497830805804117541203596017673,8888000000000000000000,1645610066000,0xb2e19dd996848818d972dd3a60a1b7faffb82330,0,1,"['-150,-137', '-132,-45', '-96,-88', '-56,-18', '-37,49', '2,34', '3,40', '10,13', '12,-31', '18,15', '19,10', '19,9', '19,8', '20,11', '20,10', '20,9', '21,20', '21,19', '21,18', '23,11', '67,-121', '71,29']",22,road,"[[0, 0, 0], [0, 0, 0], [0, 0, 0], [4, 7, 0], [0, 2, 0], [0, 0, 0], [1, 0, 0], [1, 0, 3], [2, 0, 0], [5, 0, 7], [6, 0, 8], [6, 0, 8], [6, 0, 8], [7, 0, 9], [7, 0, 9], [7, 0, 9], [8, 0, 0], [8, 0, 0], [8, 0, 0], [9, 0, 0], [3, 6, 0], [0, 3, 0]]","[-3.8636363636363638, -6.136363636363637]",2.646401249777144,2.3521214308019253e+22
1002,0xf87e31492faf9a91b02ee0deaad50d51d56d5d4d,115792089237316195423570985008687907852929702298719625575994209400481361428496,26000000000000000000000,1646084727000,0xe0faba4256e2ca17442dc54e59c1c3f6ef8c216e,1,1,"['-1,16', '2,-46', '2,-47', '7,-18']",4,road,"[[0, 0, 6], [0, 0, 0], [0, 0, 0], [0, 0, 8]]","[2.5, -23.75]",2.850489929171568,7.411273815846078e+22
1003,0xf87e31492faf9a91b02ee0deaad50d51d56d5d4d,10208471007628153903901238222953046343605,6250000000000000000000,1642586969000,0x308ee9921f463649223852b56ec83530bf3177e9,0,2,"['28,-75', '29,-75']",2,road,"[[0, 0, 0], [0, 0, 0]]","[28.5, -75.0]",2.8616232703619104,1.7885145439761938e+22
1004,0xf87e31492faf9a91b02ee0deaad50d51d56d5d4d,5444517870735015415413993718908291383232,6000000000000000000000,1643650515000,0x762c86cbd4e0b88d8d734ec8507b29e00d09b4fd,1,3,"['-6,-58', '15,-64']",2,road,"[[2, 0, 0], [0, 0, 7]]","[4.5, -61.0]",2.838711845336331,1.7032271072017986e+22
1005,0xf87e31492faf9a91b02ee0deaad50d51d56d5d4d,115792089237316195423570985008687907812776383002048886887316005723532712476617,6199000000000000000000,1645293933000,0x506c8d9b81b716250da8d5eb8412d0f2fcf8672a,0,2,"['-120,-55']",1,parcel,"[[0, 0, 0]]","[-120.0, -55.0]",2.910514160240482,1.8042277279330747e+22
1006,0xf87e31492faf9a91b02ee0deaad50d51d56d5d4d,115792089237316195423570985008687907835235019218830825475898729814029414432634,5000000000000000000000,1642420123000,0x83064b8490d039fead8eb8947bdf0e82f583eca7,1,3,"['-54,-133', '-54,-134']",2,road,"[[0, 0, 0], [0, 0, 0]]","[-54.0, -133.5]",3.124674912948848,1.562337456474424e+22
1007,0xf87e31492faf9a91b02ee0deaad50d51d56d5d4d,115792089237316195423570985008687907807672147498234809935365386612056189304708,4799000000000000000000,1644140688000,0xa4fe5ae07b33ca246757e747bedc6575f1b07fda,2,6,"['-135,-124', '-71,-116']",2,road,"[[0, 0, 0], [0, 0, 0]]","[-103.0, -120.0]",3.047315041602274,1.4624064884649312e+22
1008,0xf87e31492faf9a91b02ee0deaad50d51d56d5d4d,115792089237316195423570985008687907843742078391854287062483094999823619719067,5777000000000000000000,1644421323000,0xa9a41fded34fe515c840aa8e7032f575a5aae11a,0,1,"['-29,-101']",1,parcel,"[[0, 0, 0]]","[-29.0, -101.0]",3.3539721443673747,1.9375897078010323e+22
1009,0xf87e31492faf9a91b02ee0deaad50d51d56d5d4d,115792089237316195423570985008687907833193325017305194695118482169438805164020,5188000000000000000000,1646312765000,0x20a8e7f27b5ba77fd41ce225a977c04a2f88330f,1,1,"['-60,-12']",1,parcel,"[[8, 3, 0]]","[-60.0, -12.0]",2.648545470354013,1.374065390019662e+22
1010,0xf87e31492faf9a91b02ee0deaad50d51d56d5d4d,115792089237316195423570985008687907835235019218830825475898729814029414432737,5198000000000000000000,1643755316000,0xe1c16e2278b5ed608eed8ce226594f51b52cc485,0,3,"['-54,-31']",1,parcel,"[[2, 0, 0]]","[-54.0, -31.0]",2.697334799791993,1.4020746289318782e+22
1011,0xf87e31492faf9a91b02ee0deaad50d51d56d5d4d,115792089237316195423570985008687907816179206671258271521949751797850394591193,10000000000000000000000,1645072772000,0x6e27bd2f98ea43a8ccb454482e73ff7a9da623ec,1,2,"['-110,-39']",1,parcel,"[[0, 0, 0]]","[-110.0, -39.0]",3.281030614668921,3.281030614668921e+22
1012,0xf87e31492faf9a91b02ee0deaad50d51d56d5d4d,15312706511442230855851857334429569515420,5148000000000000000000,1642854152000,0x7990eb65e43f9648b37c15d544862a5964da91e3,0,3,"['44,-100']",1,parcel,"[[2, 0, 0]]","[44.0, -100.0]",2.0414460677600186,1.0509364356828577e+22
1013,0xf87e31492faf9a91b02ee0deaad50d51d56d5d4d,115792089237316195423570985008687907815158359570495456131559627975555089956820,5250000000000000000000,1644617390000,0x56d358bbbac4ca788a714b66729ef855e80fce63,0,1,"['-113,-44']",1,parcel,"[[1, 0, 0]]","[-113.0, -44.0]",2.934937766523291,1.5408423274247277e+22
1014,0xf87e31492faf9a91b02ee0deaad50d51d56d5d4d,115792089237316195423570985008687907842040666557249594745166221962664778661780,6450000000000000000000,1642759369000,0xa3a829883cf70e9fc171a852235a7326207dedde,0,1,"['-34,-108']",1,parcel,"[[0, 0, 0]]","[-34.0, -108.0]",2.6360883603314003,1.700276992413753e+22
1015,0xf87e31492faf9a91b02ee0deaad50d51d56d5d4d,115792089237316195423570985008687907828429371880412056206631237665394050203685,5287000000000000000000,1641962484000,0x224903975fffc090400da372b2e8256e6cb8209d,0,1,"['-73,37']",1,parcel,"[[0, 3, 0]]","[-73.0, 37.0]",2.943249112150101,1.5560958055937586e+22
1016,0xf87e31492faf9a91b02ee0deaad50d51d56d5d4d,115792089237316195423570985008687907828429371880412056206631237665394050203686,5287000000000000000000,1641183355000,0x134c2d86cd7439aff217a98d58549da30c937380,0,1,"['-73,38', '-64,-130', '-32,-23']",3,road,"[[0, 2, 0], [0, 0, 0], [0, 0, 0]]","[-56.333333333333336, -38.333333333333336]",3.3512812933629488,1.7718224198009912e+22
1017,0xf87e31492faf9a91b02ee0deaad50d51d56d5d4d,49340943203536077202189318077606390661106,4033000000000000000000,1645433413000,0x29519122d08771ca4c83c8e3fa981df18721f76d,1,2,"['144,-14']",1,parcel,"[[5, 0, 0]]","[144.0, -14.0]",2.7121559002340634,1.0938124745643976e+22
1018,0xf87e31492faf9a91b02ee0deaad50d51d56d5d4d,115792089237316195423570985008687907813797230102811702277706129545828017110940,5060000000000000000000,1642289852000,0x7db02408489989f0cac3e4373cf53f243cf18ad9,0,2,"['-117,-100']",1,parcel,"[[6, 0, 0]]","[-117.0, -100.0]",2.9998911780482875,1.5179449360924335e+22
1019,0xf87e31492faf9a91b02ee0deaad50d51d56d5d4d,115792089237316195423570985008687907844422643125696163989409844214687156142031,7999000000000000000000,1641480826000,0x959e104e1a4db6317fa58f8295f586e1a978c297,0,1,[],0,,[],[0],3.3829650695793463,2.706033759156519e+22
1020,0x959e104e1a4db6317fa58f8295f586e1a978c297,4665,49999000000000000000000,1644844124000,0xe60ee8291ed3d0f06d73a5d05f4abbe3a52783ac,0,1,"['55,-8', '55,-9', '55,-10', '56,-8', '56,-9', '56,-10', '57,-8', '57,-9', '57,-10']",9,land,"[[3, 0, 0], [3, 0, 0], [3, 0, 0], [4, 0, 0], [4, 0, 0], [4, 0, 0], [5, 0, 0], [5, 0, 0], [5, 0, 0]]","[56.0, -9.0]",2.851976334924339,1.4259596476988204e+23
1021,0xf87e31492faf9a91b02ee0deaad50d51d56d5d4d,1361129467683753853853498429727072845788,5599000000000000000000,1641699236000,0xde4a3780b70bdcb87d0a78a008ea3d216e307c6b,1,2,"['2,-36', '3,-36']",2,road,"[[0, 0, 0], [1, 0, 0]]","[2.5, -36.0]",2.954629844358916,1.654297249856557e+22
1022,0x959e104e1a4db6317fa58f8295f586e1a978c297,3568,18000000000000000000000,1644296623000,0x678d837fa15eba2b59f6cd5f9f4c580ac2dfc269,3,2,"['-149,-124', '-149,-125', '-146,31', '-146,-124', '-135,-61', '-116,-99', '-110,20', '-95,-40', '-94,-39', '-94,-40', '-93,-95', '-78,-108', '-78,-112', '-70,-138', '-66,-108', '-56,4', '-54,-30', '-46,-130', '-43,6', '-42,-27', '-29,-46', '-25,-122', '-18,4', '-6,-62', '8,-142', '10,-110', '10,-111', '10,-116', '12,-48', '19,21', '21,9', '30,-138', '39,-118', '40,60', '41,123', '43,-80', '54,-20', '56,112', '59,31', '62,-137', '69,31', '86,-149', '106,-33', '111,-142', '119,-24', '120,-24', '124,-20', '126,-18', '129,-139', '137,-29', '139,-73', '139,-74', '140,-73', '140,-74', '142,49', '143,-14', '145,-21']",57,road,"[[0, 0, 0], [0, 0, 0], [1, 2, 0], [0, 0, 0], [0, 0, 0], [7, 0, 0], [3, 0, 0], [4, 0, 0], [5, 0, 0], [5, 0, 0], [0, 0, 0], [0, 0, 0], [0, 0, 0], [0, 0, 0], [7, 0, 0], [3, 0, 0], [2, 0, 0], [0, 0, 0], [0, 0, 0], [7, 0, 0], [3, 0, 0], [1, 0, 0], [0, 0, 8], [2, 0, 9], [0, 0, 8], [0, 0, 0], [1, 0, 0], [3, 0, 0], [1, 0, 0], [9, 0, 0], [7, 0, 0], [2, 0, 0], [0, 0, 0], [8, 4, 0], [5, 7, 0], [3, 0, 8], [2, 0, 0], [3, 5, 0], [7, 5, 0], [9, 0, 0], [0, 5, 0], [0, 0, 0], [4, 5, 0], [7, 3, 0], [0, 0, 0], [0, 0, 0], [0, 0, 0], [0, 0, 0], [0, 1, 0], [8, 9, 0], [0, 0, 0], [0, 0, 0], [9, 1, 0], [9, 1, 0], [7, 9, 0], [6, 0, 0], [4, 0, 0]]","[12.12280701754386, -53.6140350877193]",3.3015594156099715,5.942806948097949e+22
1023,0xf87e31492faf9a91b02ee0deaad50d51d56d5d4d,50361790304298892592579441899901695295430,5999000000000000000000,1643505709000,0xafe917b99e9ff99c0b23e73404d375f4a26e663e,0,3,"['147,-58']",1,parcel,"[[2, 8, 0]]","[147.0, -58.0]",2.3763648429587017,1.4255812692909251e+22
1024,0xf87e31492faf9a91b02ee0deaad50d51d56d5d4d,115792089237316195423570985008687907834214172118068010085508605991734109798406,7000000000000000000000,1643363553000,0x4428a895806d7da2370f3375517fc1059339b7f1,0,1,"['-56,6']",1,parcel,"[[4, 0, 0]]","[-56.0, 6.0]",2.26664990562353,1.586654933936471e+22
1025,0x2a187453064356c898cae034eaed119e1663acb8,26489516359415733493877236062066735797540279615531446267557285459608057021955,110000000000000000000,1642946588000,0x482b1fcd003a6d5a5f5b68100466d42c23b4c8bd,0,1,[],0,,[],[0],2.1191673192784792,2.3310840512063272e+20
1026,0xf87e31492faf9a91b02ee0deaad50d51d56d5d4d,115792089237316195423570985008687907842040666557249594745166221962664778661784,5950000000000000000000,1643027719000,0x4a544f28f8438bfad7e10c864f4fd89d9f6989c9,0,1,"['-34,-104']",1,parcel,"[[0, 0, 0]]","[-34.0, -104.0]",2.097272260649448,1.2478769950864217e+22
1027,0xf87e31492faf9a91b02ee0deaad50d51d56d5d4d,115792089237316195423570985008687907818561183239704840766193374049872772071356,4888000000000000000000,1641011385000,0xed5f91c90cca7c18ef9caba7b627c7ca5c693f7e,1,2,"['-103,-68', '-102,-68']",2,road,"[[0, 0, 0], [0, 0, 0]]","[-102.5, -68.0]",3.2837753609862053,1.6051093964500572e+22
1028,0x959e104e1a4db6317fa58f8295f586e1a978c297,2669,32900000000000000000000,1644019918000,0xc83f89f6933238cb85d1ddcd796ab8f1c4e9e32c,4,1,"['-67,-149', '-67,-150', '-66,-149', '-66,-150', '-65,-149', '-65,-150']",6,land,"[[0, 0, 0], [0, 0, 0], [0, 0, 0], [0, 0, 0], [0, 0, 0], [0, 0, 0]]","[-66.0, -149.5]",2.827924994351074,9.303873231415032e+22
1029,0xf87e31492faf9a91b02ee0deaad50d51d56d5d4d,6805647338418769269267492148635364229131,9000000000000000000000,1643114364000,0xb2e19dd996848818d972dd3a60a1b7faffb82330,0,1,"['-150,-137', '-132,-45', '-96,-88', '-56,-18', '-37,49', '2,34', '3,40', '10,13', '12,-31', '18,15', '19,10', '19,9', '19,8', '20,11', '20,10', '20,9', '21,20', '21,19', '21,18', '23,11', '67,-121', '71,29']",22,road,"[[0, 0, 0], [0, 0, 0], [0, 0, 0], [4, 7, 0], [0, 2, 0], [0, 0, 0], [1, 0, 0], [1, 0, 3], [2, 0, 0], [5, 0, 7], [6, 0, 8], [6, 0, 8], [6, 0, 8], [7, 0, 9], [7, 0, 9], [7, 0, 9], [8, 0, 0], [8, 0, 0], [8, 0, 0], [9, 0, 0], [3, 6, 0], [0, 3, 0]]","[-3.8636363636363638, -6.136363636363637]",2.1260324733787064,1.9134292260408357e+22
1030,0xf87e31492faf9a91b02ee0deaad50d51d56d5d4d,9187623906865338513511114400657741709238,4987000000000000000000,1641793404000,0x52efdaa6d5f53c95fa7430641f4c51d78707f68c,0,2,"['26,-74']",1,parcel,"[[1, 0, 0]]","[26.0, -74.0]",2.955280483500563,1.4737983771217307e+22
1031,0xf87e31492faf9a91b02ee0deaad50d51d56d5d4d,115792089237316195423570985008687907820602877441230471546973621694463381340138,6888000000000000000000,1645806835000,0x94572a2caf644bb3456be6384947ef6d1e3ba2f7,2,4,"['-97,-22']",1,parcel,"[[1, 2, 0]]","[-97.0, -22.0]",2.7507194804919237,1.8946955781628372e+22
1032,0xf87e31492faf9a91b02ee0deaad50d51d56d5d4d,50021507937377954129116067292469927084011,4900000000000000000000,1642673169000,0xd91fbb9d4fd7cceb4b167ba827b68ad4d2d0c385,0,2,"['146,-21']",1,parcel,"[[3, 0, 0]]","[146.0, -21.0]",2.743729245505247,1.3444273302975709e+22
1033,0xf87e31492faf9a91b02ee0deaad50d51d56d5d4d,20076659648335369344339101838474324475884,5387000000000000000000,1643213123000,0x4c1f9ea2581f08551332ef52f0ff131a661e0946,0,1,"['-73,-105', '58,-20', '60,-17', '60,-19']",4,road,"[[0, 0, 0], [6, 9, 0], [8, 7, 0], [8, 7, 0]]","[26.25, -40.25]",2.1741773039497394,1.1712293136377246e+22
1034,0xf87e31492faf9a91b02ee0deaad50d51d56d5d4d,41514448764354492542531702106675721797625,5500000000000000000000,1642071596000,0xf4ba497f8bdd7a9e0f65f4c918f20b70d5b75c5f,0,3,"['121,-7']",1,parcel,"[[5, 7, 0]]","[121.0, -7.0]",3.10225498674441,1.7062402427094254e+22
1035,0xf87e31492faf9a91b02ee0deaad50d51d56d5d4d,42195013498196369469458451321539258220539,5100000000000000000000,1641887684000,0x602d59f1882b8fe0c95789cb7e0df8be4a024197,0,2,"['123,-5']",1,parcel,"[[3, 5, 0]]","[123.0, -5.0]",2.832719320096719,1.4446868532493266e+22
1036,0xf87e31492faf9a91b02ee0deaad50d51d56d5d4d,50021507937377954129116067292469927084009,4288000000000000000000,1641570248000,0xcedc2f3a8d79ac3c8dbf3583902ed071cc4f0123,1,1,"['146,-23']",1,parcel,"[[3, 0, 0]]","[146.0, -23.0]",3.080049033207626,1.3207250254394298e+22
1037,0x959e104e1a4db6317fa58f8295f586e1a978c297,53,57150000000000000000000,1641283850000,0xc143759083a5cc47b8f23e1a8aa8fddb6ebf6041,7,3,"['-75,-63', '13,14', '22,89']",3,road,"[[1, 0, 3], [2, 0, 4], [3, 2, 0]]","[-13.333333333333334, 13.333333333333334]",3.2654965487737213,1.8662312776241815e+23
1038,0xf87e31492faf9a91b02ee0deaad50d51d56d5d4d,115792089237316195423570985008687907839658689988803025500922599710642401181817,5287000000000000000000,1642172682000,0x400cc92925c48a04d2e214a150440cd7e68805b1,1,1,"['-40,121', '1,141']",2,road,"[[2, 4, 0], [1, 3, 0]]","[-19.5, 131.0]",2.9626491224649576,1.5663525910472231e+22
1039,0xf87e31492faf9a91b02ee0deaad50d51d56d5d4d,48320096102773261811799194255311086026694,4511000000000000000000,1641387977000,0xe22c9179a031a412974207447cb19d45efab410f,1,1,"['140,-57', '140,-58', '141,-58']",3,road,"[[9, 1, 0], [9, 1, 0], [8, 2, 0]]","[140.33333333333334, -57.666666666666664]",2.9390688380014987,1.3258139528224762e+22
1040,0xf87e31492faf9a91b02ee0deaad50d51d56d5d4d,115792089237316195423570985008687907839318407621882087037459225103210632970330,8887000000000000000000,1643886049000,0xe6dcf90f6486978ea42bb68f69653111875105de,0,2,"['-136,-37', '-41,90', '-41,89', '-37,89']",4,road,"[[0, 0, 0], [3, 5, 0], [3, 5, 0], [3, 5, 0]]","[-63.75, 57.75]",2.559175162581649,2.2743389669863113e+22
1041,0xf87e31492faf9a91b02ee0deaad50d51d56d5d4d,9527906273786276976974489008089509920693,5850000000000000000000,1642577842000,0xaaebb0ff44ac5dc1809ae799b9cb367984c104d8,0,1,"['27,-75']",1,parcel,"[[0, 0, 0]]","[27.0, -75.0]",2.8616232703619104,1.6740496131617175e+22
1042,0xf87e31492faf9a91b02ee0deaad50d51d56d5d4d,141,5129000000000000000000,1645288684000,0x11cf66fbf7632e4f137630a7f11915a33b03be13,1,3,"['0,141']",1,parcel,"[[1, 3, 0]]","[0.0, 141.0]",2.910514160240482,1.4928027127873431e+22
1043,0xf87e31492faf9a91b02ee0deaad50d51d56d5d4d,50021507937377954129116067292469927084006,5198000000000000000000,1644139880000,0xd1eb81ea39602ef947d03333ebda5483390b8810,0,2,"['146,-26']",1,parcel,"[[3, 0, 0]]","[146.0, -26.0]",3.047315041602274,1.5839943586248621e+22
1044,0xf87e31492faf9a91b02ee0deaad50d51d56d5d4d,115792089237316195423570985008687907831151630815779563914338234524848195895410,5950000000000000000000,1645608531000,0xe6928c1992d65bbe9d15b0e54c5e7ff18d39614a,1,1,"['-65,114']",1,parcel,"[[0, 8, 0]]","[-65.0, 114.0]",2.646401249777144,1.5746087436174007e+22
1045,0xf87e31492faf9a91b02ee0deaad50d51d56d5d4d,115792089237316195423570985008687907817540336138942025375803250227577467437011,6666000000000000000000,1646078227000,0xc5f7c52d36f4c08195d1cbddbb4b48b689b8ab5c,4,2,"['-106,-45']",1,parcel,"[[0, 0, 0]]","[-106.0, -45.0]",2.850489929171568,1.900136586785767e+22
1046,0xf87e31492faf9a91b02ee0deaad50d51d56d5d4d,43215860598959184859848575143834562854892,5188000000000000000000,1642852222000,0x8b9fcae49a37b19201e6e46b195bebfe37166594,0,2,"['126,-20']",1,parcel,"[[0, 0, 0]]","[126.0, -20.0]",2.2301581473863834,1.1570060468640557e+22
1047,0xf87e31492faf9a91b02ee0deaad50d51d56d5d4d,5784800237655953878877368326340059594639,4999000000000000000000,1641954131000,0x0ce72e216e230fea10c97ebf5246f3d10a51b106,0,5,"['16,-113']",1,parcel,"[[1, 0, 0]]","[16.0, -113.0]",2.943249112150101,1.4713302311638355e+22
1048,0xf87e31492faf9a91b02ee0deaad50d51d56d5d4d,40153319296670738688678203676948648951793,5169000000000000000000,1644418318000,0x4a815004713dd8b7bead7ea6758c59083643afd5,0,2,"['117,-15']",1,parcel,"[[0, 0, 0]]","[117.0, -15.0]",3.3539721443673747,1.733668201423496e+22
1049,0xf87e31492faf9a91b02ee0deaad50d51d56d5d4d,115792089237316195423570985008687907850547725730273056331750587148458983948145,6288000000000000000000,1645045534000,0x2480c154cdebc039a0a9a9e715eb6fc547b509b3,4,2,"['-9,-143']",1,parcel,"[[0, 0, 9]]","[-9.0, -143.0]",3.281030614668921,2.0631120505038174e+22
1050,0xf87e31492faf9a91b02ee0deaad50d51d56d5d4d,115792089237316195423570985008687907806991582764392933008438637397192652881945,25000000000000000000000,1641182821000,0x421e957f8cdaafe0f0b4fd3258ac123e3b842827,1,3,"['-136,25']",1,parcel,"[[0, 5, 0]]","[-136.0, 25.0]",3.3512812933629488,8.378203233407371e+22
1051,0x959e104e1a4db6317fa58f8295f586e1a978c297,4682,214347000000000000000000,1644602402000,0x4ffc692a596d408bd33bf5f3821b3e21a618fe52,1,1,"['-120,-15', '-120,-16', '-120,-17', '-120,-18', '-120,-19', '-119,-15', '-119,-16', '-119,-17', '-119,-18', '-119,-19', '-118,-15', '-118,-16', '-118,-17', '-118,-18', '-118,-19', '-117,-15', '-117,-16', '-117,-17', '-117,-18', '-117,-19', '-116,-15', '-116,-16', '-116,-17', '-116,-18', '-116,-19', '-115,-15', '-115,-16', '-115,-17', '-115,-18', '-115,-19', '-114,-15', '-114,-16', '-114,-17', '-114,-18', '-114,-19', '-113,-15', '-113,-16', '-113,-17', '-113,-18', '-113,-19', '-112,-15', '-112,-16', '-112,-17', '-112,-18', '-112,-19', '-111,-16', '-111,-17', '-111,-18', '-111,-19', '-42,-67', '-20,140', '30,65', '36,114', '123,56']",54,road,"[[0, 0, 0], [0, 0, 0], [0, 0, 0], [0, 0, 0], [0, 0, 0], [0, 0, 0], [0, 0, 0], [0, 0, 0], [0, 0, 0], [0, 0, 0], [0, 0, 0], [0, 0, 0], [0, 0, 0], [0, 0, 0], [0, 0, 0], [0, 0, 0], [0, 0, 0], [0, 0, 0], [0, 0, 0], [0, 0, 0], [0, 0, 0], [0, 0, 0], [0, 0, 0], [0, 0, 0], [0, 0, 0], [0, 0, 0], [0, 0, 0], [0, 0, 0], [0, 0, 0], [0, 0, 0], [0, 0, 0], [0, 0, 0], [0, 0, 0], [0, 0, 0], [0, 0, 0], [0, 0, 0], [0, 0, 0], [0, 0, 0], [0, 0, 0], [0, 0, 0], [0, 0, 0], [0, 0, 0], [0, 0, 0], [0, 0, 0], [0, 0, 0], [0, 0, 0], [0, 0, 0], [0, 0, 0], [0, 0, 0], [0, 0, 9], [0, 2, 0], [0, 0, 0], [0, 2, 0], [0, 2, 0]]","[-102.53703703703704, -9.75925925925926]",2.934937766523291,6.290951054409679e+23
1052,0xf87e31492faf9a91b02ee0deaad50d51d56d5d4d,115792089237316195423570985008687907834894736851909887012435355206597646221177,5000000000000000000000,1642415174000,0xd3f754fedd3a188089d783960a2cf11101be0f44,1,2,"['-55,-135', '-53,140']",2,road,"[[0, 0, 0], [9, 0, 0]]","[-54.0, 2.5]",3.124674912948848,1.562337456474424e+22
1053,0xf87e31492faf9a91b02ee0deaad50d51d56d5d4d,115792089237316195423570985008687907844762925492617102452873218822118924353549,6999000000000000000000,1643752836000,0x086094b503436539a50b6b5197661f12557c13bb,1,1,"['-25,13', '10,-44']",2,road,"[[0, 0, 0], [5, 0, 0]]","[-7.5, -15.5]",2.697334799791993,1.887864626374416e+22
1054,0xf87e31492faf9a91b02ee0deaad50d51d56d5d4d,8847341539944400050047739793225973497847,8888000000000000000000,1645432181000,0x5fd5abba50def088efb1b02eb12dccf76008dd71,1,2,"['25,-9']",1,parcel,"[[0, 0, 0]]","[25.0, -9.0]",2.7121559002340634,2.4105641641280354e+22
1055,0xf87e31492faf9a91b02ee0deaad50d51d56d5d4d,9868188640707215440437863615521278132226,15888000000000000000000,1643645811000,0xa242ca5d7adafc84db05b4944057f0e83ba9ca2e,5,1,"['2,28', '14,16', '29,2']",3,road,"[[0, 0, 0], [4, 0, 6], [0, 0, 0]]","[15.0, 15.333333333333334]",2.838711845336331,4.510145379870363e+22
1056,0xf87e31492faf9a91b02ee0deaad50d51d56d5d4d,115792089237316195423570985008687907845443490226458979379799968036982460776438,5789000000000000000000,1643501813000,0x081294684c746feaeb60bbd1c1b6f03ff2894aad,0,1,"['-24,-10']",1,parcel,"[[8, 0, 0]]","[-24.0, -10.0]",2.3763648429587017,1.3756776075887924e+22
1057,0xf87e31492faf9a91b02ee0deaad50d51d56d5d4d,115792089237316195423570985008687907836936431053435517793215602851188255490032,9999000000000000000000,1646306733000,0x2d33811005d47f37c0cf1c474df160c6887ce225,2,1,"['-49,-16']",1,parcel,"[[0, 0, 0]]","[-49.0, -16.0]",2.758728169682906,2.758452296865938e+22
1058,0xf87e31492faf9a91b02ee0deaad50d51d56d5d4d,6465364971497830805804117541203596017725,5369000000000000000000,1642755994000,0xa7935ebbae0066999a2ad7db78e97046d83dbf76,0,1,"['19,61']",1,parcel,"[[0, 0, 0]]","[19.0, 61.0]",2.6360883603314003,1.4153158406619288e+22
1059,0xf87e31492faf9a91b02ee0deaad50d51d56d5d4d,115792089237316195423570985008687907827748807146570179279704488450530513780683,5399000000000000000000,1642287841000,0xafc2beb4bccb717c4d53c287a7458055cefb9506,2,2,"['-76,-53']",1,parcel,"[[2, 0, 4]]","[-76.0, -53.0]",2.9998911780482875,1.6196412470282705e+22
1060,0xf87e31492faf9a91b02ee0deaad50d51d56d5d4d,115792089237316195423570985008687907843742078391854287062483094999823619719195,7000000000000000000000,1641562093000,0xdeeb51d665e02aa86dcfb41f1e495aab707cd6cf,0,1,"['-28,27']",1,parcel,"[[0, 0, 0]]","[-28.0, 27.0]",3.080049033207626,2.156034323245338e+22
1061,0xf87e31492faf9a91b02ee0deaad50d51d56d5d4d,115792089237316195423570985008687907828769654247332994670094612272825818415121,5387000000000000000000,1642062218000,0x3aebcf1cff75b70aef371a0e9a6e0fbd0a824190,2,4,"['-72,17']",1,parcel,"[[5, 2, 7]]","[-72.0, 17.0]",3.10225498674441,1.6711847613592137e+22
1062,0x959e104e1a4db6317fa58f8295f586e1a978c297,2353,40500000000000000000000,1643112727000,0x197f307de4a57608aa63a471c943a2fe15268834,6,2,"['-136,-46', '-136,-47', '-136,-48', '-135,-46', '-135,-47', '-135,-48', '-134,-46', '-134,-47', '-134,-48']",9,land,"[[1, 0, 0], [1, 0, 0], [0, 0, 0], [1, 0, 0], [1, 0, 0], [0, 0, 0], [1, 0, 0], [1, 0, 0], [0, 0, 0]]","[-135.0, -47.0]",2.1260324733787064,8.610431517183762e+22
1063,0x959e104e1a4db6317fa58f8295f586e1a978c297,1456,17890000000000000000000,1644832699000,0xbbd924545de08b88bcfc4839053b9d4239efb3ea,10,6,"['-130,-83', '-129,-83', '-129,-84', '-89,-90', '-51,-138', '-43,-32', '-43,-33', '-42,-32', '-42,-33', '-32,-5', '-24,146', '-23,146', '-21,146', '-21,145', '126,-7']",15,road,"[[5, 0, 0], [4, 0, 0], [4, 0, 0], [0, 0, 0], [0, 0, 0], [6, 0, 0], [6, 0, 0], [7, 0, 0], [7, 0, 0], [3, 0, 0], [6, 8, 0], [6, 8, 0], [6, 8, 0], [5, 7, 0], [5, 7, 0]]","[-46.2, -2.466666666666667]",2.8450160166572074,5.089733653799744e+22
1064,0xf87e31492faf9a91b02ee0deaad50d51d56d5d4d,115792089237316195423570985008687907844762925492617102452873218822118924353487,7999000000000000000000,1641480782000,0x959e104e1a4db6317fa58f8295f586e1a978c297,0,1,[],0,,[],[0],3.3829650695793463,2.706033759156519e+22
1065,0xf87e31492faf9a91b02ee0deaad50d51d56d5d4d,115792089237316195423570985008687907829790501348095810060484736095121123049452,5420000000000000000000,1642945186000,0x639d551d3b5a8843b3649d1c851d9373850c42e0,0,1,"['-70,-20']",1,parcel,"[[7, 8, 9]]","[-70.0, -20.0]",2.1191673192784792,1.1485886870489357e+22
1066,0xf87e31492faf9a91b02ee0deaad50d51d56d5d4d,115792089237316195423570985008687907807672147498234809935365386612056189304756,4799000000000000000000,1641699186000,0xdc4946176117d56207d488e06abcc590dfc7f15c,1,3,"['-135,-76']",1,parcel,"[[1, 0, 0]]","[-135.0, -76.0]",2.954629844358916,1.4179268623078437e+22
1067,0xf87e31492faf9a91b02ee0deaad50d51d56d5d4d,49681225570457015665652692685038158872554,4800000000000000000000,1642671669000,0xed87b074d1a23ccae6373f4125c0a5f16e8c12f7,0,1,"['145,-22']",1,parcel,"[[4, 0, 0]]","[145.0, -22.0]",2.743729245505247,1.3169900378425186e+22
1068,0x959e104e1a4db6317fa58f8295f586e1a978c297,4529,15000000000000000000000,1643356214000,0x2130e1f112778cb37e32a9f5b74f15ecc147c64a,0,1,"['41,125', '41,124']",2,land,"[[5, 7, 0], [5, 7, 0]]","[41.0, 124.5]",2.26664990562353,3.3999748584352952e+22
1069,0xf87e31492faf9a91b02ee0deaad50d51d56d5d4d,10548753374549092367364612830384814555224,5500000000000000000000,1641791074000,0x3f11c67748ff5a866320ea225332d6449a0a0703,1,1,"['31,88']",1,parcel,"[[4, 3, 0]]","[31.0, 88.0]",2.955280483500563,1.6254042659253096e+22
1070,0xf87e31492faf9a91b02ee0deaad50d51d56d5d4d,115792089237316195423570985008687907843742078391854287062483094999823619719314,5197000000000000000000,1644009983000,0xd94a7c3d987803ba0c154a4ba5fe855631d5ec6c,0,3,"['-28,146']",1,parcel,"[[6, 8, 0]]","[-28.0, 146.0]",2.827924994351074,1.469672619564253e+22
1071,0xf87e31492faf9a91b02ee0deaad50d51d56d5d4d,9187623906865338513511114400657741709440,4988000000000000000000,1641283368000,0xd114a5f747655a5a49b2dea7edda923eff109c5d,1,2,"['27,128']",1,parcel,"[[0, 0, 0]]","[27.0, 128.0]",3.2654965487737213,1.6288296785283322e+22
1072,0xf87e31492faf9a91b02ee0deaad50d51d56d5d4d,115792089237316195423570985008687907808012429865155748398828761219487957516250,6666000000000000000000,1641884395000,0x910070c49192c4ebf6ceaa0cd78062e5c9d54061,0,1,"['-134,-38']",1,parcel,"[[0, 0, 0]]","[-134.0, -38.0]",2.832719320096719,1.8882906987764728e+22
1073,0xf87e31492faf9a91b02ee0deaad50d51d56d5d4d,47979813735852323348335819647879317815239,4511000000000000000000,1641387892000,0xe22c9179a031a412974207447cb19d45efab410f,0,1,"['140,-57', '140,-58', '141,-58']",3,road,"[[9, 1, 0], [9, 1, 0], [8, 2, 0]]","[140.33333333333334, -57.666666666666664]",2.9390688380014987,1.3258139528224762e+22
1074,0xf87e31492faf9a91b02ee0deaad50d51d56d5d4d,115792089237316195423570985008687907818901465606625779229656748657304540282812,4999000000000000000000,1641011363000,0xed5f91c90cca7c18ef9caba7b627c7ca5c693f7e,0,2,"['-103,-68', '-102,-68']",2,road,"[[0, 0, 0], [0, 0, 0]]","[-102.5, -68.0]",3.2837753609862053,1.6415593029570042e+22
1075,0xf87e31492faf9a91b02ee0deaad50d51d56d5d4d,20757224382177246271265851053337860898799,5420000000000000000000,1643211883000,0x4c1f9ea2581f08551332ef52f0ff131a661e0946,0,1,"['-73,-105', '58,-20', '60,-17', '60,-19']",4,road,"[[0, 0, 0], [6, 9, 0], [8, 7, 0], [8, 7, 0]]","[26.25, -40.25]",2.1741773039497394,1.1784040987407587e+22
1076,0xf87e31492faf9a91b02ee0deaad50d51d56d5d4d,36069930893619477127117708387767430414197,4999000000000000000000,1644296342000,0x2beccefc0bfd86711449b70a64ba89ecfbea2478,7,6,"['105,-139', '139,-148']",2,road,"[[0, 0, 0], [1, 0, 0]]","[122.0, -143.5]",3.3015594156099715,1.650449551863425e+22
1077,0xf87e31492faf9a91b02ee0deaad50d51d56d5d4d,115792089237316195423570985008687907815838924304337333058486377190418626379804,10000000000000000000000,1642171387000,0x57fc35a978c3a21c0267641fe835c43161607a8a,1,5,"['-110,28']",1,parcel,"[[0, 5, 0]]","[-110.0, 28.0]",2.9626491224649576,2.9626491224649575e+22
1078,0xf87e31492faf9a91b02ee0deaad50d51d56d5d4d,115792089237316195423570985008687907842040666557249594745166221962664778661878,4899000000000000000000,1645798942000,0xc9aa3445ddb743219c930449d5fad7e8dd3f999e,1,3,"['-34,-10']",1,parcel,"[[8, 0, 0]]","[-34.0, -10.0]",2.7507194804919237,1.3475774734929934e+22
1079,0xf87e31492faf9a91b02ee0deaad50d51d56d5d4d,4083388403051261561560495289181218537431,5277000000000000000000,1643026674000,0xee8f5dd980a661e734ba330005ded150d8226d3e,0,1,"['-70,-110', '-51,-130', '11,-41']",3,road,"[[0, 0, 0], [0, 0, 0], [8, 0, 0]]","[-36.666666666666664, -93.66666666666667]",2.097272260649448,1.1067305719447138e+22
1080,0xf87e31492faf9a91b02ee0deaad50d51d56d5d4d,115792089237316195423570985008687907815158359570495456131559627975555089956804,6488000000000000000000,1645278866000,0x96ba03797fa94ca6e5fbcad4d2976eea780cd6ff,0,1,"['-113,-60']",1,parcel,"[[0, 0, 0]]","[-113.0, -60.0]",2.910514160240482,1.8883415871640247e+22
1081,0xf87e31492faf9a91b02ee0deaad50d51d56d5d4d,115792089237316195423570985008687907839318407621882087037459225103210632970329,8887000000000000000000,1643885971000,0xe6dcf90f6486978ea42bb68f69653111875105de,0,2,"['-136,-37', '-41,90', '-41,89', '-37,89']",4,road,"[[0, 0, 0], [3, 5, 0], [3, 5, 0], [3, 5, 0]]","[-63.75, 57.75]",2.559175162581649,2.2743389669863113e+22
1082,0xf87e31492faf9a91b02ee0deaad50d51d56d5d4d,14972424144521292392388482726997801304145,7000000000000000000000,1644136680000,0x9216157d65b04a9fc55858a34ee5466ffd48f194,0,1,"['44,81']",1,parcel,"[[7, 0, 9]]","[44.0, 81.0]",3.047315041602274,2.133120529121592e+22
1083,0xf87e31492faf9a91b02ee0deaad50d51d56d5d4d,6805647338418769269267492148635364229144,5049000000000000000000,1645607580000,0x5bcc21d17e48b84ea08dfcc7367475fb219b879b,0,1,"['20,24']",1,parcel,"[[0, 0, 0]]","[20.0, 24.0]",2.646401249777144,1.33616799101248e+22
1084,0xf87e31492faf9a91b02ee0deaad50d51d56d5d4d,17694683079888800100095479586451946995823,5999000000000000000000,1644413702000,0x157ee2a2e2dfa06200c1ee75ae64f9c92b3c5aa8,0,2,"['52,111']",1,parcel,"[[7, 9, 0]]","[52.0, 111.0]",3.3539721443673747,2.0120478894059883e+22
1085,0x959e104e1a4db6317fa58f8295f586e1a978c297,4630,24000000000000000000000,1642848977000,0x9051c2a11a9d2405f4228db6aee00291f4c11bba,3,2,"['-6,25', '-6,24', '-5,25', '-5,24']",4,land,"[[0, 0, 0], [0, 0, 0], [0, 0, 0], [0, 0, 0]]","[-5.5, 24.5]",2.2301581473863834,5.35237955372732e+22
1086,0xf87e31492faf9a91b02ee0deaad50d51d56d5d4d,3062541302288446171170371466885913903165,5588000000000000000000,1645427910000,0x85840826e93a843104969c0fba3af1bdf83fadc7,0,1,"['9,61']",1,parcel,"[[0, 0, 0]]","[9.0, 61.0]",2.7121559002340634,1.5155527170507946e+22
1087,0xf87e31492faf9a91b02ee0deaad50d51d56d5d4d,115792089237316195423570985008687907838637842888040210110532475888347096547355,6490000000000000000000,1642569919000,0x16f3b0fd0567e3c224e3b946bbe9d6a70616ad29,0,2,"['-43,27']",1,parcel,"[[0, 0, 0]]","[-43.0, 27.0]",2.8616232703619104,1.8571935024648798e+22
1088,0xf87e31492faf9a91b02ee0deaad50d51d56d5d4d,11569600475311907757754736652680119189479,6800000000000000000000,1644600068000,0x959e104e1a4db6317fa58f8295f586e1a978c297,3,3,[],0,,[],[0],2.934937766523291,1.995757681235838e+22
1089,0xf87e31492faf9a91b02ee0deaad50d51d56d5d4d,115792089237316195423570985008687907827748807146570179279704488450530513780692,5299000000000000000000,1642752884000,0x8c593534cc44d3cbb8bde927597611d30f56792b,0,1,"['-76,-44']",1,parcel,"[[5, 0, 7]]","[-76.0, -44.0]",2.6360883603314003,1.396863222139609e+22
1090,0xf87e31492faf9a91b02ee0deaad50d51d56d5d4d,115792089237316195423570985008687907819582030340467656156583497872168076705642,4879000000000000000000,1643489471000,0x1c0cfe4447753731bbee7bef474140840cb3ea6b,3,3,"['-100,-150']",1,parcel,"[[0, 0, 0]]","[-100.0, -150.0]",2.3763648429587017,1.1594284068795507e+22
1091,0xf87e31492faf9a91b02ee0deaad50d51d56d5d4d,7486212072260646196194241363498900651974,4888000000000000000000,1641170410000,0x3fe3b19320fc260df2ca67eb4de3eda37be3f2aa,2,1,"['21,-58']",1,parcel,"[[1, 0, 0]]","[21.0, -58.0]",3.3512812933629488,1.6381062961958094e+22
1092,0xf87e31492faf9a91b02ee0deaad50d51d56d5d4d,13951577043758477001998358904702496669576,4900000000000000000000,1642272996000,0x985495b4907e26962b334abaa5b82742494b532e,0,2,"['40,-120']",1,parcel,"[[2, 0, 0]]","[40.0, -120.0]",2.9998911780482875,1.469946677243661e+22
1093,0xf87e31492faf9a91b02ee0deaad50d51d56d5d4d,115792089237316195423570985008687907848165749161826487087506964896436606468024,6545000000000000000000,1646065681000,0xd5057ee057fcc1cc15be64785c6c287e4701cdd1,0,2,"['-16,-72']",1,parcel,"[[1, 0, 6]]","[-16.0, -72.0]",2.850489929171568,1.8656456586427913e+22
1094,0xd35147be6401dcb20811f2104c33de8e97ed6818,26774,56000000000000000000,1642415174000,0x87fff4905cb3a8c7857a565f160768855e2f8e72,0,1,"['-50,-140']",1,parcel,"[[0, 0, 0]]","[-50.0, -140.0]",3.124674912948848,1.7498179512513547e+20
1095,0xf87e31492faf9a91b02ee0deaad50d51d56d5d4d,43215860598959184859848575143834562854946,5000000000000000000000,1645044234000,0x587d4d1aa9c2ced792bb332640177da73c1f98f9,0,2,"['127,34']",1,parcel,"[[0, 0, 0]]","[127.0, 34.0]",3.281030614668921,1.6405153073344606e+22
1096,0xf87e31492faf9a91b02ee0deaad50d51d56d5d4d,115792089237316195423570985008687907847485184427984610160580215681573070045224,5387000000000000000000,1643751407000,0x862364e32c4a03fc84c612040657e94927fc3e81,0,1,"['-17,40']",1,parcel,"[[1, 0, 0]]","[-17.0, 40.0]",2.697334799791993,1.4530542566479468e+22
1097,0xf87e31492faf9a91b02ee0deaad50d51d56d5d4d,49340943203536077202189318077606390661097,4288000000000000000000,1641552091000,0x00a20c74546c9dc3162ca0cfbc323692cffce448,0,1,"['144,-23']",1,parcel,"[[5, 0, 0]]","[144.0, -23.0]",3.3829650695793463,1.4506154218356237e+22
1098,0xd35147be6401dcb20811f2104c33de8e97ed6818,26928,95000000000000000000,1642060696000,0x885b9a313c5f7afc4d70af09353966bf3c8cbdb8,0,1,"['-15,-115']",1,parcel,"[[1, 0, 0]]","[-15.0, -115.0]",3.10225498674441,2.9471422374071894e+20
1099,0xf87e31492faf9a91b02ee0deaad50d51d56d5d4d,7145929705339707732730866756067132440644,6549000000000000000000,1642942635000,0xda3374ebd805b3d2aa6ee2bc5fcb6d9cc00667e3,3,3,"['-25,-26', '21,68']",2,road,"[[0, 0, 0], [8, 3, 0]]","[-2.0, 21.0]",2.1191673192784792,1.387842677395476e+22
1100,0x959e104e1a4db6317fa58f8295f586e1a978c297,2776,25500000000000000000000,1641946403000,0x4a1bf5d5f3a824c4353614369451d5233d4d6f06,10,2,"['-49,-58', '-49,-59', '-20,-30', '23,128', '24,129', '24,128', '54,31']",7,road,"[[0, 0, 2], [0, 0, 2], [0, 0, 0], [0, 0, 0], [0, 0, 0], [0, 0, 0], [2, 5, 0]]","[1.0, 38.42857142857143]",2.943249112150101,7.505285235982758e+22
1101,0x959e104e1a4db6317fa58f8295f586e1a978c297,2200,9000000000000000000000,1643645559000,0x4a1bf5d5f3a824c4353614369451d5233d4d6f06,1,1,"['-49,-58', '-49,-59', '-20,-30', '23,128', '24,129', '24,128', '54,31']",7,road,"[[0, 0, 2], [0, 0, 2], [0, 0, 0], [0, 0, 0], [0, 0, 0], [0, 0, 0], [2, 5, 0]]","[1.0, 38.42857142857143]",2.838711845336331,2.554840660802698e+22
1102,0xf87e31492faf9a91b02ee0deaad50d51d56d5d4d,1020847100762815390390123822295304634332,11999000000000000000000,1641699110000,0xde4a3780b70bdcb87d0a78a008ea3d216e307c6b,0,2,"['2,-36', '3,-36']",2,road,"[[0, 0, 0], [1, 0, 0]]","[2.5, -36.0]",2.954629844358916,3.5452603502462633e+22
1103,0xf87e31492faf9a91b02ee0deaad50d51d56d5d4d,12590447576074723148144860474975423823783,4800000000000000000000,1642667893000,0xb2920574676bdad9f0336b7128d63db480ee3556,3,5,"['36,-89']",1,parcel,"[[1, 0, 0]]","[36.0, -89.0]",2.743729245505247,1.3169900378425186e+22
1104,0xf87e31492faf9a91b02ee0deaad50d51d56d5d4d,115792089237316195423570985008687907819241747973546717693120123264736308494356,7420000000000000000000,1644826608000,0xef1bce3a53b010ecee410b64be8204d14bdc9f86,1,1,"['-100,20']",1,parcel,"[[4, 0, 0]]","[-100.0, 20.0]",2.8450160166572074,2.111001884359648e+22
1105,0xf87e31492faf9a91b02ee0deaad50d51d56d5d4d,4763953136893138488487244504044754960281,6444000000000000000000,1644002477000,0x28f18d9ad8730e0de394e9b5c4dd8df178e73de4,0,1,"['13,-102', '13,-103']",2,road,"[[0, 0, 0], [0, 0, 0]]","[13.0, -102.5]",2.827924994351074,1.822314866359832e+22
1106,0xf87e31492faf9a91b02ee0deaad50d51d56d5d4d,115792089237316195423570985008687907805970735663630117618048513574897348247512,5497000000000000000000,1646303985000,0x959e104e1a4db6317fa58f8295f586e1a978c297,0,1,[],0,,[],[0],2.758728169682906,1.5164728748746933e+22
1107,0x959e104e1a4db6317fa58f8295f586e1a978c297,53,111111000000000000000000,1641281114000,0xc143759083a5cc47b8f23e1a8aa8fddb6ebf6041,7,3,"['-75,-63', '13,14', '22,89']",3,road,"[[1, 0, 3], [2, 0, 4], [3, 2, 0]]","[-13.333333333333334, 13.333333333333334]",3.2654965487737213,3.6283258703079696e+23
1108,0xf87e31492faf9a91b02ee0deaad50d51d56d5d4d,115792089237316195423570985008687907842721231291091471672092971177528315084777,4850000000000000000000,1641786798000,0x134c2d86cd7439aff217a98d58549da30c937380,0,3,"['-73,38', '-64,-130', '-32,-23']",3,road,"[[0, 2, 0], [0, 0, 0], [0, 0, 0]]","[-56.333333333333336, -38.333333333333336]",2.955280483500563,1.433311034497773e+22
1109,0xf87e31492faf9a91b02ee0deaad50d51d56d5d4d,115792089237316195423570985008687907833193325017305194695118482169438805164166,5198000000000000000000,1644288673000,0xc7fa9bd7a3ad79a3d1279df11ce98654d01c41aa,0,2,"['-59,134']",1,parcel,"[[3, 0, 0]]","[-59.0, 134.0]",3.3015594156099715,1.7161505842340634e+22
1110,0xf87e31492faf9a91b02ee0deaad50d51d56d5d4d,115792089237316195423570985008687907844422643125696163989409844214687156142032,5999000000000000000000,1641480717000,0x959e104e1a4db6317fa58f8295f586e1a978c297,0,1,[],0,,[],[0],3.3829650695793463,2.0294407452406497e+22
1111,0xf87e31492faf9a91b02ee0deaad50d51d56d5d4d,115792089237316195423570985008687907806311018030551056081511888182329116458968,5491000000000000000000,1643024659000,0x6adf3bea0dc42ce10e33fbc6e819a6d681eb9e16,0,2,"['-139,-40']",1,parcel,"[[3, 0, 0]]","[-139.0, -40.0]",2.1191673192784792,1.163634775015813e+22
1112,0xf87e31492faf9a91b02ee0deaad50d51d56d5d4d,47979813735852323348335819647879317815238,4511000000000000000000,1641387718000,0xe22c9179a031a412974207447cb19d45efab410f,0,1,"['140,-57', '140,-58', '141,-58']",3,road,"[[9, 1, 0], [9, 1, 0], [8, 2, 0]]","[140.33333333333334, -57.666666666666664]",2.9390688380014987,1.3258139528224762e+22
1113,0x959e104e1a4db6317fa58f8295f586e1a978c297,3648,9000000000000000000000,1645787609000,0xe16803d17b62b06f6a779c92cca649fd2b80c95f,2,1,[],0,,[],[0],2.5999641960296045,2.339967776426644e+22
1114,0xf87e31492faf9a91b02ee0deaad50d51d56d5d4d,45257554800484815640628822788425172123611,8550000000000000000000,1643108910000,0x2e4c66e63a271db2c81aba7b4881c5bdb59d1887,2,1,"['132,-37']",1,parcel,"[[0, 1, 0]]","[132.0, -37.0]",2.097272260649448,1.7931677828552782e+22
1115,0xf87e31492faf9a91b02ee0deaad50d51d56d5d4d,47639531368931384884872445040447549603823,4100000000000000000000,1641003967000,0x7249b7fe2ae88eebf51aa0f0abd50a6bdca7eb51,0,1,"['138,-17', '139,-17']",2,road,"[[0, 0, 0], [0, 0, 0]]","[138.5, -17.0]",3.2837753609862053,1.3463478980043442e+22
1116,0x959e104e1a4db6317fa58f8295f586e1a978c297,4630,31999000000000000000000,1643356038000,0x9051c2a11a9d2405f4228db6aee00291f4c11bba,3,2,"['-6,25', '-6,24', '-5,25', '-5,24']",4,land,"[[0, 0, 0], [0, 0, 0], [0, 0, 0], [0, 0, 0]]","[-5.5, 24.5]",2.26664990562353,7.253053033004733e+22
1117,0xf87e31492faf9a91b02ee0deaad50d51d56d5d4d,115792089237316195423570985008687907844762925492617102452873218822118924353495,5149000000000000000000,1642167242000,0xc54a189dd31a6ba725c297429da226856a198125,1,1,"['-26,-41']",1,parcel,"[[8, 0, 0]]","[-26.0, -41.0]",2.9626491224649576,1.5254680331572067e+22
1118,0xf87e31492faf9a91b02ee0deaad50d51d56d5d4d,115792089237316195423570985008687907820943159808151410010436996301895149551594,7700000000000000000000,1641882358000,0x1156bf625b37623a86d004e66e0a01ec4b17e051,4,4,"['-96,-21', '-96,-22', '-95,-21']",3,road,"[[0, 1, 0], [1, 2, 0], [0, 1, 0]]","[-95.66666666666667, -21.333333333333332]",2.832719320096719,2.1811938764744735e+22
1119,0xf87e31492faf9a91b02ee0deaad50d51d56d5d4d,20757224382177246271265851053337860898797,5349000000000000000000,1643211665000,0x4c1f9ea2581f08551332ef52f0ff131a661e0946,0,1,"['-73,-105', '58,-20', '60,-17', '60,-19']",4,road,"[[0, 0, 0], [6, 9, 0], [8, 7, 0], [8, 7, 0]]","[26.25, -40.25]",2.1741773039497394,1.1629674398827156e+22
1120,0xf87e31492faf9a91b02ee0deaad50d51d56d5d4d,115792089237316195423570985008687907840679537089565840891312723532937705816153,8888000000000000000000,1643885846000,0xe6dcf90f6486978ea42bb68f69653111875105de,13,9,"['-136,-37', '-41,90', '-41,89', '-37,89']",4,road,"[[0, 0, 0], [3, 5, 0], [3, 5, 0], [3, 5, 0]]","[-63.75, 57.75]",2.559175162581649,2.2745948845025696e+22
1121,0xf87e31492faf9a91b02ee0deaad50d51d56d5d4d,115792089237316195423570985008687907805970735663630117618048513574897348247428,4650000000000000000000,1645260342000,0x71827e1b2b0585eef3b8746fd5a2f63ab5828cbf,2,1,"['-140,-124']",1,parcel,"[[0, 0, 0]]","[-140.0, -124.0]",2.9895687131982625,1.390149451637192e+22
1122,0xf87e31492faf9a91b02ee0deaad50d51d56d5d4d,115792089237316195423570985008687907852929702298719625575994209400481361428422,8888000000000000000000,1644410331000,0x716cab0d2daf76c392bb6dd9c1e8335546da0452,0,1,"['-2,-58']",1,parcel,"[[0, 0, 0]]","[-2.0, -58.0]",3.3539721443673747,2.9810104419137228e+22
1123,0x959e104e1a4db6317fa58f8295f586e1a978c297,4524,30000000000000000000000,1644136538000,0x9216157d65b04a9fc55858a34ee5466ffd48f194,1,1,"['43,80', '43,79', '44,81', '44,80', '44,79']",5,land,"[[6, 0, 8], [6, 0, 8], [7, 0, 9], [6, 0, 8], [5, 0, 7]]","[43.6, 79.8]",3.047315041602274,9.141945124806821e+22
1124,0xf87e31492faf9a91b02ee0deaad50d51d56d5d4d,115792089237316195423570985008687907842040666557249594745166221962664778661878,4300000000000000000000,1645601015000,0xc9aa3445ddb743219c930449d5fad7e8dd3f999e,1,3,"['-34,-10']",1,parcel,"[[8, 0, 0]]","[-34.0, -10.0]",2.646401249777144,1.1379525374041718e+22
1125,0xf87e31492faf9a91b02ee0deaad50d51d56d5d4d,11909882842232846221218111260111887400935,5999000000000000000000,1644599935000,0x959e104e1a4db6317fa58f8295f586e1a978c297,2,3,[],0,,[],[0],2.934937766523291,1.7606691661373225e+22
1126,0xf87e31492faf9a91b02ee0deaad50d51d56d5d4d,4763953136893138488487244504044754960433,9999000000000000000000,1644001674000,0x17501cdb121f32b8c83ab9921fd6832543c202c3,4,1,"['14,49']",1,parcel,"[[0, 2, 0]]","[14.0, 49.0]",2.827924994351074,2.8276422018516388e+22
1127,0xf87e31492faf9a91b02ee0deaad50d51d56d5d4d,680564733841876926926749214863536422975,15000000000000000000000,1643483790000,0xd1b788a5265d140a76ccf911d204fb699ae6deb7,0,1,"['2,63', '3,63']",2,road,"[[0, 0, 0], [0, 0, 0]]","[2.5, 63.0]",2.3763648429587017,3.5645472644380523e+22
1128,0x6b47e7066c7db71aa04a1d5872496fe05c4c331f,571,398000000000000000000,1644825130000,0x62f833a46853572a1e24650ebe4d47bab445f096,0,1,[],0,,[],[0],2.8450160166572074,1.1323163746295685e+21
1129,0xf87e31492faf9a91b02ee0deaad50d51d56d5d4d,115792089237316195423570985008687907819241747973546717693120123264736308494273,5000000000000000000000,1642656691000,0xb24b20cab56401bec9de589efea541e9cdcf547b,0,2,"['-101,-63']",1,parcel,"[[0, 0, 0]]","[-101.0, -63.0]",2.743729245505247,1.3718646227526234e+22
1130,0xf87e31492faf9a91b02ee0deaad50d51d56d5d4d,2722258935367507707706996859454145691599,10000000000000000000000,1645039215000,0xece7cae91e411fe24d067e54ea572e748a36048b,0,1,"['7,-49', '49,74']",2,road,"[[0, 0, 0], [0, 0, 2]]","[28.0, 12.5]",3.281030614668921,3.281030614668921e+22
1131,0xf87e31492faf9a91b02ee0deaad50d51d56d5d4d,14632141777600353928925108119566033092667,5349000000000000000000,1645426665000,0xa6a0c695f37cb2d5fcbf3bc151e11f37dac575c5,1,1,"['43,59']",1,parcel,"[[6, 3, 8]]","[43.0, 59.0]",2.7121559002340634,1.4507321910352004e+22
1132,0x959e104e1a4db6317fa58f8295f586e1a978c297,2508,10000000000000000000000,1641539000000,0xc5988d94fe3feff56d3c33bd761608657c9dcc78,1,1,"['120,-36', '121,-36']",2,road,"[[1, 2, 0], [1, 2, 0]]","[120.5, -36.0]",3.3829650695793463,3.3829650695793465e+22
1133,0xf87e31492faf9a91b02ee0deaad50d51d56d5d4d,115792089237316195423570985008687907812776383002048886887316005723532712476644,6333000000000000000000,1642269589000,0xb375e0c12bfa084d269dcbf412ea1d6b100aae5d,3,2,"['-147,23', '-120,-28']",2,road,"[[0, 4, 0], [0, 8, 0]]","[-133.5, -2.5]",2.9998911780482875,1.8998310830579806e+22
1134,0xf87e31492faf9a91b02ee0deaad50d51d56d5d4d,115792089237316195423570985008687907805970735663630117618048513574897348247511,5279000000000000000000,1646301666000,0x959e104e1a4db6317fa58f8295f586e1a978c297,0,1,[],0,,[],[0],2.758728169682906,1.4563326007756062e+22
1135,0xf87e31492faf9a91b02ee0deaad50d51d56d5d4d,115792089237316195423570985008687907839318407621882087037459225103210632970365,5268000000000000000000,1642566351000,0x8b40b6a00528b70eab0a412d14d8b437ed294dff,0,1,"['-41,125']",1,parcel,"[[1, 5, 0]]","[-41.0, 125.0]",2.8616232703619104,1.5075031388266544e+22
1136,0xf87e31492faf9a91b02ee0deaad50d51d56d5d4d,45257554800484815640628822788425172123654,5388000000000000000000,1644287252000,0x75c7bb440cbe3ebbec87711cfd2179b387e93528,0,2,"['133,6']",1,parcel,"[[5, 1, 0]]","[133.0, 6.0]",3.3015594156099715,1.7788802131306526e+22
1137,0x959e104e1a4db6317fa58f8295f586e1a978c297,1353,43000000000000000000000,1641774050000,0x6baba143160f3485bcf58dead612219894883cad,3,2,"['13,88', '13,87', '13,86', '14,88', '14,87', '14,86', '15,88', '15,87', '15,86']",9,land,"[[0, 0, 0], [0, 0, 0], [0, 0, 0], [0, 0, 0], [0, 0, 0], [0, 0, 0], [0, 0, 0], [0, 0, 0], [0, 0, 0]]","[14.0, 87.0]",2.955280483500563,1.2707706079052422e+23
1138,0x959e104e1a4db6317fa58f8295f586e1a978c297,259,16000000000000000000000,1646064408000,0xa01424b7540adbb792375dcf97b733a5d68ad347,1,1,"['-77,-32', '-64,-7', '-56,3', '-46,83', '-38,-8', '-20,30', '27,86', '33,65', '43,-6', '43,-7', '44,-6', '44,-7', '56,-7', '138,47']",14,road,"[[9, 0, 0], [0, 0, 0], [2, 0, 0], [5, 2, 0], [6, 0, 0], [0, 0, 0], [6, 0, 0], [0, 1, 0], [5, 0, 0], [6, 0, 0], [5, 0, 0], [5, 0, 0], [4, 0, 0], [9, 0, 0]]","[9.071428571428571, 16.714285714285715]",2.850489929171568,4.5607838866745095e+22
1139,0xf87e31492faf9a91b02ee0deaad50d51d56d5d4d,5784800237655953878877368326340059594814,5420000000000000000000,1641696477000,0xb9662d773002006ffe0e55e772cc1324733557f5,0,1,"['17,62']",1,parcel,"[[0, 0, 0]]","[17.0, 62.0]",2.954629844358916,1.6014093756425323e+22
1140,0xf87e31492faf9a91b02ee0deaad50d51d56d5d4d,6125082604576892342340742933771827806183,6500000000000000000000,1642937383000,0xbbcbcd620f6271e31fed7b52361c96c3fdeb83a4,1,1,"['17,-25']",1,parcel,"[[0, 0, 0]]","[17.0, -25.0]",2.0414460677600186,1.326939944044012e+22
1141,0xf87e31492faf9a91b02ee0deaad50d51d56d5d4d,21778071482940061661655974875633165533154,4420000000000000000000,1641001516000,0x785595c97f86f7b6e2e9a7ad9d15db25fca09000,1,1,"['63,-30']",1,parcel,"[[8, 0, 0]]","[63.0, -30.0]",3.2837753609862053,1.4514287095559028e+22
1142,0xf87e31492faf9a91b02ee0deaad50d51d56d5d4d,6805647338418769269267492148635364229036,7499000000000000000000,1645768947000,0x8a1d78a023f6bd82b8766383108abef2d89b32fb,0,1,"['19,-84']",1,parcel,"[[0, 0, 8]]","[19.0, -84.0]",2.5999641960296045,1.9497131506026003e+22
1143,0xf87e31492faf9a91b02ee0deaad50d51d56d5d4d,115792089237316195423570985008687907819922312707388594620046872479599844917098,5039000000000000000000,1642844330000,0x0bc24194e3bb4e400c545df8cfced14eb3852289,0,1,"['-99,-150']",1,parcel,"[[0, 0, 0]]","[-99.0, -150.0]",2.2301581473863834,1.1237766904679986e+22
1144,0xd35147be6401dcb20811f2104c33de8e97ed6818,23195,199000000000000000000,1642414633000,0xd747c169e8ef00a4f5e4c3fe13ea98bc70acdec3,0,2,[],0,,[],[0],3.124674912948848,6.218103076768207e+20
1145,0xf87e31492faf9a91b02ee0deaad50d51d56d5d4d,115792089237316195423570985008687907805290170929788240691121764360033811824523,5888000000000000000000,1643635340000,0x2cfc8844e48d105d434f2fcb3419cd5e9cfc3c96,2,3,"['-142,-117']",1,parcel,"[[0, 0, 0]]","[-142.0, -117.0]",2.838711845336331,1.6714335345340318e+22
1146,0xf87e31492faf9a91b02ee0deaad50d51d56d5d4d,14972424144521292392388482726997801303951,6540000000000000000000,1641156931000,0x91760cc8738b3cb3ab125bb360632a57c2e07e0c,1,2,"['43,-113']",1,parcel,"[[0, 0, 0]]","[43.0, -113.0]",3.3512812933629488,2.1917379658593683e+22
1147,0xf87e31492faf9a91b02ee0deaad50d51d56d5d4d,115792089237316195423570985008687907831151630815779563914338234524848195895406,5286000000000000000000,1642751603000,0x4f23515bba53b8a61d16b579efb13600efdff51f,1,1,"['-65,110']",1,parcel,"[[4, 8, 0]]","[-65.0, 110.0]",2.6360883603314003,1.3934363072711784e+22
1148,0xf87e31492faf9a91b02ee0deaad50d51d56d5d4d,115792089237316195423570985008687907805290170929788240691121764360033811824523,3900000000000000000000,1641383253000,0x2cfc8844e48d105d434f2fcb3419cd5e9cfc3c96,2,3,"['-142,-117']",1,parcel,"[[0, 0, 0]]","[-142.0, -117.0]",3.1944964852537963,1.2458536292489806e+22
1149,0xf87e31492faf9a91b02ee0deaad50d51d56d5d4d,115792089237316195423570985008687907851568572831035871722140710970754288582543,4977000000000000000000,1642057676000,0xb857e72ed491a6567fb4e5d4f9ebb163d95d2ed0,1,2,"['-6,-113']",1,parcel,"[[3, 0, 0]]","[-6.0, -113.0]",3.10225498674441,1.5439923069026927e+22
1150,0xf87e31492faf9a91b02ee0deaad50d51d56d5d4d,115792089237316195423570985008687907842040666557249594745166221962664778661778,5750000000000000000000,1643024443000,0xe4f0e9359756a65da70fe37a3bfa45736f9bea58,2,4,"['-53,-99', '-34,-110']",2,road,"[[0, 0, 0], [0, 0, 0]]","[-43.5, -104.5]",2.1191673192784792,1.2185212085851256e+22
1151,0x959e104e1a4db6317fa58f8295f586e1a978c297,1594,19500000000000000000000,1643354681000,0x2130e1f112778cb37e32a9f5b74f15ecc147c64a,5,2,"['40,127', '40,126', '41,127', '41,126']",4,land,"[[4, 8, 0], [4, 7, 0], [5, 7, 0], [5, 7, 0]]","[40.5, 126.5]",2.26664990562353,4.419967315965884e+22
1152,0xf87e31492faf9a91b02ee0deaad50d51d56d5d4d,50361790304298892592579441899901695295463,5900000000000000000000,1641945248000,0xc8f5b2f4f9910bf65cc8e0a13d1c06f2974fb5a0,1,3,"['147,-25']",1,parcel,"[[2, 0, 0]]","[147.0, -25.0]",2.943249112150101,1.7365169761685596e+22
1153,0xf87e31492faf9a91b02ee0deaad50d51d56d5d4d,19055812547572553953948978016179019841503,4100000000000000000000,1641277782000,0x73a750c0183a847423283d68ebd8d45682794123,1,1,"['55,-33']",1,parcel,"[[3, 0, 0]]","[55.0, -33.0]",3.2654965487737213,1.3388535849972258e+22
1154,0xf87e31492faf9a91b02ee0deaad50d51d56d5d4d,8847341539944400050047739793225973497760,5188000000000000000000,1642165863000,0xf56294dad28d3d855514f5f911b39a6f719e6478,0,3,"['25,-96']",1,parcel,"[[1, 0, 0]]","[25.0, -96.0]",2.9626491224649576,1.53702236473482e+22
1155,0xf87e31492faf9a91b02ee0deaad50d51d56d5d4d,21097506749098184734729225660769629110150,5800000000000000000000,1643748137000,0x880022503fe93c8842612187800d7cdc17b11770,5,7,"['61,-122']",1,parcel,"[[4, 0, 0]]","[61.0, -122.0]",2.697334799791993,1.564454183879356e+22
1156,0xf87e31492faf9a91b02ee0deaad50d51d56d5d4d,115792089237316195423570985008687907828769654247332994670094612272825818414999,5000000000000000000000,1643210259000,0x4c1f9ea2581f08551332ef52f0ff131a661e0946,4,2,"['-73,-105', '58,-20', '60,-17', '60,-19']",4,road,"[[0, 0, 0], [6, 9, 0], [8, 7, 0], [8, 7, 0]]","[26.25, -40.25]",2.1741773039497394,1.0870886519748696e+22
1157,0xf87e31492faf9a91b02ee0deaad50d51d56d5d4d,19055812547572553953948978016179019841529,5479000000000000000000,1643103575000,0xd276258f8d05ddd25c2ac0a70b079d8f99db1762,3,3,"['55,-7']",1,parcel,"[[3, 0, 0]]","[55.0, -7.0]",2.097272260649448,1.1490954716098326e+22
1158,0xf87e31492faf9a91b02ee0deaad50d51d56d5d4d,50361790304298892592579441899901695295464,4288000000000000000000,1641480001000,0x39a2a55ecec0a05e13ae6e07cb5ff0473d404de2,0,1,"['147,-24']",1,parcel,"[[2, 0, 0]]","[147.0, -24.0]",3.3829650695793463,1.4506154218356237e+22
1159,0x959e104e1a4db6317fa58f8295f586e1a978c297,4527,30000000000000000000000,1641882005000,0xe03513898e041bfa68292ad8992b2d781ae738d9,1,1,"['-90,-94', '-90,-95', '-89,-95', '-88,-95', '-87,-94', '-87,-95']",6,land,"[[0, 0, 0], [0, 0, 0], [0, 0, 0], [0, 0, 0], [0, 0, 0], [0, 0, 0]]","[-88.5, -94.66666666666667]",2.832719320096719,8.498157960290156e+22
1160,0xf87e31492faf9a91b02ee0deaad50d51d56d5d4d,115792089237316195423570985008687907843061513658012410135556345784960083296301,6666000000000000000000,1645250873000,0x959e104e1a4db6317fa58f8295f586e1a978c297,0,1,[],0,,[],[0],2.9895687131982625,1.9928465042179617e+22
1161,0x959e104e1a4db6317fa58f8295f586e1a978c297,2195,39998000000000000000000,1643885737000,0xe6dcf90f6486978ea42bb68f69653111875105de,2,1,"['-136,-37', '-41,90', '-41,89', '-40,89', '-40,88', '-39,89', '-38,89', '-38,88', '-37,89']",9,road,"[[0, 0, 0], [3, 5, 0], [3, 5, 0], [3, 5, 0], [4, 6, 0], [3, 5, 0], [3, 5, 0], [4, 6, 0], [3, 5, 0]]","[-50.0, 74.88888888888889]",2.559175162581649,1.0236188815294078e+23
1162,0xf87e31492faf9a91b02ee0deaad50d51d56d5d4d,18034965446809738563558854193883715207278,5690000000000000000000,1644132773000,0xd51bada10b1d1c28820bd1289c8e57e3615344bc,1,1,"['52,110', '53,110']",2,road,"[[7, 8, 0], [6, 8, 0]]","[52.5, 110.0]",3.047315041602274,1.7339222586716936e+22
1163,0xf87e31492faf9a91b02ee0deaad50d51d56d5d4d,4423670769972200025023869896612986748989,5678000000000000000000,1642919883000,0x694dece946cf435d10abbc1178c582623d1eb61e,0,1,"['13,61']",1,parcel,"[[0, 0, 0]]","[13.0, 61.0]",2.0414460677600186,1.1591330772741387e+22
1164,0xf87e31492faf9a91b02ee0deaad50d51d56d5d4d,115792089237316195423570985008687907837957278154198333183605726673483560124566,4799000000000000000000,1646062502000,0x959e104e1a4db6317fa58f8295f586e1a978c297,1,3,[],0,,[],[0],2.850489929171568,1.3679501170094356e+22
1165,0xf87e31492faf9a91b02ee0deaad50d51d56d5d4d,115792089237316195423570985008687907843061513658012410135556345784960083296294,6175000000000000000000,1645424477000,0x5eabbf0b64e48283de82a1ff126490f693f2c9c8,1,3,"['-30,38']",1,parcel,"[[0, 0, 0]]","[-30.0, 38.0]",2.7121559002340634,1.6747562683945342e+22
1166,0xf87e31492faf9a91b02ee0deaad50d51d56d5d4d,24160048051386630905899597127655543013412,4888000000000000000000,1641535522000,0x727834713c20c8f09cb17a39c5b1700cd33f59df,0,1,"['71,36']",1,parcel,"[[0, 1, 0]]","[71.0, 36.0]",3.3829650695793463,1.6535933260103846e+22
1167,0xf87e31492faf9a91b02ee0deaad50d51d56d5d4d,115792089237316195423570985008687907834554454484988948548971980599165878009972,6456000000000000000000,1644591106000,0x5aea8f085bbe5c3bb2e735a52e33b3a74c7e8a45,1,1,"['-55,116']",1,parcel,"[[0, 0, 0]]","[-55.0, 116.0]",2.934937766523291,1.8947958220674367e+22
1168,0xf87e31492faf9a91b02ee0deaad50d51d56d5d4d,115792089237316195423570985008687907840339254722644902427849348925505937604503,6460000000000000000000,1642541075000,0x97192c13dfd4445328dc4c097cce12786ca0d45f,0,1,"['-39,-105']",1,parcel,"[[0, 0, 0]]","[-39.0, -105.0]",2.8616232703619104,1.848608632653794e+22
1169,0x959e104e1a4db6317fa58f8295f586e1a978c297,4640,35988000000000000000000,1644281907000,0x073832762130265a111b0f6facea508dc8abe1c4,0,1,"['-35,-99', '-35,-100', '-34,-99', '-34,-100', '-33,-99', '-33,-100']",6,land,"[[0, 0, 0], [0, 0, 0], [0, 0, 0], [0, 0, 0], [0, 0, 0], [0, 0, 0]]","[-34.0, -99.5]",3.3015594156099715,1.1881652024897164e+23
1170,0xf87e31492faf9a91b02ee0deaad50d51d56d5d4d,13951577043758477001998358904702496669638,5169000000000000000000,1644821947000,0x025b382769bd9e761f42ce8983eebc628d2b96ae,0,1,"['40,-58']",1,parcel,"[[3, 0, 0]]","[40.0, -58.0]",2.8450160166572074,1.4705887790101105e+22
1171,0x959e104e1a4db6317fa58f8295f586e1a978c297,4673,13249000000000000000000,1645593424000,0x0d851c899599faade85bef5fa400b156e35944bf,0,1,"['55,31', '56,31']",2,land,"[[3, 5, 0], [4, 5, 0]]","[55.5, 31.0]",2.646401249777144,3.506217015829738e+22
1172,0x959e104e1a4db6317fa58f8295f586e1a978c297,4642,23420000000000000000000,1643996577000,0xb88194f9bcc5ec80cf80c163ca2b123917468793,0,1,"['37,-57', '37,-58', '38,-57', '38,-58']",4,land,"[[2, 0, 0], [2, 0, 0], [2, 0, 0], [3, 0, 0]]","[37.5, -57.5]",2.827924994351074,6.623000336770215e+22
1173,0xf87e31492faf9a91b02ee0deaad50d51d56d5d4d,115792089237316195423570985008687907851568572831035871722140710970754288582597,5287000000000000000000,1642650050000,0x45f836a8990948f75b16df23f1e5f330f499306f,1,3,"['-6,-59']",1,parcel,"[[2, 0, 0]]","[-6.0, -59.0]",2.743729245505247,1.450609652098624e+22
1174,0xf87e31492faf9a91b02ee0deaad50d51d56d5d4d,115792089237316195423570985008687907844762925492617102452873218822118924353413,5969000000000000000000,1643467509000,0x9a739c2e212754c3d8432cb717dc9437e5b3dfae,5,3,"['-26,-123']",1,parcel,"[[0, 0, 0]]","[-26.0, -123.0]",2.3763648429587017,1.4184521747620489e+22
1175,0xf87e31492faf9a91b02ee0deaad50d51d56d5d4d,115792089237316195423570985008687907849186596262589302477897088718731911102329,6249000000000000000000,1642269220000,0x5ee0655b51e475cb5cb03e51944ff11044ba9b14,0,1,"['-13,-135']",1,parcel,"[[0, 0, 1]]","[-13.0, -135.0]",2.9998911780482875,1.8746319971623748e+22
1176,0xf87e31492faf9a91b02ee0deaad50d51d56d5d4d,13611294676837538538534984297270728458178,5419000000000000000000,1643634902000,0xafb660495dd5ff714813f5d42ab102cdbdf61f15,0,1,"['39,-62']",1,parcel,"[[4, 0, 0]]","[39.0, -62.0]",2.838711845336331,1.5382979489877578e+22
1177,0xf87e31492faf9a91b02ee0deaad50d51d56d5d4d,43215860598959184859848575143834562854907,4200000000000000000000,1644401892000,0xa1324d1e94b9e660e33064afaa8961ae1d3edeb0,2,5,"['-90,-84', '124,-5', '126,-5']",3,road,"[[0, 0, 0], [3, 5, 0], [3, 5, 0]]","[53.333333333333336, -31.333333333333332]",3.495626507486707,1.468163133144417e+22
1178,0xf87e31492faf9a91b02ee0deaad50d51d56d5d4d,50021507937377954129116067292469927084006,4690000000000000000000,1641769171000,0xd1eb81ea39602ef947d03333ebda5483390b8810,0,2,"['146,-26']",1,parcel,"[[3, 0, 0]]","[146.0, -26.0]",2.955280483500563,1.386026546761764e+22
1179,0xf87e31492faf9a91b02ee0deaad50d51d56d5d4d,115792089237316195423570985008687907840679537089565840891312723532937705816040,4699000000000000000000,1641689794000,0x1c3a607163198f8b60aefa1e7c9905415efbc671,0,1,"['-38,-24']",1,parcel,"[[0, 0, 0]]","[-38.0, -24.0]",2.954629844358916,1.3883805638642547e+22
1180,0xf87e31492faf9a91b02ee0deaad50d51d56d5d4d,46278401901247631031018946610720476758066,5099000000000000000000,1645038442000,0x31a9a5f275b7def9005b366befc864f289773ee9,0,1,"['-112,-32', '48,137', '136,50']",3,road,"[[0, 0, 0], [0, 0, 0], [6, 8, 0]]","[24.0, 51.666666666666664]",3.281030614668921,1.672997510419683e+22
1181,0xf87e31492faf9a91b02ee0deaad50d51d56d5d4d,115792089237316195423570985008687907834894736851909887012435355206597646221309,5849000000000000000000,1643088805000,0x49399b9f529d3d4cf651b66862513a8c7589065e,6,4,"['-55,-3']",1,parcel,"[[1, 3, 0]]","[-55.0, -3.0]",2.097272260649448,1.226694545253862e+22
1182,0xf87e31492faf9a91b02ee0deaad50d51d56d5d4d,11569600475311907757754736652680119189389,15000000000000000000000,1642835383000,0x0409b454db103199a9aee027f307b6a1cb830120,1,1,"['-95,32', '19,-29', '19,-145', '21,-32', '22,-145', '23,-144', '31,-20', '33,-115', '34,-115', '149,-26', '149,-37']",11,road,"[[0, 1, 0], [0, 0, 0], [0, 0, 0], [0, 0, 0], [0, 0, 0], [0, 0, 0], [0, 0, 0], [0, 0, 0], [0, 0, 0], [0, 0, 0], [0, 0, 0]]","[36.81818181818182, -70.54545454545455]",2.2301581473863834,3.345237221079575e+22
1183,0xf87e31492faf9a91b02ee0deaad50d51d56d5d4d,41854731131275431005995076714107490009081,5500000000000000000000,1641942836000,0x7156798069982846f046779b26e628d776643c2e,0,3,"['122,-7']",1,parcel,"[[5, 7, 0]]","[122.0, -7.0]",2.943249112150101,1.6187870116825556e+22
1184,0xf87e31492faf9a91b02ee0deaad50d51d56d5d4d,23819765684465692442436222520223774801953,6000000000000000000000,1642052099000,0xc4fa63641abe647d839359e37fc45d2783cc025e,5,3,"['70,33']",1,parcel,"[[0, 4, 0]]","[70.0, 33.0]",3.10225498674441,1.861352992046646e+22
1185,0x959e104e1a4db6317fa58f8295f586e1a978c297,4701,30000000000000000000000,1645767074000,0x3b1adc9cfa2fc290135d777b4046496e17320181,1,1,"['-105,-52', '-99,-95', '-59,-140', '-51,-140', '-37,149', '-37,148', '-25,28', '-25,27', '-25,26', '-25,25', '-22,28']",11,road,"[[0, 0, 0], [0, 0, 0], [0, 0, 0], [0, 0, 0], [9, 0, 0], [8, 0, 0], [0, 0, 0], [1, 0, 0], [2, 0, 0], [3, 0, 0], [0, 0, 0]]","[-46.36363636363637, 0.36363636363636365]",2.5999641960296045,7.799892588088814e+22
1186,0xf87e31492faf9a91b02ee0deaad50d51d56d5d4d,115792089237316195423570985008687907828089089513491117743167863057962281992080,5666000000000000000000,1642412756000,0xe05de1d5407290ab9edcdfeca2d8001653eb384f,0,3,"['-75,-112', '120,-18']",2,road,"[[0, 0, 0], [0, 0, 0]]","[22.5, -65.0]",3.124674912948848,1.770440805676817e+22
1187,0x959e104e1a4db6317fa58f8295f586e1a978c297,1209,22000000000000000000000,1643346903000,0xa6e1cfab0d34cf8bcde454d2b9fea8973b1526fa,3,1,"['47,-12', '48,-12', '49,-12']",3,land,"[[2, 0, 0], [1, 0, 0], [0, 0, 0]]","[48.0, -12.0]",2.26664990562353,4.9866297923717665e+22
1188,0xf87e31492faf9a91b02ee0deaad50d51d56d5d4d,115792089237316195423570985008687907837616995787277394720142352066051791913050,4999000000000000000000,1646298765000,0x483d3972d5cc739e3f2225bf346a8057ccaf6cdc,3,3,"['-46,90']",1,parcel,"[[5, 8, 0]]","[-46.0, 90.0]",2.758728169682906,1.3790882120244847e+22
1189,0x959e104e1a4db6317fa58f8295f586e1a978c297,4623,13333000000000000000000,1643016673000,0x6cbae60650a4e79a78c7cfb3e059d2c3732883c2,1,1,"['-98,21', '-97,21']",2,land,"[[3, 1, 0], [2, 1, 0]]","[-97.5, 21.0]",2.1191673192784792,2.8254857867939965e+22
1190,0xf87e31492faf9a91b02ee0deaad50d51d56d5d4d,115792089237316195423570985008687907834894736851909887012435355206597646221392,6750000000000000000000,1641150366000,0x51b7848b7f2b95c514a54fbec3ae23d1fa30546e,1,3,"['-54,80']",1,parcel,"[[1, 0, 8]]","[-54.0, 80.0]",3.3512812933629488,2.2621148730199904e+22
1191,0xf87e31492faf9a91b02ee0deaad50d51d56d5d4d,115792089237316195423570985008687907826727960045807363889314364628235209146321,5298000000000000000000,1642735437000,0x0dbd44103a292f82346d9d3d244ab1ce7dab4017,1,1,"['-79,-47']",1,parcel,"[[5, 0, 7]]","[-79.0, -47.0]",2.6360883603314003,1.3965996133035756e+22
1192,0xf87e31492faf9a91b02ee0deaad50d51d56d5d4d,41174166397433554079068327499243953586156,4800000000000000000000,1641276763000,0xc806ad8f9e408c2d8aa18dc037a6eef43d21dc45,1,4,"['120,-20']",1,parcel,"[[0, 0, 0]]","[120.0, -20.0]",3.2654965487737213,1.5674383434113861e+22
1193,0xf87e31492faf9a91b02ee0deaad50d51d56d5d4d,3402823669209384634633746074317682114700,7188000000000000000000,1642164522000,0xc6cded296127d5f344dc44d3a0b824762d7ce4bf,2,1,"['10,140']",1,parcel,"[[0, 7, 0]]","[10.0, 140.0]",2.9626491224649576,2.1295521892278116e+22
1194,0x2a187453064356c898cae034eaed119e1663acb8,105278390322609383869554382004000419126643004532478009987245282649598053442936,1000000000000000000000,1643745845000,0xf0bf2535207174593fb23bfa98b000a72daa2538,0,1,"['-41,42', '-28,26', '136,-149']",3,road,"[[0, 9, 0], [0, 0, 0], [0, 0, 0]]","[22.333333333333332, -27.0]",2.697334799791993,2.6973347997919934e+21
1195,0xf87e31492faf9a91b02ee0deaad50d51d56d5d4d,115792089237316195423570985008687907847485184427984610160580215681573070045222,5997000000000000000000,1641380735000,0x60cd55be497921638e96f7acaa58ac618e88570f,1,1,"['-17,38']",1,parcel,"[[1, 0, 0]]","[-17.0, 38.0]",3.1944964852537963,1.9157395422067015e+22
1196,0xf87e31492faf9a91b02ee0deaad50d51d56d5d4d,115792089237316195423570985008687907844762925492617102452873218822118924353488,5999000000000000000000,1641479578000,0x959e104e1a4db6317fa58f8295f586e1a978c297,0,1,[],0,,[],[0],3.3829650695793463,2.0294407452406497e+22
1197,0xf87e31492faf9a91b02ee0deaad50d51d56d5d4d,115792089237316195423570985008687907839998972355723963964385974318074169393091,19999000000000000000000,1643206378000,0x03b19470597696014f03b8ad2e1dc0d1837bd58f,7,3,"['-40,-61', '-19,150', '-19,149', '-19,148', '-19,147', '-19,146', '-19,145', '-19,144', '-19,143', '-19,142', '-19,141', '-19,140', '-18,150', '-18,149', '-18,148', '-18,147', '-18,146', '-18,145', '-18,144', '-18,143', '-18,142', '-18,141', '-18,140', '-17,150', '-17,149', '-17,148', '-17,147', '-17,146', '-17,145', '-17,144', '-17,143', '-17,142', '-17,141', '-17,140', '-16,150', '-16,149', '-16,148', '-16,147', '-16,146', '-16,145', '-16,144', '-16,143', '-16,142', '-16,141', '-16,140', '-15,150', '-15,149', '-15,148', '-15,147', '-15,146', '-15,145', '-15,144', '-15,143', '-15,142', '-15,141', '-15,140', '-14,150', '-14,149', '-14,148', '-14,147', '-14,146', '-14,145', '-14,144', '-14,143', '-14,142', '-14,141', '-14,140', '-13,150', '-13,149', '-13,148', '-13,147', '-13,146', '-13,145', '-13,144', '-13,143', '-13,142', '-13,141', '-13,140', '-12,150', '-12,149', '-12,148', '-12,147', '-12,146', '-12,145', '-12,144', '-12,143', '-12,142', '-12,141', '-12,140', '-11,150', '-11,149', '-11,148', '-11,147', '-11,146', '-11,145', '-11,144', '-11,143', '-11,142', '-11,141', '-11,140', '-10,150', '-10,149', '-10,148', '-10,147', '-10,146', '-10,145', '-10,144', '-10,143', '-10,142', '-10,141', '-10,140', '-9,150', '-9,149', '-9,148', '-9,147', '-9,146', '-9,145', '-9,144', '-9,143', '-9,142', '-9,141', '-9,140', '-8,150', '-8,149', '-8,148', '-8,147', '-8,146', '-8,145', '-8,144', '-8,143', '-8,142', '-8,141', '-8,140', '-7,150', '-7,149', '-7,148', '-7,147', '-7,146', '-7,145', '-7,144', '-7,143', '-7,142', '-7,141', '-7,140', '-6,150', '-6,149', '-6,148', '-6,147', '-6,146', '-6,145', '-6,144', '-5,150', '-5,149', '-5,148', '-5,147', '-5,146', '-5,145', '-5,144', '-4,150', '-4,149', '-4,148', '-4,147', '-4,146', '-4,145', '-4,144', '-3,150', '-3,149', '-3,148', '-3,147', '-3,146', '-3,145', '-3,144', '-2,150', '-2,149', '-2,148', '-2,147', '-2,146', '-2,145', '-2,144', '-1,150', '-1,149', '-1,148', '-1,147', '-1,146', '-1,145', '-1,144']",186,road,"[[0, 0, 0], [0, 0, 0], [9, 0, 0], [8, 0, 0], [7, 9, 0], [6, 8, 0], [5, 7, 0], [4, 6, 0], [3, 5, 0], [2, 4, 0], [1, 3, 0], [0, 2, 0], [0, 0, 0], [9, 0, 0], [8, 0, 0], [7, 9, 0], [6, 8, 0], [5, 7, 0], [4, 6, 0], [3, 5, 0], [2, 4, 0], [1, 3, 0], [0, 2, 0], [0, 0, 0], [9, 0, 0], [8, 0, 0], [7, 9, 0], [6, 8, 0], [5, 7, 0], [4, 6, 0], [3, 5, 0], [2, 4, 0], [1, 3, 0], [0, 2, 0], [0, 0, 0], [9, 0, 0], [8, 0, 0], [7, 9, 0], [6, 8, 0], [5, 7, 0], [4, 6, 0], [3, 5, 0], [2, 4, 0], [1, 3, 0], [0, 2, 0], [0, 0, 0], [9, 0, 0], [8, 0, 0], [7, 9, 0], [6, 8, 0], [5, 7, 0], [4, 6, 0], [3, 5, 0], [2, 4, 0], [1, 3, 0], [0, 2, 0], [0, 0, 0], [9, 0, 0], [8, 0, 0], [7, 9, 0], [6, 8, 0], [5, 7, 0], [4, 6, 0], [3, 5, 0], [2, 4, 0], [1, 3, 0], [0, 2, 0], [0, 0, 0], [9, 0, 0], [8, 0, 0], [7, 9, 0], [6, 8, 0], [5, 7, 0], [4, 6, 0], [3, 5, 0], [2, 4, 0], [1, 3, 0], [0, 2, 0], [0, 0, 0], [9, 0, 0], [8, 0, 0], [7, 9, 0], [6, 8, 0], [5, 7, 0], [4, 6, 0], [3, 5, 0], [2, 4, 0], [1, 3, 0], [0, 2, 0], [0, 0, 0], [9, 0, 0], [8, 0, 0], [7, 9, 0], [6, 8, 0], [5, 7, 0], [4, 6, 0], [3, 5, 0], [2, 4, 0], [1, 3, 0], [0, 2, 0], [0, 0, 0], [9, 0, 0], [8, 0, 0], [7, 9, 0], [6, 8, 0], [5, 7, 0], [4, 6, 0], [3, 5, 0], [2, 4, 0], [1, 3, 0], [0, 2, 0], [0, 0, 0], [9, 0, 0], [8, 0, 0], [7, 9, 0], [6, 8, 0], [5, 7, 0], [4, 6, 0], [3, 5, 0], [2, 4, 0], [1, 3, 0], [0, 2, 0], [0, 0, 0], [9, 0, 0], [8, 0, 0], [7, 9, 0], [6, 8, 0], [5, 7, 0], [4, 6, 0], [3, 5, 0], [2, 4, 0], [1, 3, 0], [0, 2, 0], [0, 0, 0], [9, 0, 0], [8, 0, 0], [7, 9, 0], [6, 8, 0], [5, 7, 0], [4, 6, 0], [3, 5, 0], [2, 4, 0], [1, 3, 0], [0, 2, 0], [0, 0, 0], [9, 0, 0], [8, 0, 0], [7, 9, 0], [6, 8, 0], [5, 7, 0], [4, 6, 0], [0, 0, 0], [9, 0, 0], [8, 0, 0], [7, 9, 0], [6, 8, 0], [5, 7, 0], [4, 6, 0], [0, 0, 0], [9, 0, 0], [8, 0, 0], [7, 9, 0], [6, 8, 0], [5, 7, 0], [4, 6, 0], [0, 0, 0], [9, 0, 0], [8, 0, 0], [7, 9, 0], [6, 8, 0], [5, 7, 0], [4, 6, 0], [0, 0, 0], [9, 0, 0], [8, 0, 0], [7, 9, 0], [6, 8, 0], [5, 7, 0], [4, 6, 0], [0, 0, 0], [9, 0, 0], [8, 0, 0], [7, 9, 0], [6, 8, 0], [5, 7, 0], [4, 6, 0]]","[-11.0, 144.34408602150538]",2.1741773039497394,4.348137190169084e+22
1198,0xf87e31492faf9a91b02ee0deaad50d51d56d5d4d,115792089237316195423570985008687907831832195549621440841264983739711732318079,4749000000000000000000,1641879314000,0x283d602e692fd3f820688842ce27b16106f07050,1,2,"['-64,-129']",1,parcel,"[[0, 0, 0]]","[-64.0, -129.0]",2.832719320096719,1.3452584051139318e+22
1199,0xf87e31492faf9a91b02ee0deaad50d51d56d5d4d,115792089237316195423570985008687907831832195549621440841264983739711732318078,4500000000000000000000,1640998462000,0x134c2d86cd7439aff217a98d58549da30c937380,0,3,"['-73,38', '-64,-130', '-32,-23']",3,road,"[[0, 2, 0], [0, 0, 0], [0, 0, 0]]","[-56.333333333333336, -38.333333333333336]",3.2837753609862053,1.4776989124437924e+22
1200,0xf87e31492faf9a91b02ee0deaad50d51d56d5d4d,16673835979125984709705355764156642361458,4999000000000000000000,1645250533000,0x46adff250ca2dbfebd33da1544342c894ede625a,4,6,"['49,114']",1,parcel,"[[0, 0, 0]]","[49.0, 114.0]",2.9895687131982625,1.4944853997278114e+22
1201,0xf87e31492faf9a91b02ee0deaad50d51d56d5d4d,115792089237316195423570985008687907838637842888040210110532475888347096547259,6000000000000000000000,1642911624000,0x3e8faf5b3a4ef575a329f8c976ff27f286ab2643,0,1,"['-44,-69']",1,parcel,"[[2, 0, 7]]","[-44.0, -69.0]",2.0414460677600186,1.2248676406560113e+22
1202,0xf87e31492faf9a91b02ee0deaad50d51d56d5d4d,17694683079888800100095479586451946995822,5288000000000000000000,1644132439000,0xd51bada10b1d1c28820bd1289c8e57e3615344bc,0,1,"['52,110', '53,110']",2,road,"[[7, 8, 0], [6, 8, 0]]","[52.5, 110.0]",3.047315041602274,1.6114201939992824e+22
1203,0xf87e31492faf9a91b02ee0deaad50d51d56d5d4d,115792089237316195423570985008687907838297560521119271647069101280915328336022,4780000000000000000000,1646056615000,0x959e104e1a4db6317fa58f8295f586e1a978c297,0,1,[],0,,[],[0],2.850489929171568,1.3625341861440097e+22
1204,0xf87e31492faf9a91b02ee0deaad50d51d56d5d4d,19736377281414430880875727231042556264323,5000000000000000000000,1643885407000,0x9234ddbf27882ede952d66afc3504b8b9a0b25b1,2,2,"['-32,-7', '57,-125']",2,road,"[[5, 0, 0], [7, 0, 0]]","[12.5, -66.0]",2.559175162581649,1.2795875812908244e+22
1205,0xf87e31492faf9a91b02ee0deaad50d51d56d5d4d,17694683079888800100095479586451946995823,5188000000000000000000,1643632329000,0x157ee2a2e2dfa06200c1ee75ae64f9c92b3c5aa8,0,2,"['52,111']",1,parcel,"[[7, 9, 0]]","[52.0, 111.0]",2.838711845336331,1.4727237053604887e+22
1206,0xf87e31492faf9a91b02ee0deaad50d51d56d5d4d,15312706511442230855851857334429569515620,5000000000000000000000,1644553272000,0xefd72fbce1c11d6d8cafb2e343a8211a4c22f5bc,3,3,"['45,100']",1,parcel,"[[9, 4, 0]]","[45.0, 100.0]",3.154267932934502,1.577133966467251e+22
1207,0xf87e31492faf9a91b02ee0deaad50d51d56d5d4d,40493601663591677152141578284380417163249,5100000000000000000000,1643464447000,0xfc199e896bb4a153046bacb8b3c3170079190705,0,4,"['118,-15', '119,-14']",2,road,"[[0, 0, 0], [0, 0, 0]]","[118.5, -14.5]",2.3763648429587017,1.2119460699089379e+22
1208,0x959e104e1a4db6317fa58f8295f586e1a978c297,4602,88888000000000000000000,1642649588000,0xc143759083a5cc47b8f23e1a8aa8fddb6ebf6041,1,1,"['-75,-63', '13,14', '22,89']",3,road,"[[1, 0, 3], [2, 0, 4], [3, 2, 0]]","[-13.333333333333334, 13.333333333333334]",2.743729245505247,2.438846051744704e+23
1209,0x959e104e1a4db6317fa58f8295f586e1a978c297,4674,11400000000000000000000,1644277072000,0x8a627bdd4fb7899ea0eb21ee2f06573485113738,0,1,"['-106,-60', '-106,-61']",2,land,"[[0, 0, 0], [0, 0, 0]]","[-106.0, -60.5]",3.3015594156099715,3.7637777337953676e+22
1210,0x959e104e1a4db6317fa58f8295f586e1a978c297,4424,8314000000000000000000,1645585238000,0xf15d7066b78a4e969deefa1e4ca945212ddd3171,4,2,"['-75,-65', '-37,84', '-19,39', '-3,-53']",4,road,"[[1, 0, 3], [8, 9, 0], [0, 0, 0], [0, 0, 0]]","[-33.5, 1.25]",2.646401249777144,2.2002179990647174e+22
1211,0xf87e31492faf9a91b02ee0deaad50d51d56d5d4d,115792089237316195423570985008687907841019819456486779354776098140369474027413,5777000000000000000000,1641527737000,0x71b8b7a658aa3bea4b024e703302937d8a06afda,0,1,"['-37,-107']",1,parcel,"[[0, 0, 0]]","[-37.0, -107.0]",3.3829650695793463,1.9543389206959884e+22
1212,0xf87e31492faf9a91b02ee0deaad50d51d56d5d4d,13951577043758477001998358904702496669770,5359000000000000000000,1645411281000,0x80b82daf9fee4ff667a3b3a429cc545b13b45213,1,2,"['-60,-13', '-57,149', '-42,85', '22,-45', '41,74']",5,road,"[[8, 3, 0], [0, 0, 0], [7, 4, 0], [1, 0, 0], [8, 0, 0]]","[-19.2, 50.0]",2.7121559002340634,1.4534443469354345e+22
1213,0xf87e31492faf9a91b02ee0deaad50d51d56d5d4d,115792089237316195423570985008687907830471066081937686987411485309984659472498,5780000000000000000000,1643991115000,0x916c27a7c9856e60d838d79a6eb83529649706fa,2,2,"['-67,114']",1,parcel,"[[0, 6, 0]]","[-67.0, 114.0]",2.827924994351074,1.6345406467349206e+22
1214,0xf87e31492faf9a91b02ee0deaad50d51d56d5d4d,20757224382177246271265851053337860898798,5249000000000000000000,1643087018000,0xb915324f65edf34a1c2c80b48ed3514b29813f80,0,1,"['-72,16', '60,-18']",2,road,"[[4, 2, 6], [8, 7, 0]]","[-6.0, -1.0]",2.097272260649448,1.1008582096148951e+22
1215,0xf87e31492faf9a91b02ee0deaad50d51d56d5d4d,115792089237316195423570985008687907843742078391854287062483094999823619719313,4700000000000000000000,1642256160000,0x5b8a489de37f6fb1a3ccbbf557dafebf50fcdcec,0,1,"['-28,145']",1,parcel,"[[5, 7, 0]]","[-28.0, 145.0]",2.9998911780482875,1.409948853682695e+22
1216,0xf87e31492faf9a91b02ee0deaad50d51d56d5d4d,115792089237316195423570985008687907815498641937416394595023002582986858168288,6399000000000000000000,1642538499000,0x31a9a5f275b7def9005b366befc864f289773ee9,1,1,"['-112,-32', '48,137', '136,50']",3,road,"[[0, 0, 0], [0, 0, 0], [6, 8, 0]]","[24.0, 51.666666666666664]",2.8616232703619104,1.8311527307045866e+22
1217,0xf87e31492faf9a91b02ee0deaad50d51d56d5d4d,115792089237316195423570985008687907842040666557249594745166221962664778661790,5750000000000000000000,1644398370000,0x0056db98538704fa5914d259c6e569318e6837f8,0,1,"['-34,-97', '-34,-98', '90,-149', '91,-149']",4,road,"[[0, 0, 0], [0, 0, 0], [0, 0, 0], [0, 0, 0]]","[28.25, -123.25]",3.495626507486707,2.009985241804857e+22
1218,0xf87e31492faf9a91b02ee0deaad50d51d56d5d4d,11909882842232846221218111260111887400845,15000000000000000000000,1642835003000,0x0409b454db103199a9aee027f307b6a1cb830120,1,1,"['-95,32', '19,-29', '19,-145', '21,-32', '22,-145', '23,-144', '31,-20', '33,-115', '34,-115', '149,-26', '149,-37']",11,road,"[[0, 1, 0], [0, 0, 0], [0, 0, 0], [0, 0, 0], [0, 0, 0], [0, 0, 0], [0, 0, 0], [0, 0, 0], [0, 0, 0], [0, 0, 0], [0, 0, 0]]","[36.81818181818182, -70.54545454545455]",2.2301581473863834,3.345237221079575e+22
1219,0x959e104e1a4db6317fa58f8295f586e1a978c297,4598,8888000000000000000000,1641683226000,0xe16803d17b62b06f6a779c92cca649fd2b80c95f,0,1,[],0,,[],[0],2.954629844358916,2.6260750056662042e+22
1220,0xf87e31492faf9a91b02ee0deaad50d51d56d5d4d,115792089237316195423570985008687907843061513658012410135556345784960083296325,5999000000000000000000,1645035332000,0xaea7ee388b0740c80ef7e9d11b1d7f91d18f571d,0,4,"['-30,69']",1,parcel,"[[0, 6, 0]]","[-30.0, 69.0]",3.281030614668921,1.9682902657398856e+22
1221,0xf87e31492faf9a91b02ee0deaad50d51d56d5d4d,115792089237316195423570985008687907853269984665640564039457584007913129639876,7300000000000000000000,1644793644000,0x959e104e1a4db6317fa58f8295f586e1a978c297,0,1,[],0,,[],[0],2.8450160166572074,2.0768616921597613e+22
1222,0xf87e31492faf9a91b02ee0deaad50d51d56d5d4d,115792089237316195423570985008687907813797230102811702277706129545828017110979,5249000000000000000000,1641767114000,0x4e2a4d6e1052c0a2d794cbce81ef23153f76cb11,0,1,"['-117,-61']",1,parcel,"[[0, 0, 0]]","[-117.0, -61.0]",2.955280483500563,1.5512267257894454e+22
1223,0xf87e31492faf9a91b02ee0deaad50d51d56d5d4d,115792089237316195423570985008687907831832195549621440841264983739711732318247,6249000000000000000000,1643340659000,0xe63b9cf35426bd76f40e90d7e63252f9b28a4b4d,1,1,"['-63,39', '85,-18']",2,road,"[[0, 1, 0], [6, 6, 8]]","[11.0, 10.5]",2.26664990562353,1.416429526024144e+22
1224,0x959e104e1a4db6317fa58f8295f586e1a978c297,3823,18000000000000000000000,1642411696000,0xa4ddb432bdac6872cab7a8a44ad1864412381fef,5,3,"['-108,-27', '-108,-28', '-107,-27', '-19,70']",4,road,"[[1, 7, 0], [0, 8, 0], [0, 7, 0], [7, 2, 9]]","[-85.5, -3.0]",3.124674912948848,5.624414843307926e+22
1225,0xf87e31492faf9a91b02ee0deaad50d51d56d5d4d,4423670769972200025023869896612986748808,5849000000000000000000,1641942547000,0x959e104e1a4db6317fa58f8295f586e1a978c297,0,2,[],0,,[],[0],2.943249112150101,1.721506405696594e+22
1226,0x959e104e1a4db6317fa58f8295f586e1a978c297,3564,8500000000000000000000,1645759739000,0x5ce213893956bbf4249a7f8a079331280065eec6,3,2,"['-108,-62', '-91,-74', '-85,-35', '-38,98', '4,-69', '8,-94', '11,61', '12,-94', '40,-61', '56,111']",10,road,"[[1, 0, 0], [4, 0, 0], [1, 0, 0], [0, 2, 0], [0, 0, 2], [0, 0, 2], [0, 0, 0], [0, 0, 2], [5, 0, 0], [3, 5, 0]]","[-19.1, -21.9]",2.5999641960296045,2.2099695666251637e+22
1227,0xf87e31492faf9a91b02ee0deaad50d51d56d5d4d,47639531368931384884872445040447549603827,3850000000000000000000,1641377951000,0x21f1786b80a34ca19c829a5cb369f6dc81f849d0,0,2,"['139,-13']",1,parcel,"[[0, 0, 0]]","[139.0, -13.0]",3.1944964852537963,1.2298811468227115e+22
1228,0xf87e31492faf9a91b02ee0deaad50d51d56d5d4d,115792089237316195423570985008687907841019819456486779354776098140369474027414,5870000000000000000000,1642734471000,0x734c1932c9d034d8f4eaa1494d183129d068c358,0,1,"['-37,-106']",1,parcel,"[[0, 0, 0]]","[-37.0, -106.0]",2.6360883603314003,1.5473838675145322e+22
1229,0x2a187453064356c898cae034eaed119e1663acb8,112566599833594422928005236163860351502457640955598782192965513232345261628410,50000000000000000000,1641276641000,0x1ecedacf6e487522ba135495be526d167d9c761d,0,1,[],0,,[],[0],3.2654965487737213,1.6327482743868608e+20
1230,0xf87e31492faf9a91b02ee0deaad50d51d56d5d4d,14632141777600353928925108119566033092529,5420000000000000000000,1643016250000,0x424e74aeb8f7a965213a0f97a4e6e6c5fd526693,0,3,"['42,-79']",1,parcel,"[[4, 0, 9]]","[42.0, -79.0]",2.1191673192784792,1.1485886870489357e+22
1231,0xf87e31492faf9a91b02ee0deaad50d51d56d5d4d,115792089237316195423570985008687907851908855197956810185604085578186056794060,9199000000000000000000,1646287116000,0xbbf16100478b4d4320e32a7f39acf0ffea366eb1,2,1,"['-5,-52']",1,parcel,"[[0, 0, 0]]","[-5.0, -52.0]",2.758728169682906,2.537754043291305e+22
1232,0xf87e31492faf9a91b02ee0deaad50d51d56d5d4d,20076659648335369344339101838474324475881,4400000000000000000000,1641145803000,0x38baa6d7cb04bf493ec5dd7d45d5d078604e6a4d,0,1,"['58,-23']",1,parcel,"[[6, 9, 0]]","[58.0, -23.0]",3.3512812933629488,1.4745637690796975e+22
1233,0xf87e31492faf9a91b02ee0deaad50d51d56d5d4d,5444517870735015415413993718908291383232,6969000000000000000000,1643743610000,0x762c86cbd4e0b88d8d734ec8507b29e00d09b4fd,1,3,"['-6,-58', '15,-64']",2,road,"[[2, 0, 0], [0, 0, 7]]","[4.5, -61.0]",2.697334799791993,1.87977262197504e+22
1234,0x959e104e1a4db6317fa58f8295f586e1a978c297,3724,12000000000000000000000,1642041769000,0x5ce213893956bbf4249a7f8a079331280065eec6,4,3,"['-108,-62', '-91,-74', '-85,-35', '-38,98', '4,-69', '8,-94', '11,61', '12,-94', '40,-61', '56,111']",10,road,"[[1, 0, 0], [4, 0, 0], [1, 0, 0], [0, 2, 0], [0, 0, 2], [0, 0, 2], [0, 0, 0], [0, 0, 2], [5, 0, 0], [3, 5, 0]]","[-19.1, -21.9]",3.10225498674441,3.722705984093292e+22
1235,0xf87e31492faf9a91b02ee0deaad50d51d56d5d4d,115792089237316195423570985008687907813797230102811702277706129545828017110941,4988000000000000000000,1642157605000,0xbbd712cbaa46fd0678d36897c3494f6c307bb848,3,2,"['-117,-99']",1,parcel,"[[6, 0, 0]]","[-117.0, -99.0]",2.904286712625543,1.4486582122576209e+22
1236,0xf87e31492faf9a91b02ee0deaad50d51d56d5d4d,39132472195907923298288079854653344317403,6425000000000000000000,1641478600000,0x6f3562a5064bea639bc6c7d44fb96951724aff57,0,2,"['114,-37']",1,parcel,"[[0, 1, 0]]","[114.0, -37.0]",3.3829650695793463,2.17355505720473e+22
1237,0xf87e31492faf9a91b02ee0deaad50d51d56d5d4d,115792089237316195423570985008687907806311018030551056081511888182329116458967,5494000000000000000000,1641879259000,0x08f8c30dc93f00a22c8c92e40f80a18bef936a5a,0,1,"['-139,-41']",1,parcel,"[[2, 0, 0]]","[-139.0, -41.0]",2.832719320096719,1.5562959944611376e+22
1238,0xf87e31492faf9a91b02ee0deaad50d51d56d5d4d,115792089237316195423570985008687907842721231291091471672092971177528315084703,6950000000000000000000,1643206179000,0x0bc94a849cb0888425ec1c9c3305a494afc78374,1,1,"['-32,-97']",1,parcel,"[[0, 0, 0]]","[-32.0, -97.0]",2.1741773039497394,1.511053226245069e+22
1239,0x959e104e1a4db6317fa58f8295f586e1a978c297,3445,6000000000000000000000,1640997278000,0x8ccb77857455039cdf9faf3e29b165e2f6c1144e,4,2,[],0,,[],[0],3.2837753609862053,1.970265216591723e+22
1240,0xf87e31492faf9a91b02ee0deaad50d51d56d5d4d,115792089237316195423570985008687907829790501348095810060484736095121123049362,4939000000000000000000,1645238681000,0xee8f5dd980a661e734ba330005ded150d8226d3e,3,3,"['-70,-110', '-51,-130', '11,-41']",3,road,"[[0, 0, 0], [0, 0, 0], [8, 0, 0]]","[-36.666666666666664, -93.66666666666667]",2.9895687131982625,1.4765479874486218e+22
1241,0xf87e31492faf9a91b02ee0deaad50d51d56d5d4d,115792089237316195423570985008687907831151630815779563914338234524848195895332,5749000000000000000000,1642905674000,0x80624431a7f1ea873b62e142b916e949a87e2812,0,1,"['-65,36']",1,parcel,"[[0, 4, 0]]","[-65.0, 36.0]",2.0414460677600186,1.1736273443552347e+22
1242,0xf87e31492faf9a91b02ee0deaad50d51d56d5d4d,12590447576074723148144860474975423823868,5259000000000000000000,1645410549000,0xfd83c458cf479756861d0831ece9eff608f7c188,0,2,"['36,-4']",1,parcel,"[[3, 0, 0]]","[36.0, -4.0]",2.7121559002340634,1.426322787933094e+22
1243,0xf87e31492faf9a91b02ee0deaad50d51d56d5d4d,17014118346046923173168730371588410572910,5800000000000000000000,1646042918000,0x2a7095e7be29a617db19de83e9eefb52bea24183,0,2,"['50,111', '50,110', '51,111', '54,111', '54,110']",5,road,"[[9, 9, 0], [9, 8, 0], [8, 9, 0], [5, 7, 0], [5, 7, 0]]","[51.8, 110.6]",2.5770927592102004,1.4947138003419162e+22
1244,0xf87e31492faf9a91b02ee0deaad50d51d56d5d4d,115792089237316195423570985008687907842040666557249594745166221962664778661791,6650000000000000000000,1643463022000,0x0056db98538704fa5914d259c6e569318e6837f8,0,1,"['-34,-97', '-34,-98', '90,-149', '91,-149']",4,road,"[[0, 0, 0], [0, 0, 0], [0, 0, 0], [0, 0, 0]]","[28.25, -123.25]",2.3763648429587017,1.5802826205675364e+22
1245,0xf87e31492faf9a91b02ee0deaad50d51d56d5d4d,115792089237316195423570985008687907839658689988803025500922599710642401181594,4797000000000000000000,1644393345000,0x2229959d4d14fcfa3087e4cfc0dac2f6ec1c46c6,0,1,"['-41,-102']",1,parcel,"[[0, 0, 0]]","[-41.0, -102.0]",3.495626507486707,1.6768520356413733e+22
1246,0xf87e31492faf9a91b02ee0deaad50d51d56d5d4d,4423670769972200025023869896612986749070,4599000000000000000000,1641766902000,0x00b5a553e093725a73869b441c556558cdd77ff3,2,3,"['13,142']",1,parcel,"[[2, 9, 0]]","[13.0, 142.0]",2.955280483500563,1.359133494361909e+22
1247,0xf87e31492faf9a91b02ee0deaad50d51d56d5d4d,115792089237316195423570985008687907843742078391854287062483094999823619719193,7000000000000000000000,1642254206000,0xebff93d8ac49c037519e84a075bf231023224ddc,0,1,"['-28,25', '-28,24']",2,road,"[[0, 0, 0], [0, 0, 0]]","[-28.0, 24.5]",2.9998911780482875,2.0999238246338012e+22
1248,0xf87e31492faf9a91b02ee0deaad50d51d56d5d4d,6465364971497830805804117541203596017528,4600000000000000000000,1644272305000,0x4ff5a901213714ec05547c1b66d44b1ec66311a0,1,2,"['18,-136']",1,parcel,"[[0, 0, 2]]","[18.0, -136.0]",3.3015594156099715,1.518717331180587e+22
1249,0x959e104e1a4db6317fa58f8295f586e1a978c297,4645,11999000000000000000000,1643622494000,0x28fc4d5adc40fa57a324f4cfaac465e24ae3efba,0,1,"['-86,-110', '-73,41', '-34,-9', '-4,48', '22,-1', '25,128', '25,-83', '33,16', '35,9', '35,8']",10,land,"[[0, 0, 0], [8, 2, 0], [7, 0, 0], [1, 3, 0], [0, 0, 0], [0, 0, 0], [0, 0, 0], [0, 0, 0], [7, 0, 0], [6, 0, 0]]","[-2.2, 4.7]",2.5302591704510458,3.0360579786242097e+22
1250,0xf87e31492faf9a91b02ee0deaad50d51d56d5d4d,4083388403051261561560495289181218537352,5850000000000000000000,1641942455000,0x959e104e1a4db6317fa58f8295f586e1a978c297,0,2,[],0,,[],[0],2.943249112150101,1.721800730607809e+22
1251,0xf87e31492faf9a91b02ee0deaad50d51d56d5d4d,115792089237316195423570985008687907852929702298719625575994209400481361428357,7350000000000000000000,1643878430000,0xa3df4febfce3631144c2591cb542187e212c14e7,0,1,"['-2,-123']",1,parcel,"[[0, 0, 0]]","[-2.0, -123.0]",2.559175162581649,1.880993744497512e+22
1252,0xf87e31492faf9a91b02ee0deaad50d51d56d5d4d,20416942015256307807802476445906092687358,5650000000000000000000,1644773022000,0x959e104e1a4db6317fa58f8295f586e1a978c297,0,1,[],0,,[],[0],2.8450160166572074,1.607434049411322e+22
1253,0xf87e31492faf9a91b02ee0deaad50d51d56d5d4d,9527906273786276976974489008089509920649,4999000000000000000000,1644543971000,0xbc6bdab88229a60c9a0983f4fab2cf9374b64818,0,1,"['27,-119']",1,parcel,"[[1, 0, 0]]","[27.0, -119.0]",3.154267932934502,1.5768185396739577e+22
1254,0xf87e31492faf9a91b02ee0deaad50d51d56d5d4d,20757224382177246271265851053337860898692,4900000000000000000000,1645579947000,0x7449809c8b8b8a1f98a74bcd751577f124881427,3,4,"['60,-124']",1,parcel,"[[6, 0, 0]]","[60.0, -124.0]",2.646401249777144,1.2967366123908005e+22
1255,0x959e104e1a4db6317fa58f8295f586e1a978c297,3662,24997000000000000000000,1643982785000,0xc94a173951e3109f79862cf2c61269b2f090bfea,1,1,"['-135,-75', '-134,-75', '-133,-75', '-132,-75']",4,land,"[[0, 0, 0], [0, 0, 0], [0, 0, 0], [0, 0, 0]]","[-133.5, -75.0]",2.827924994351074,7.06896410837938e+22
1256,0x959e104e1a4db6317fa58f8295f586e1a978c297,3756,38495000000000000000000,1642834693000,0x03e2c10b74a260f46ab5cf881938c5888a6142df,6,3,"['-91,-61', '-61,-109', '-61,-110', '-60,-109', '-60,-110', '-59,-109', '-59,-110', '-58,-109', '-26,-23', '-19,25', '-15,-125', '-13,-143', '-12,-143', '-12,-150', '13,-143', '15,-125', '17,16', '31,-118', '34,-1', '34,-2', '36,103', '59,106']",22,road,"[[0, 0, 0], [2, 0, 0], [2, 0, 0], [1, 0, 0], [2, 0, 0], [1, 0, 0], [1, 0, 0], [0, 0, 0], [0, 0, 0], [0, 0, 0], [0, 0, 6], [0, 0, 9], [0, 0, 9], [0, 0, 0], [0, 0, 9], [0, 0, 6], [4, 0, 6], [0, 0, 0], [0, 0, 0], [1, 0, 0], [0, 2, 0], [0, 2, 0]]","[-16.681818181818183, -70.45454545454545]",2.2301581473863834,8.584993788363883e+22
1257,0xf87e31492faf9a91b02ee0deaad50d51d56d5d4d,9868188640707215440437863615521278132128,5699000000000000000000,1642041636000,0x61cfad94b622e3aa72092b8316242e36ffadabe7,0,2,"['28,-96']",1,parcel,"[[0, 0, 0]]","[28.0, -96.0]",3.10225498674441,1.7679751169456394e+22
1258,0x959e104e1a4db6317fa58f8295f586e1a978c297,4562,25000000000000000000000,1643325261000,0x2229959d4d14fcfa3087e4cfc0dac2f6ec1c46c6,3,1,"['-41,-102', '10,-128', '11,-128', '12,-128', '13,-128']",5,land,"[[0, 0, 0], [0, 0, 3], [0, 0, 3], [0, 0, 3], [0, 0, 3]]","[1.0, -122.8]",2.26664990562353,5.6666247640588246e+22
1259,0xf87e31492faf9a91b02ee0deaad50d51d56d5d4d,11229318108390969294291362045248350977912,5555000000000000000000,1642537062000,0x681d57b76e182f6c7cecc85411b095c90233a20d,1,2,"['32,-136']",1,parcel,"[[4, 0, 0]]","[32.0, -136.0]",2.8616232703619104,1.5896317266860412e+22
1260,0xf87e31492faf9a91b02ee0deaad50d51d56d5d4d,47639531368931384884872445040447549603692,5999000000000000000000,1644131741000,0x2beccefc0bfd86711449b70a64ba89ecfbea2478,1,2,"['105,-139', '139,-148']",2,road,"[[0, 0, 0], [1, 0, 0]]","[122.0, -143.5]",3.047315041602274,1.828084293457204e+22
1261,0x959e104e1a4db6317fa58f8295f586e1a978c297,1286,250000000000000000000000,1641521424000,0xa83bd770a30e0717b0047340c8d39fba369e4718,2,2,"['52,49', '52,48', '52,47', '52,46', '52,45', '52,44', '52,43', '52,42', '52,41', '52,40', '52,39', '53,49', '53,48', '53,47', '53,46', '53,45', '53,44', '53,43', '53,42', '53,41', '53,40', '53,39', '54,49', '54,48', '54,47', '54,46', '54,45', '54,44', '54,43', '54,42', '54,41', '54,40', '54,39', '55,49', '55,48', '55,47', '55,46', '55,45', '55,44', '55,43', '55,42', '55,41', '55,40', '55,39', '56,49', '56,48', '56,47', '56,46', '56,45', '56,44', '56,43', '56,42']",52,land,"[[0, 0, 0], [0, 0, 0], [0, 0, 0], [0, 0, 0], [0, 0, 0], [0, 0, 0], [0, 0, 0], [0, 0, 0], [0, 0, 0], [0, 0, 0], [0, 0, 0], [0, 0, 0], [0, 0, 0], [0, 0, 0], [0, 0, 0], [0, 0, 0], [0, 0, 0], [0, 0, 0], [0, 0, 0], [0, 0, 0], [0, 0, 0], [0, 0, 0], [0, 0, 0], [0, 0, 0], [0, 0, 0], [0, 0, 0], [0, 0, 0], [0, 0, 0], [0, 0, 0], [0, 0, 0], [0, 0, 0], [0, 0, 0], [0, 0, 0], [0, 0, 0], [0, 0, 0], [0, 0, 0], [0, 0, 0], [0, 0, 0], [0, 0, 0], [0, 0, 0], [0, 0, 0], [0, 0, 0], [0, 0, 0], [0, 0, 0], [0, 0, 0], [0, 0, 0], [0, 0, 0], [0, 0, 0], [0, 0, 0], [0, 0, 0], [0, 0, 0], [0, 0, 0]]","[53.88461538461539, 44.23076923076923]",3.3829650695793463,8.457412673948365e+23
1262,0xf87e31492faf9a91b02ee0deaad50d51d56d5d4d,115792089237316195423570985008687907834214172118068010085508605991734109798261,4869000000000000000000,1645034471000,0x5185118ae86589dd8d90f6e3003fce75f2042727,1,4,"['-57,-139']",1,parcel,"[[0, 0, 0]]","[-57.0, -139.0]",3.281030614668921,1.5975338062822976e+22
1263,0xf87e31492faf9a91b02ee0deaad50d51d56d5d4d,115792089237316195423570985008687907846464337327221794770190091859277765410713,5800000000000000000000,1645744389000,0x959e104e1a4db6317fa58f8295f586e1a978c297,5,7,[],0,,[],[0],2.5999641960296045,1.5079792336971705e+22
1264,0xf87e31492faf9a91b02ee0deaad50d51d56d5d4d,41174166397433554079068327499243953586158,5555000000000000000000,1642409318000,0xe05de1d5407290ab9edcdfeca2d8001653eb384f,1,4,"['-75,-112', '120,-18']",2,road,"[[0, 0, 0], [0, 0, 0]]","[22.5, -65.0]",3.124674912948848,1.735756914143085e+22
1265,0xf87e31492faf9a91b02ee0deaad50d51d56d5d4d,50361790304298892592579441899901695295430,5000000000000000000000,1643014503000,0xafe917b99e9ff99c0b23e73404d375f4a26e663e,0,3,"['147,-58']",1,parcel,"[[2, 8, 0]]","[147.0, -58.0]",2.1191673192784792,1.0595836596392397e+22
1266,0xf87e31492faf9a91b02ee0deaad50d51d56d5d4d,115792089237316195423570985008687907818561183239704840766193374049872772071356,5199000000000000000000,1641275706000,0xed5f91c90cca7c18ef9caba7b627c7ca5c693f7e,1,2,"['-103,-68', '-102,-68']",2,road,"[[0, 0, 0], [0, 0, 0]]","[-102.5, -68.0]",3.2654965487737213,1.6977316557074578e+22
1267,0xfeb52cbf71b9adac957c6f948a6cf9980ac8c907,343,50000000000000000000,1646274638000,0xa21353754b35a0f2d0425ea72a7633288328ff33,0,1,[],0,,[],[0],2.758728169682906,1.379364084841453e+20
1268,0xf87e31492faf9a91b02ee0deaad50d51d56d5d4d,6125082604576892342340742933771827806270,5420000000000000000000,1642734318000,0xacff1cdfdd18c43943af3ebc5c9b62114892a625,0,1,"['18,62']",1,parcel,"[[0, 0, 0]]","[18.0, 62.0]",2.6360883603314003,1.428759891299619e+22
1269,0x959e104e1a4db6317fa58f8295f586e1a978c297,3519,44420000000000000000000,1641678082000,0x8673cd6cb22b8b7b843f029f3b401c51701985a0,5,3,"['35,-68', '35,-69', '35,-70', '36,-68', '36,-69', '36,-70', '37,-68', '37,-69', '37,-70']",9,land,"[[0, 0, 0], [0, 0, 0], [0, 0, 0], [1, 0, 0], [1, 0, 0], [1, 0, 0], [2, 0, 0], [2, 0, 0], [2, 0, 0]]","[36.0, -69.0]",2.954629844358916,1.3124465768642304e+23
1270,0xf87e31492faf9a91b02ee0deaad50d51d56d5d4d,7486212072260646196194241363498900652120,6777000000000000000000,1643076887000,0x4cce267317a3614b2f1f309338fb33296014534f,5,2,"['22,88']",1,parcel,"[[4, 2, 0]]","[22.0, 88.0]",2.097272260649448,1.4213214110421308e+22
1271,0x959e104e1a4db6317fa58f8295f586e1a978c297,3506,30000000000000000000000,1641134120000,0xf15d7066b78a4e969deefa1e4ca945212ddd3171,5,1,"['-75,-65', '-37,84', '-19,39', '-3,-53']",4,road,"[[1, 0, 3], [8, 9, 0], [0, 0, 0], [0, 0, 0]]","[-33.5, 1.25]",3.3512812933629488,1.0053843880088847e+23
1272,0xf87e31492faf9a91b02ee0deaad50d51d56d5d4d,115792089237316195423570985008687907832172477916542379304728358347143500529807,4995000000000000000000,1643742569000,0x095d1654f0b65e02b15d9d24a23ff68119976e22,0,1,"['-62,143']",1,parcel,"[[9, 0, 0]]","[-62.0, 143.0]",2.697334799791993,1.3473187324961007e+22
1273,0x959e104e1a4db6317fa58f8295f586e1a978c297,1972,40000000000000000000000,1642647877000,0xa5836a1f1b6dbd88248f960cd83dcb2bde1c92ae,7,2,"['-42,117', '-42,116', '-41,117', '-41,116']",4,land,"[[0, 6, 0], [0, 6, 0], [0, 5, 0], [0, 5, 0]]","[-41.5, 116.5]",2.743729245505247,1.0974916982020988e+23
1274,0xf87e31492faf9a91b02ee0deaad50d51d56d5d4d,8166776806102523123120990578362437074799,3800000000000000000000,1641377404000,0x9550eea4e9522f1cf117d7944a8363226144146c,0,1,"['23,-145']",1,parcel,"[[0, 0, 0]]","[23.0, -145.0]",3.1944964852537963,1.2139086643964427e+22
1275,0xf87e31492faf9a91b02ee0deaad50d51d56d5d4d,115792089237316195423570985008687907813797230102811702277706129545828017110939,5199000000000000000000,1643198961000,0x62c8f8474dcf13a2a9a4b5aea8db008dcb20563c,0,2,"['-117,-101']",1,parcel,"[[6, 0, 0]]","[-117.0, -101.0]",2.1741773039497394,1.1303547803234696e+22
1276,0xf87e31492faf9a91b02ee0deaad50d51d56d5d4d,115792089237316195423570985008687907818220900872783902302729999442441003859863,5000000000000000000000,1642156760000,0x069b3214ce0667264ab6781938999cd779bc4608,0,2,"['-104,-105']",1,parcel,"[[0, 0, 0]]","[-104.0, -105.0]",2.904286712625543,1.4521433563127714e+22
1277,0xf87e31492faf9a91b02ee0deaad50d51d56d5d4d,10548753374549092367364612830384814555062,5687000000000000000000,1641870125000,0xf144a535f2acc183f068d7856342fe9bfd2c0bd1,0,1,"['30,-74']",1,parcel,"[[0, 0, 0]]","[30.0, -74.0]",2.832719320096719,1.6109674773390041e+22
1278,0xf87e31492faf9a91b02ee0deaad50d51d56d5d4d,2381976568446569244243622252022377480255,5888000000000000000000,1641471468000,0x89d53d1bb5d241c39a567bb6d9890c7b2b59ce85,0,1,"['7,63']",1,parcel,"[[0, 0, 0]]","[7.0, 63.0]",3.3829650695793463,1.991889832968319e+22
1279,0x959e104e1a4db6317fa58f8295f586e1a978c297,1692,7100000000000000000000,1640995161000,0x5ce213893956bbf4249a7f8a079331280065eec6,7,2,"['-108,-62', '-91,-74', '-85,-35', '-38,98', '4,-69', '8,-94', '11,61', '12,-94', '40,-61', '56,111']",10,road,"[[1, 0, 0], [4, 0, 0], [1, 0, 0], [0, 2, 0], [0, 0, 2], [0, 0, 2], [0, 0, 0], [0, 0, 2], [5, 0, 0], [3, 5, 0]]","[-19.1, -21.9]",3.2837753609862053,2.3314805063002058e+22
1280,0xf87e31492faf9a91b02ee0deaad50d51d56d5d4d,115792089237316195423570985008687907836255866319593640866288853636324719067006,4888000000000000000000,1645237533000,0xee8f5dd980a661e734ba330005ded150d8226d3e,0,2,"['-70,-110', '-51,-130', '11,-41']",3,road,"[[0, 0, 0], [0, 0, 0], [8, 0, 0]]","[-36.666666666666664, -93.66666666666667]",2.9895687131982625,1.4613011870113107e+22
1281,0xf87e31492faf9a91b02ee0deaad50d51d56d5d4d,17354400712967861636632104979020178784367,5980000000000000000000,1646042637000,0x2a7095e7be29a617db19de83e9eefb52bea24183,0,2,"['50,111', '50,110', '51,111', '54,111', '54,110']",5,road,"[[9, 9, 0], [9, 8, 0], [8, 9, 0], [5, 7, 0], [5, 7, 0]]","[51.8, 110.6]",2.5770927592102004,1.5411014700077e+22
1282,0xf87e31492faf9a91b02ee0deaad50d51d56d5d4d,2381976568446569244243622252022377480050,5690000000000000000000,1645403985000,0x959e104e1a4db6317fa58f8295f586e1a978c297,2,1,[],0,,[],[0],2.7121559002340634,1.543216707233182e+22
1283,0xf87e31492faf9a91b02ee0deaad50d51d56d5d4d,115792089237316195423570985008687907842380948924170533208629596570096546873246,5935000000000000000000,1644265752000,0xdb4f653ed97bc21fc3f4405f3a4d6f01e57a74b8,0,1,"['-33,-98']",1,parcel,"[[0, 0, 0]]","[-33.0, -98.0]",3.3015594156099715,1.959475513164518e+22
1284,0x959e104e1a4db6317fa58f8295f586e1a978c297,4624,135000000000000000000000,1643460177000,0x9a724820cabcc2c11efad0b8226654d0e89787d2,0,1,"['17,7', '17,6', '17,5', '18,7', '18,6', '18,5', '19,7', '19,6', '19,5']",9,land,"[[4, 0, 6], [4, 0, 6], [3, 0, 6], [5, 0, 7], [4, 0, 7], [3, 0, 7], [5, 0, 8], [4, 0, 8], [3, 0, 8]]","[18.0, 6.0]",2.3763648429587017,3.208092537994247e+23
1285,0xf87e31492faf9a91b02ee0deaad50d51d56d5d4d,115792089237316195423570985008687907833533607384226133158581856776870573375348,4998000000000000000000,1643600796000,0x3b1adc9cfa2fc290135d777b4046496e17320181,1,2,"['-105,-52', '-99,-95', '-59,-140', '-51,-140', '-37,149', '-37,148', '-22,28']",7,road,"[[0, 0, 0], [0, 0, 0], [0, 0, 0], [0, 0, 0], [9, 0, 0], [8, 0, 0], [0, 0, 0]]","[-58.57142857142857, -14.571428571428571]",2.5302591704510458,1.2646235333914329e+22
1286,0xf87e31492faf9a91b02ee0deaad50d51d56d5d4d,6465364971497830805804117541203596017536,5999000000000000000000,1643878069000,0x8220b6d553829db3202183b34885a19ac78b438c,0,2,"['-39,-3', '18,-128']",2,road,"[[1, 0, 0], [0, 0, 3]]","[-10.5, -65.5]",2.559175162581649,1.5352491800327312e+22
1287,0xf87e31492faf9a91b02ee0deaad50d51d56d5d4d,18715530180651615490485603408747251630109,5980000000000000000000,1643981150000,0x046ca4a32a11638fc9f30e9c2e707a5a92435290,0,1,"['54,29', '55,29']",2,road,"[[2, 3, 0], [3, 3, 0]]","[54.5, 29.0]",2.827924994351074,1.6910991466219421e+22
1288,0xf87e31492faf9a91b02ee0deaad50d51d56d5d4d,20076659648335369344339101838474324475902,5678000000000000000000,1644772817000,0x959e104e1a4db6317fa58f8295f586e1a978c297,2,1,[],0,,[],[0],2.8450160166572074,1.6154000942579625e+22
1289,0xf87e31492faf9a91b02ee0deaad50d51d56d5d4d,115792089237316195423570985008687907852929702298719625575994209400481361428521,15500000000000000000000,1645561026000,0x4dcfa4a37c35f066e77c507f7cfe13155a64469f,3,1,"['-1,41']",1,parcel,"[[0, 0, 0]]","[-1.0, 41.0]",2.646401249777144,4.101921937154574e+22
1290,0xf87e31492faf9a91b02ee0deaad50d51d56d5d4d,115792089237316195423570985008687907807331865131313871471902012004624421093336,5678000000000000000000,1641936957000,0x2058885f97cc5f19466b12c5996ebf7f07fb8b02,2,1,"['-136,-40']",1,parcel,"[[0, 0, 0]]","[-136.0, -40.0]",2.943249112150101,1.6711768458788275e+22
1291,0xf87e31492faf9a91b02ee0deaad50d51d56d5d4d,12930729942995661611608235082407192035322,5745000000000000000000,1642905463000,0x263462e25018c092ac747237f6d81ee761de7643,0,2,"['-149,-135', '-133,-36', '-59,-129', '-56,-132', '-52,-128', '-30,-130', '37,-6', '48,-148', '56,-6', '57,-6', '103,-32', '148,-35']",12,road,"[[0, 0, 0], [1, 0, 0], [0, 0, 0], [0, 0, 0], [0, 0, 0], [5, 0, 0], [5, 0, 0], [1, 0, 0], [4, 0, 0], [5, 0, 0], [5, 6, 0], [1, 9, 0]]","[-2.5, -76.91666666666667]",2.0414460677600186,1.1728107659281306e+22
1292,0xf87e31492faf9a91b02ee0deaad50d51d56d5d4d,115792089237316195423570985008687907844762925492617102452873218822118924353484,9000000000000000000000,1642833363000,0xf59ca07bbc1c2949ce783371253860f7a0962899,4,1,"['-26,-52']",1,parcel,"[[0, 0, 0]]","[-26.0, -52.0]",2.2301581473863834,2.007142332647745e+22
1293,0xf87e31492faf9a91b02ee0deaad50d51d56d5d4d,142,5080000000000000000000,1642246027000,0xf250e61ebcabcb53ae2e5e764b206cfdad1debd5,0,1,"['0,142']",1,parcel,"[[2, 4, 0]]","[0.0, 142.0]",2.9626491224649576,1.5050257542121985e+22
1294,0x959e104e1a4db6317fa58f8295f586e1a978c297,532,19420000000000000000000,1645016060000,0x6de77de0febdc1bc27f6c234854ce84395cda1e7,3,4,"['25,-119', '25,-120', '26,-119', '26,-120', '41,-82', '42,-82']",6,road,"[[1, 0, 0], [2, 0, 0], [1, 0, 0], [2, 0, 0], [1, 0, 0], [1, 0, 0]]","[30.833333333333332, -107.0]",3.281030614668921,6.371761453687045e+22
1295,0xf87e31492faf9a91b02ee0deaad50d51d56d5d4d,115792089237316195423570985008687907802567911994420732983414767500579666132974,4999000000000000000000,1642521005000,0xa48a301126bfb074ef92a710aad0558cf6b9cf3e,3,1,"['-150,-18']",1,parcel,"[[1, 0, 0]]","[-150.0, -18.0]",2.8616232703619104,1.430525472853919e+22
1296,0xf87e31492faf9a91b02ee0deaad50d51d56d5d4d,4083388403051261561560495289181218537614,5359000000000000000000,1643076480000,0x1b63a208e891fd022f4ac72e25e12ecca7d692e8,0,2,"['12,142']",1,parcel,"[[2, 9, 0]]","[12.0, 142.0]",2.097272260649448,1.1239282044820393e+22
1297,0xf87e31492faf9a91b02ee0deaad50d51d56d5d4d,2041694201525630780780247644590609268593,5979000000000000000000,1644543600000,0xb8419bcec88039a85705b063c2ae920d7476e21e,0,1,"['5,-143']",1,parcel,"[[0, 0, 9]]","[5.0, -143.0]",3.154267932934502,1.8859367971015388e+22
1298,0xf87e31492faf9a91b02ee0deaad50d51d56d5d4d,7486212072260646196194241363498900651975,4788000000000000000000,1641130044000,0xb0cc48ee7d609a822ee8a995603e15878dbd347d,2,1,"['21,-57']",1,parcel,"[[1, 0, 0]]","[21.0, -57.0]",3.3512812933629488,1.60459348326218e+22
1299,0xf87e31492faf9a91b02ee0deaad50d51d56d5d4d,115792089237316195423570985008687907818901465606625779229656748657304540282812,5199000000000000000000,1641275584000,0xed5f91c90cca7c18ef9caba7b627c7ca5c693f7e,0,2,"['-103,-68', '-102,-68']",2,road,"[[0, 0, 0], [0, 0, 0]]","[-102.5, -68.0]",3.2654965487737213,1.6977316557074578e+22
1300,0xf87e31492faf9a91b02ee0deaad50d51d56d5d4d,115792089237316195423570985008687907846124054960300856306726717251845997199257,6420000000000000000000,1645744189000,0x959e104e1a4db6317fa58f8295f586e1a978c297,5,4,[],0,,[],[0],2.5999641960296045,1.6691770138510062e+22
1301,0x959e104e1a4db6317fa58f8295f586e1a978c297,4615,23988000000000000000000,1642040559000,0xfcfb7c0954f5c82d1c81214560d540897ffd9aec,0,1,"['28,-73', '28,-74', '29,-73', '29,-74']",4,land,"[[1, 0, 0], [1, 0, 0], [1, 0, 0], [1, 0, 0]]","[28.5, -73.5]",3.10225498674441,7.441689262202491e+22
1302,0xf87e31492faf9a91b02ee0deaad50d51d56d5d4d,24160048051386630905899597127655543013341,5899000000000000000000,1642394452000,0xf28d11e05b084f3562b5286fe0f69b4796b2a7cc,1,1,"['70,-35']",1,parcel,"[[2, 3, 0]]","[70.0, -35.0]",3.124674912948848,1.8432457311485254e+22
1303,0xf87e31492faf9a91b02ee0deaad50d51d56d5d4d,115792089237316195423570985008687907812776383002048886887316005723532712476617,5794000000000000000000,1641764574000,0x506c8d9b81b716250da8d5eb8412d0f2fcf8672a,0,2,"['-120,-55']",1,parcel,"[[0, 0, 0]]","[-120.0, -55.0]",2.955280483500563,1.7122895121402259e+22
1304,0xf87e31492faf9a91b02ee0deaad50d51d56d5d4d,4083388403051261561560495289181218537614,4420000000000000000000,1641517409000,0x1b63a208e891fd022f4ac72e25e12ecca7d692e8,0,2,"['12,142']",1,parcel,"[[2, 9, 0]]","[12.0, 142.0]",3.3829650695793463,1.495270560754071e+22
1305,0xf87e31492faf9a91b02ee0deaad50d51d56d5d4d,3062541302288446171170371466885913903244,7288000000000000000000,1642730640000,0x390dbcb859951f159290a7d3b9d07d2c8f7d674d,1,1,"['-33,-104', '9,140']",2,road,"[[0, 0, 0], [0, 7, 0]]","[-12.0, 18.0]",2.6360883603314003,1.9211811970095243e+22
1306,0xf87e31492faf9a91b02ee0deaad50d51d56d5d4d,15312706511442230855851857334429569515530,6994000000000000000000,1643317311000,0xe7fe0c941ff7af6cc0727b52c0f47db98e90a7da,1,1,"['45,10']",1,parcel,"[[4, 6, 0]]","[45.0, 10.0]",2.26664990562353,1.5852949439930968e+22
1307,0xf87e31492faf9a91b02ee0deaad50d51d56d5d4d,115792089237316195423570985008687907802908194361341671446878142108011434344322,4410000000000000000000,1641666580000,0x15b111344ff5623c769ef80fa51e07556dcdea43,1,3,"['-149,-126', '47,143']",2,road,"[[0, 0, 0], [0, 1, 0]]","[-51.0, 8.5]",2.954629844358916,1.3029917613622819e+22
1308,0xf87e31492faf9a91b02ee0deaad50d51d56d5d4d,115792089237316195423570985008687907806991582764392933008438637397192652881869,5233000000000000000000,1643014155000,0xc164330f832b80e8483aab6d3875c51d50002f7e,1,3,"['-137,-51']",1,parcel,"[[1, 0, 0]]","[-137.0, -51.0]",2.1191673192784792,1.1089602581784282e+22
1309,0x959e104e1a4db6317fa58f8295f586e1a978c297,2353,48888000000000000000000,1643741152000,0x197f307de4a57608aa63a471c943a2fe15268834,6,2,"['-136,-46', '-136,-47', '-136,-48', '-135,-46', '-135,-47', '-135,-48', '-134,-46', '-134,-47', '-134,-48']",9,land,"[[1, 0, 0], [1, 0, 0], [0, 0, 0], [1, 0, 0], [1, 0, 0], [0, 0, 0], [1, 0, 0], [1, 0, 0], [0, 0, 0]]","[-135.0, -47.0]",2.697334799791993,1.3186730369223098e+23
1310,0xf87e31492faf9a91b02ee0deaad50d51d56d5d4d,680564733841876926926749214863536422974,9800000000000000000000,1641375979000,0xc0619c121c2c7dc4bfdaf6fa6a081b1443e2b0e3,0,1,"['-141,25', '-92,-18', '2,62']",3,road,"[[0, 5, 0], [0, 2, 7], [0, 0, 0]]","[-77.0, 23.0]",3.1944964852537963,3.1306065555487204e+22
1311,0x959e104e1a4db6317fa58f8295f586e1a978c297,532,21500000000000000000000,1644123024000,0x6de77de0febdc1bc27f6c234854ce84395cda1e7,3,4,"['25,-119', '25,-120', '26,-119', '26,-120', '41,-82', '42,-82']",6,road,"[[1, 0, 0], [2, 0, 0], [1, 0, 0], [2, 0, 0], [1, 0, 0], [1, 0, 0]]","[30.833333333333332, -107.0]",3.047315041602274,6.5517273394448895e+22
1312,0xfeb52cbf71b9adac957c6f948a6cf9980ac8c907,128,50000000000000000000,1646273700000,0xa21353754b35a0f2d0425ea72a7633288328ff33,0,1,[],0,,[],[0],2.758728169682906,1.379364084841453e+20
1313,0x959e104e1a4db6317fa58f8295f586e1a978c297,3523,13600000000000000000000,1640995161000,0x4a691d3cd58a58b5863b10283c27c0fdc5ee2a79,4,3,"['40,72', '40,71', '41,72', '41,71']",4,land,"[[9, 8, 0], [9, 7, 0], [8, 8, 0], [8, 8, 0]]","[40.5, 71.5]",3.2837753609862053,4.465934490941239e+22
1314,0xf87e31492faf9a91b02ee0deaad50d51d56d5d4d,115792089237316195423570985008687907850888008097193994795213961755890752159605,6997000000000000000000,1641863955000,0x959e104e1a4db6317fa58f8295f586e1a978c297,0,1,[],0,,[],[0],2.832719320096719,1.982053708271674e+22
1315,0xf87e31492faf9a91b02ee0deaad50d51d56d5d4d,36069930893619477127117708387767430414197,5800000000000000000000,1644391853000,0x2beccefc0bfd86711449b70a64ba89ecfbea2478,7,6,"['105,-139', '139,-148']",2,road,"[[0, 0, 0], [1, 0, 0]]","[122.0, -143.5]",3.495626507486707,2.02746337434229e+22
1316,0xf87e31492faf9a91b02ee0deaad50d51d56d5d4d,1020847100762815390390123822295304634246,8888000000000000000000,1643190123000,0x9bae4e6368b89d294c1cfbe918316c7f6269d199,0,1,"['2,-122']",1,parcel,"[[0, 0, 0]]","[2.0, -122.0]",2.1260324733787064,1.889617662338994e+22
1317,0xf87e31492faf9a91b02ee0deaad50d51d56d5d4d,3743106036130323098097120681749450326078,5300000000000000000000,1642647009000,0xd6164c1097c34608d3f86960b938af869857c414,1,1,"['11,62']",1,parcel,"[[0, 0, 0]]","[11.0, 62.0]",2.743729245505247,1.4541765001177809e+22
1318,0xf87e31492faf9a91b02ee0deaad50d51d56d5d4d,115792089237316195423570985008687907839318407621882087037459225103210632970172,4999000000000000000000,1641459146000,0x9c177efe6094c8969bd4009b03b1caabe64bdeb2,1,1,"['-118,-63', '-42,-68']",2,road,"[[0, 0, 0], [1, 0, 9]]","[-80.0, -65.5]",2.9390688380014987,1.4692405121169492e+22
1319,0xf87e31492faf9a91b02ee0deaad50d51d56d5d4d,19055812547572553953948978016179019841411,4960000000000000000000,1642152500000,0xbcbbd216c2b665811767bcc02569803b1c620c9d,0,4,"['55,-125']",1,parcel,"[[7, 0, 0]]","[55.0, -125.0]",2.904286712625543,1.4405262094622693e+22
1320,0xf87e31492faf9a91b02ee0deaad50d51d56d5d4d,115792089237316195423570985008687907805970735663630117618048513574897348247513,5267000000000000000000,1646033653000,0xdca5dbd07b8f3e1b58c8ac9617e7f54a1ce22d06,0,1,"['-140,-39']",1,parcel,"[[3, 0, 0]]","[-140.0, -39.0]",2.5770927592102004,1.3573547562760126e+22
1321,0x959e104e1a4db6317fa58f8295f586e1a978c297,4101,76000000000000000000000,1645237073000,0x6398e17c539e205b2f127e5f96fca0090c4631db,2,1,"['-103,-27', '-102,-24', '-102,-25', '-102,-26', '-102,-27', '-101,-24', '-101,-25', '-101,-26', '-101,-27', '-100,-24', '-100,-25', '-100,-26', '-100,-27', '56,-20', '57,-19', '57,-20']",16,road,"[[1, 7, 0], [3, 4, 0], [3, 5, 0], [2, 6, 0], [1, 7, 0], [3, 4, 0], [3, 5, 0], [2, 6, 0], [1, 7, 0], [3, 4, 0], [3, 5, 0], [2, 6, 0], [1, 7, 0], [4, 0, 0], [5, 0, 0], [5, 0, 0]]","[-71.5625, -24.5]",2.9895687131982625,2.2720722220306797e+23
1322,0xf87e31492faf9a91b02ee0deaad50d51d56d5d4d,6465364971497830805804117541203596017719,4585000000000000000000,1644261692000,0xd5bdef35b4c9034673f46eee465888d0cf15ab1d,1,1,"['19,55']",1,parcel,"[[0, 0, 0]]","[19.0, 55.0]",3.3015594156099715,1.5137649920571718e+22
1323,0xf87e31492faf9a91b02ee0deaad50d51d56d5d4d,2381976568446569244243622252022377480049,5649000000000000000000,1645403428000,0x959e104e1a4db6317fa58f8295f586e1a978c297,0,1,[],0,,[],[0],2.7121559002340634,1.5320968680422223e+22
1324,0xf87e31492faf9a91b02ee0deaad50d51d56d5d4d,17354400712967861636632104979020178784367,5248000000000000000000,1643966678000,0x2a7095e7be29a617db19de83e9eefb52bea24183,0,2,"['50,111', '50,110', '51,111', '54,111', '54,110']",5,road,"[[9, 9, 0], [9, 8, 0], [8, 9, 0], [5, 7, 0], [5, 7, 0]]","[51.8, 110.6]",2.6601644067675365,1.3960542806716031e+22
1325,0x959e104e1a4db6317fa58f8295f586e1a978c297,5,19999000000000000000000,1642244739000,0x34c7223170d61d63f95f8647aaea5fd24b1e023c,9,4,"['-27,-39', '-27,-40', '-26,-39', '-26,-40']",4,land,"[[0, 0, 0], [9, 0, 0], [0, 0, 0], [9, 0, 0]]","[-26.5, -39.5]",2.9626491224649576,5.925001980017668e+22
1326,0xf87e31492faf9a91b02ee0deaad50d51d56d5d4d,12250165209153784684681485867543655612357,6199000000000000000000,1644765350000,0x018d00b6ea67739b7367b3481cd357c68f5d24ad,1,2,"['35,-59']",1,parcel,"[[0, 0, 0]]","[35.0, -59.0]",2.8450160166572074,1.7636254287258028e+22
1327,0xf87e31492faf9a91b02ee0deaad50d51d56d5d4d,12930729942995661611608235082407192035269,4987000000000000000000,1641934352000,0x7111d9751ed679cb90084a3c1f4c07fed00d4593,0,1,"['37,-59']",1,parcel,"[[2, 0, 0]]","[37.0, -59.0]",2.943249112150101,1.4677983322292554e+22
1328,0xf87e31492faf9a91b02ee0deaad50d51d56d5d4d,115792089237316195423570985008687907839318407621882087037459225103210632970138,4697000000000000000000,1644531432000,0x437bc3503bac3354856c2cf64bb4a4c0e19435ae,0,1,"['-42,-102']",1,parcel,"[[1, 0, 0]]","[-42.0, -102.0]",3.154267932934502,1.4815596480993356e+22
1329,0xf87e31492faf9a91b02ee0deaad50d51d56d5d4d,7826494439181584659657615970930668863445,5793000000000000000000,1645536129000,0xfacb4b35b5030f71b199234b7ef3f1fb2fd96f3e,0,1,"['22,-43']",1,parcel,"[[0, 0, 0]]","[22.0, -43.0]",2.646401249777144,1.5330602439958994e+22
1330,0xf87e31492faf9a91b02ee0deaad50d51d56d5d4d,46618684268168569494482321218152244969521,5000000000000000000000,1643458064000,0xfefb65dfd2bcb24269b944e34388f6748e38a6a8,0,1,"['137,49']",1,parcel,"[[7, 9, 0]]","[137.0, 49.0]",2.3763648429587017,1.188182421479351e+22
1331,0xf87e31492faf9a91b02ee0deaad50d51d56d5d4d,115792089237316195423570985008687907842380948924170533208629596570096546873236,6250000000000000000000,1642904541000,0xf41f30b3f831be8e383d022f80e535445132fceb,0,1,"['-33,-108']",1,parcel,"[[0, 0, 0]]","[-33.0, -108.0]",2.0414460677600186,1.2759037923500115e+22
1332,0x2a187453064356c898cae034eaed119e1663acb8,59461615337844954231445739123148503374245660180342196308976587679503229352201,50000000000000000000,1641272924000,0xfd99fe0348ceeec4d05be61bc0487ba4313f4c96,0,1,[],0,,[],[0],3.2654965487737213,1.6327482743868608e+20
1333,0xf87e31492faf9a91b02ee0deaad50d51d56d5d4d,115792089237316195423570985008687907806311018030551056081511888182329116458969,5273000000000000000000,1643600190000,0x82ec59caa51f0e4ab2308025f5ee9e51fa72cddd,1,1,"['-139,-39']",1,parcel,"[[3, 0, 0]]","[-139.0, -39.0]",2.5302591704510458,1.3342056605788364e+22
1334,0xf87e31492faf9a91b02ee0deaad50d51d56d5d4d,20416942015256307807802476445906092687340,5277000000000000000000,1643073939000,0x465def7dc32ba0f86092fa86838895394903f543,0,1,"['59,-20']",1,parcel,"[[7, 8, 0]]","[59.0, -20.0]",2.097272260649448,1.1067305719447138e+22
1335,0xf87e31492faf9a91b02ee0deaad50d51d56d5d4d,1701411834604692317316873037158841057168,5025000000000000000000,1645741686000,0xa4a8b5104179f588e35f14a9cd070a98bebe6c28,1,1,"['4,-112']",1,parcel,"[[2, 0, 0]]","[4.0, -112.0]",2.5999641960296045,1.306482008504876e+22
1336,0xf87e31492faf9a91b02ee0deaad50d51d56d5d4d,115792089237316195423570985008687907844762925492617102452873218822118924353491,5099000000000000000000,1642518729000,0x769bfb21206a6aca151e2ca8c2ffe4aa965958c5,0,1,"['-26,-45']",1,parcel,"[[4, 0, 0]]","[-26.0, -45.0]",2.8616232703619104,1.4591417055575382e+22
1337,0xf87e31492faf9a91b02ee0deaad50d51d56d5d4d,115792089237316195423570985008687907849526878629510240941360463326163679313812,6500000000000000000000,1641124324000,0xdd730eca74f05e2dc91af6a78944909a5a081123,2,3,"['-12,-108']",1,parcel,"[[0, 0, 0]]","[-12.0, -108.0]",3.362912168662877,2.18589290963087e+22
1338,0xf87e31492faf9a91b02ee0deaad50d51d56d5d4d,2722258935367507707706996859454145691630,25000000000000000000000,1642032481000,0xe0faba4256e2ca17442dc54e59c1c3f6ef8c216e,1,1,"['-1,16', '2,-46', '2,-47', '7,-18']",4,road,"[[0, 0, 6], [0, 0, 0], [0, 0, 0], [0, 0, 8]]","[2.5, -23.75]",3.10225498674441,7.755637466861024e+22
1339,0xf87e31492faf9a91b02ee0deaad50d51d56d5d4d,115792089237316195423570985008687907842380948924170533208629596570096546873237,5950000000000000000000,1642822802000,0xe28feb7853927edf9b482b6b85d9812f43de0bfa,0,1,"['-33,-107']",1,parcel,"[[0, 0, 0]]","[-33.0, -107.0]",2.2301581473863834,1.3269440976948981e+22
1340,0xf87e31492faf9a91b02ee0deaad50d51d56d5d4d,12590447576074723148144860474975423823812,4987000000000000000000,1641763107000,0x592d10784b0aa791845121ecf0e2ea77b9f6653d,0,1,"['36,-60']",1,parcel,"[[1, 0, 0]]","[36.0, -60.0]",2.955280483500563,1.4737983771217307e+22
1341,0xf87e31492faf9a91b02ee0deaad50d51d56d5d4d,115792089237316195423570985008687907837957278154198333183605726673483560124547,7495000000000000000000,1642392286000,0x2331ada8b291abaf88b651a9a8e24c8ae4438621,8,5,"['-45,131']",1,parcel,"[[0, 9, 0]]","[-45.0, 131.0]",3.124674912948848,2.3419438472551614e+22
1342,0xf87e31492faf9a91b02ee0deaad50d51d56d5d4d,40493601663591677152141578284380417163251,4997000000000000000000,1645008959000,0x72d7c84aa83d8389800000d7af1e6138a1ef1744,0,2,"['118,-13']",1,parcel,"[[0, 0, 0]]","[118.0, -13.0]",3.3285386704573385,1.663270773627532e+22
1343,0xf87e31492faf9a91b02ee0deaad50d51d56d5d4d,21437789116019123198192600268201397321727,11499000000000000000000,1643291195000,0xe5009e81b5e6346c3b32e857fee02b059a716b96,3,2,"['62,-1']",1,parcel,"[[0, 0, 9]]","[62.0, -1.0]",2.26664990562353,2.606420726476497e+22
1344,0x959e104e1a4db6317fa58f8295f586e1a978c297,672,16000000000000000000000,1641516820000,0x8ed24e9b65407232685490c9ff9b571c5b9db371,9,2,"['22,-75', '23,-75']",2,land,"[[0, 0, 0], [0, 0, 0]]","[22.5, -75.0]",3.3829650695793463,5.412744111326954e+22
1345,0xf87e31492faf9a91b02ee0deaad50d51d56d5d4d,2381976568446569244243622252022377480254,6000000000000000000000,1643868653000,0xddb08c3fe4058669bf6ce74afa30d96547791d1e,0,1,"['7,62']",1,parcel,"[[0, 0, 0]]","[7.0, 62.0]",2.559175162581649,1.5355050975489893e+22
1346,0xf87e31492faf9a91b02ee0deaad50d51d56d5d4d,115792089237316195423570985008687907846804619694142733233653466466709533622130,4988000000000000000000,1640990822000,0xcdaacc41cbf65922d5c7a177c86ef90993e99cf5,0,1,"['-20,-142']",1,parcel,"[[0, 0, 8]]","[-20.0, -142.0]",3.2837753609862053,1.6379471500599192e+22
1347,0xf87e31492faf9a91b02ee0deaad50d51d56d5d4d,115792089237316195423570985008687907813797230102811702277706129545828017110982,5999000000000000000000,1644120249000,0x29f72df38bf0dac637e7919847e344a7b772d86f,0,1,"['-117,-58', '116,-139']",2,road,"[[0, 0, 0], [0, 0, 0]]","[-0.5, -98.5]",3.047315041602274,1.828084293457204e+22
1348,0x959e104e1a4db6317fa58f8295f586e1a978c297,1747,160000000000000000000000,1641367038000,0xf06d50b6b65096acb9424b1ed24a575dbc6bc58b,11,3,"['139,-113', '139,-114', '139,-115', '139,-116', '139,-117', '139,-118', '140,-113', '140,-114', '140,-115', '140,-116', '140,-117', '140,-118', '141,-113', '141,-114', '141,-115', '141,-116', '141,-117', '141,-118', '142,-113', '142,-114', '142,-115', '142,-116', '142,-117', '142,-118', '143,-113', '143,-114', '143,-115', '143,-116', '143,-117', '143,-118', '144,-113', '144,-114', '144,-115', '144,-116', '144,-117', '144,-118', '145,-113', '145,-114', '145,-115', '145,-116', '145,-117', '145,-118', '146,-113', '146,-114', '146,-115', '146,-116', '146,-117', '146,-118', '147,-113', '147,-114', '147,-115', '147,-116', '147,-117', '147,-118', '148,-113', '148,-114', '148,-115', '148,-116', '148,-117', '149,-113', '149,-114', '149,-115', '149,-116', '149,-117']",64,land,"[[0, 0, 0], [0, 0, 0], [0, 0, 0], [0, 0, 0], [0, 0, 0], [0, 0, 0], [9, 1, 0], [9, 1, 0], [9, 1, 0], [9, 1, 0], [9, 1, 0], [9, 1, 0], [8, 2, 0], [8, 2, 0], [8, 2, 0], [8, 2, 0], [8, 2, 0], [8, 2, 0], [7, 3, 0], [7, 3, 0], [7, 3, 0], [7, 3, 0], [7, 3, 0], [7, 3, 0], [6, 4, 0], [6, 4, 0], [6, 4, 0], [6, 4, 0], [6, 4, 0], [6, 4, 0], [5, 5, 0], [5, 5, 0], [5, 5, 0], [5, 5, 0], [5, 5, 0], [5, 5, 0], [4, 6, 0], [4, 6, 0], [4, 6, 0], [4, 6, 0], [4, 6, 0], [4, 6, 0], [3, 7, 0], [3, 7, 0], [3, 7, 0], [3, 7, 0], [3, 7, 0], [3, 7, 0], [2, 8, 0], [2, 8, 0], [2, 8, 0], [2, 8, 0], [2, 8, 0], [2, 8, 0], [1, 9, 0], [1, 9, 0], [1, 9, 0], [1, 9, 0], [1, 9, 0], [0, 0, 0], [0, 0, 0], [0, 0, 0], [0, 0, 0], [0, 0, 0]]","[143.859375, -115.421875]",3.1944964852537963,5.111194376406074e+23
1349,0xf87e31492faf9a91b02ee0deaad50d51d56d5d4d,115792089237316195423570985008687907851228290464114933258677336363322520371061,6994000000000000000000,1641863928000,0x959e104e1a4db6317fa58f8295f586e1a978c297,0,1,[],0,,[],[0],2.832719320096719,1.981203892475645e+22
1350,0xf87e31492faf9a91b02ee0deaad50d51d56d5d4d,3402823669209384634633746074317682114538,10000000000000000000000,1646268676000,0x5ea78410587ab76addcb10415bd5fed95073cfa6,5,2,"['9,-22']",1,parcel,"[[0, 0, 0]]","[9.0, -22.0]",2.758728169682906,2.758728169682906e+22
1351,0xf87e31492faf9a91b02ee0deaad50d51d56d5d4d,6125082604576892342340742933771827806295,7777000000000000000000,1643190053000,0xf91167757fed20c5e2afbd12993c690b7eeb0110,0,3,"['18,87', '22,2']",2,road,"[[5, 1, 7], [0, 0, 0]]","[20.0, 44.5]",2.1260324733787064,1.6534154545466198e+22
1352,0xf87e31492faf9a91b02ee0deaad50d51d56d5d4d,2722258935367507707706996859454145691788,7388000000000000000000,1642729404000,0x0aab1f79d28730bc211e2169f7c8f4669afea375,1,1,"['8,140']",1,parcel,"[[0, 7, 0]]","[8.0, 140.0]",2.6360883603314003,1.9475420806128383e+22
1353,0xf87e31492faf9a91b02ee0deaad50d51d56d5d4d,115792089237316195423570985008687907840679537089565840891312723532937705815958,5430000000000000000000,1642646350000,0x443d1f8a358b8f76df166e7c59afd4cba70073c7,0,1,"['-38,-106']",1,parcel,"[[0, 0, 0]]","[-38.0, -106.0]",2.743729245505247,1.4898449803093492e+22
1354,0xf87e31492faf9a91b02ee0deaad50d51d56d5d4d,115792089237316195423570985008687907819582030340467656156583497872168076705822,10000000000000000000000,1641662490000,0x20bc2f24a59df41ca868cd8a8e70ed91bfa0717c,9,2,"['-99,30']",1,parcel,"[[0, 3, 0]]","[-99.0, 30.0]",2.954629844358916,2.954629844358916e+22
1355,0xf87e31492faf9a91b02ee0deaad50d51d56d5d4d,115792089237316195423570985008687907846804619694142733233653466466709533622342,6000000000000000000000,1642141645000,0xa4ddb432bdac6872cab7a8a44ad1864412381fef,0,1,"['-19,70']",1,parcel,"[[7, 2, 9]]","[-19.0, 70.0]",2.904286712625543,1.7425720275753257e+22
1356,0xf87e31492faf9a91b02ee0deaad50d51d56d5d4d,47639531368931384884872445040447549603693,5199000000000000000000,1643009185000,0x167e6c08433e81bd709179b2afc23de517c70c23,2,3,"['121,-15', '139,-147']",2,road,"[[0, 0, 0], [2, 9, 0]]","[130.0, -81.0]",2.1191673192784792,1.1017550892928814e+22
1357,0xf87e31492faf9a91b02ee0deaad50d51d56d5d4d,115792089237316195423570985008687907802567911994420732983414767500579666132860,4939000000000000000000,1643738979000,0x76ce0bc4999c5e40ddb9248072a176e64a5b200b,0,1,"['-150,-132']",1,parcel,"[[0, 0, 0]]","[-150.0, -132.0]",2.697334799791993,1.3322136576172654e+22
1358,0x959e104e1a4db6317fa58f8295f586e1a978c297,4687,30000000000000000000000,1646024903000,0xf56dac1c73d1d7cdee9766ebdc5c026bea94fcf7,1,1,"['21,-77', '21,-78', '22,-77', '22,-78']",4,land,"[[0, 0, 0], [0, 0, 0], [0, 0, 0], [0, 0, 0]]","[21.5, -77.5]",2.5770927592102004,7.7312782776306e+22
1359,0xf87e31492faf9a91b02ee0deaad50d51d56d5d4d,115792089237316195423570985008687907804949888562867302227658389752602043613067,4600000000000000000000,1645232014000,0x49e27424563b5d8458db928cbcaa2ab31cfd771b,3,3,"['-143,-117']",1,parcel,"[[0, 0, 0]]","[-143.0, -117.0]",2.9895687131982625,1.3752016080712006e+22
1360,0x959e104e1a4db6317fa58f8295f586e1a978c297,3247,16000000000000000000000,1644249924000,0x7eae296f609fb1c9e655ba91d833caa18f7b9280,2,3,"['107,39']",1,parcel,"[[0, 0, 0]]","[107.0, 39.0]",3.3015594156099715,5.282495064975955e+22
1361,0xf87e31492faf9a91b02ee0deaad50d51d56d5d4d,18034965446809738563558854193883715207279,5188000000000000000000,1643949174000,0xff66270a270d239a8150b1442d4aca0bd4e89bd5,0,1,"['53,111']",1,parcel,"[[6, 8, 0]]","[53.0, 111.0]",2.6601644067675365,1.380093294230998e+22
1362,0xf87e31492faf9a91b02ee0deaad50d51d56d5d4d,115792089237316195423570985008687907832512760283463317768191732954575268741094,5349000000000000000000,1644744950000,0xb2c7a04fbfade583fc335437f33ec0a1a9dec471,0,1,"['-62,-26']",1,parcel,"[[0, 0, 0]]","[-62.0, -26.0]",2.914828521931521,1.5591417763811706e+22
1363,0xf87e31492faf9a91b02ee0deaad50d51d56d5d4d,4083388403051261561560495289181218537612,7188000000000000000000,1642234452000,0x658f894cbd1a015cb5dfa7de2eb51ef97b609b47,0,1,"['11,140', '12,140']",2,road,"[[0, 7, 0], [0, 7, 0]]","[11.5, 140.0]",2.9626491224649576,2.1295521892278116e+22
1364,0xf87e31492faf9a91b02ee0deaad50d51d56d5d4d,7145929705339707732730866756067132440456,6600000000000000000000,1641272085000,0x5b3d787303d8127e66f7238274fae328896fd199,0,1,"['-150,-146', '-36,-10', '20,-120', '22,8', '39,-63', '55,-13', '89,-36']",7,road,"[[0, 0, 0], [8, 0, 0], [0, 0, 0], [6, 0, 0], [4, 0, 0], [3, 0, 0], [1, 2, 0]]","[5.571428571428571, -54.285714285714285]",3.2654965487737213,2.155227722190656e+22
1365,0xf87e31492faf9a91b02ee0deaad50d51d56d5d4d,115792089237316195423570985008687907848506031528747425550970339503868374679437,5398000000000000000000,1643596388000,0x885b9a313c5f7afc4d70af09353966bf3c8cbdb8,0,1,"['-15,-115']",1,parcel,"[[1, 0, 0]]","[-15.0, -115.0]",2.5302591704510458,1.3658339002094746e+22
1366,0xf87e31492faf9a91b02ee0deaad50d51d56d5d4d,115792089237316195423570985008687907803248476728262609910341516715443202555927,8000000000000000000000,1643072911000,0xb375e0c12bfa084d269dcbf412ea1d6b100aae5d,1,2,"['-147,23', '-120,-28']",2,road,"[[0, 4, 0], [0, 8, 0]]","[-133.5, -2.5]",2.097272260649448,1.6778178085195585e+22
1367,0xf87e31492faf9a91b02ee0deaad50d51d56d5d4d,115792089237316195423570985008687907827068242412728302352777739235666977357795,5500000000000000000000,1642027941000,0xb955dc4785ac0e821ecda15415e2614c62f7ad23,0,4,"['-78,-29']",1,parcel,"[[8, 0, 0]]","[-78.0, -29.0]",3.10225498674441,1.7062402427094254e+22
1368,0xf87e31492faf9a91b02ee0deaad50d51d56d5d4d,47639531368931384884872445040447549603825,4010000000000000000000,1641110501000,0x69cfabf25bf4b629416bf589e27f37a8a8fe0a34,0,1,"['139,-15']",1,parcel,"[[0, 0, 0]]","[139.0, -15.0]",3.362912168662877,1.3485277796338137e+22
1369,0xf87e31492faf9a91b02ee0deaad50d51d56d5d4d,6465364971497830805804117541203596017573,5450000000000000000000,1642898677000,0x71f7eb7a800edb9b25931682eac9b2fb00c06442,10,10,"['18,-91']",1,parcel,"[[1, 0, 7]]","[18.0, -91.0]",2.0414460677600186,1.11258810692921e+22
1370,0x959e104e1a4db6317fa58f8295f586e1a978c297,3160,9988000000000000000000,1645535870000,0xf15d7066b78a4e969deefa1e4ca945212ddd3171,6,2,"['-75,-65', '-37,84', '-19,39', '-3,-53']",4,road,"[[1, 0, 3], [8, 9, 0], [0, 0, 0], [0, 0, 0]]","[-33.5, 1.25]",2.646401249777144,2.643225568277411e+22
1371,0xf87e31492faf9a91b02ee0deaad50d51d56d5d4d,115792089237316195423570985008687907847144902061063671697116841074141301833708,5500000000000000000000,1643451978000,0x8b81e64b6d4ebe2ec0f155df28c54ae2f20189dd,1,3,"['-117,-63', '-116,-63', '-52,-97', '-22,-142', '-19,-20', '21,-52', '32,-146', '64,-1']",8,road,"[[0, 0, 0], [0, 0, 0], [0, 0, 0], [0, 0, 8], [8, 0, 0], [0, 0, 0], [3, 0, 0], [0, 0, 7]]","[-26.125, -73.0]",2.294435983046395,1.2619397906755173e+22
1372,0x959e104e1a4db6317fa58f8295f586e1a978c297,1202,30250000000000000000000,1642390257000,0xf15d7066b78a4e969deefa1e4ca945212ddd3171,5,2,"['-75,-65', '-37,84', '-19,39', '-3,-53']",4,road,"[[1, 0, 3], [8, 9, 0], [0, 0, 0], [0, 0, 0]]","[-33.5, 1.25]",3.124674912948848,9.452141611670265e+22
1373,0xf87e31492faf9a91b02ee0deaad50d51d56d5d4d,29264283555200707857850216239132066185242,9987000000000000000000,1645004739000,0xa3c2a6f91c1997348e4f6ec698e6f0b2dd53aad3,1,1,"['86,26']",1,parcel,"[[5, 7, 0]]","[86.0, 26.0]",3.3285386704573385,3.3242115701857436e+22
1374,0xf87e31492faf9a91b02ee0deaad50d51d56d5d4d,115792089237316195423570985008687907828089089513491117743167863057962281992230,5287000000000000000000,1641933106000,0xd5e4989a700c8b4d7f2e02697ac56e06d6a858b3,1,1,"['-74,38']",1,parcel,"[[0, 2, 0]]","[-74.0, 38.0]",2.943249112150101,1.5560958055937586e+22
1375,0xf87e31492faf9a91b02ee0deaad50d51d56d5d4d,6465364971497830805804117541203596017572,5350000000000000000000,1642820383000,0x4d16678c1a2ec71156fb3ca16872db39470df3cc,2,3,"['18,-92']",1,parcel,"[[1, 0, 7]]","[18.0, -92.0]",2.2301581473863834,1.1931346088517152e+22
1376,0xf87e31492faf9a91b02ee0deaad50d51d56d5d4d,115792089237316195423570985008687907839998972355723963964385974318074169393049,5288000000000000000000,1644527205000,0x959e104e1a4db6317fa58f8295f586e1a978c297,1,1,[],0,,[],[0],3.154267932934502,1.6679768829357646e+22
1377,0x959e104e1a4db6317fa58f8295f586e1a978c297,4677,90000000000000000000000,1645731493000,0xe16b9da9c60de3b5861250ba71bd2dc1e58370e4,1,1,"['-78,-60', '-78,-61', '-77,-60', '-77,-61', '-76,-60', '-76,-61', '-75,-60', '-75,-61', '-74,-60', '-74,-61']",10,land,"[[4, 0, 6], [4, 0, 6], [3, 0, 5], [3, 0, 5], [2, 0, 4], [2, 0, 4], [1, 0, 3], [1, 0, 3], [0, 0, 2], [0, 0, 2]]","[-76.0, -60.5]",2.5999641960296045,2.339967776426644e+23
1378,0xf87e31492faf9a91b02ee0deaad50d51d56d5d4d,18715530180651615490485603408747251630001,5789000000000000000000,1643284250000,0x1d219f5bfb7361f641d3f5870b02b53abf7badb6,0,2,"['54,-79']",1,parcel,"[[5, 0, 7]]","[54.0, -79.0]",2.1741773039497394,1.258631241256504e+22
1379,0xf87e31492faf9a91b02ee0deaad50d51d56d5d4d,40493601663591677152141578284380417163249,5999000000000000000000,1645374319000,0xfc199e896bb4a153046bacb8b3c3170079190705,0,4,"['118,-15', '119,-14']",2,road,"[[0, 0, 0], [0, 0, 0]]","[118.5, -14.5]",2.7121559002340634,1.6270223245504147e+22
1380,0xf87e31492faf9a91b02ee0deaad50d51d56d5d4d,12590447576074723148144860474975423823815,5400000000000000000000,1641763085000,0x959e104e1a4db6317fa58f8295f586e1a978c297,0,1,[],0,,[],[0],2.955280483500563,1.5958514610903039e+22
1381,0xf87e31492faf9a91b02ee0deaad50d51d56d5d4d,12590447576074723148144860474975423823813,4987000000000000000000,1641862413000,0xcb9dc355450945de637a2220457b1adac98584a9,1,1,"['-66,114', '36,-59']",2,road,"[[0, 7, 0], [1, 0, 0]]","[-15.0, 27.5]",2.832719320096719,1.4126771249322337e+22
1382,0xf87e31492faf9a91b02ee0deaad50d51d56d5d4d,13611294676837538538534984297270728458179,5111000000000000000000,1646259889000,0x17e5960b55e909cab29170d742bdd1e83e4942d7,0,1,"['39,-61']",1,parcel,"[[4, 0, 0]]","[39.0, -61.0]",2.758728169682906,1.4099859675249333e+22
1383,0xf87e31492faf9a91b02ee0deaad50d51d56d5d4d,39813036929749800225214829069516880740213,5688000000000000000000,1644117697000,0x29f72df38bf0dac637e7919847e344a7b772d86f,0,1,"['-117,-58', '116,-139']",2,road,"[[0, 0, 0], [0, 0, 0]]","[-0.5, -98.5]",3.047315041602274,1.7333127956633733e+22
1384,0xf87e31492faf9a91b02ee0deaad50d51d56d5d4d,6465364971497830805804117541203596017611,8888000000000000000000,1641510703000,0x7d40a629334b4dbad129b8f6a5d445e8a8eac80f,0,2,"['-52,-18', '18,-52', '18,-53']",3,road,"[[0, 0, 0], [0, 0, 0], [0, 0, 0]]","[-5.333333333333333, -41.0]",3.3829650695793463,3.006779353842123e+22
1385,0xf87e31492faf9a91b02ee0deaad50d51d56d5d4d,41854731131275431005995076714107490009085,4799000000000000000000,1641660012000,0x23a59e3bd34f82e8a55ce745d6bd9a3f49543a51,0,3,"['122,-3']",1,parcel,"[[1, 3, 0]]","[122.0, -3.0]",2.954629844358916,1.4179268623078437e+22
1386,0x959e104e1a4db6317fa58f8295f586e1a978c297,4093,42069000000000000000000,1643188042000,0x4d98a870f252541f7ffcfc8ab6e007b66ffd4dea,3,1,"['-28,31', '-28,30', '-27,31', '-27,30']",4,land,"[[0, 0, 0], [0, 0, 0], [0, 0, 0], [0, 0, 0]]","[-27.5, 30.5]",2.1260324733787064,8.944006012256879e+22
1387,0x959e104e1a4db6317fa58f8295f586e1a978c297,4603,60000000000000000000000,1643859555000,0xc143759083a5cc47b8f23e1a8aa8fddb6ebf6041,2,1,"['-75,-63', '2,-21', '2,-22', '3,-21', '3,-22', '13,14', '22,89']",7,road,"[[1, 0, 3], [0, 0, 0], [0, 0, 0], [0, 0, 0], [0, 0, 0], [2, 0, 4], [3, 2, 0]]","[-4.285714285714286, -6.571428571428571]",2.559175162581649,1.5355050975489893e+23
1388,0x959e104e1a4db6317fa58f8295f586e1a978c297,3535,10000000000000000000,1640984645000,0x8dbfbd35f8bc9622ef907c372f4d91188d4de8b3,7,5,"['35,-71', '35,-72', '35,-73', '35,-74', '35,-75', '36,-71', '36,-72', '36,-73', '36,-74', '36,-75', '37,-71', '37,-72', '37,-73', '37,-74', '37,-75']",15,land,"[[0, 0, 0], [0, 0, 0], [0, 0, 0], [0, 0, 0], [0, 0, 0], [1, 0, 0], [1, 0, 0], [1, 0, 0], [1, 0, 0], [1, 0, 0], [2, 0, 0], [2, 0, 0], [2, 0, 0], [2, 0, 0], [2, 0, 0]]","[36.0, -73.0]",3.2837753609862053,3.2837753609862054e+19
1389,0xf87e31492faf9a91b02ee0deaad50d51d56d5d4d,115792089237316195423570985008687907832172477916542379304728358347143500529658,6666000000000000000000,1642513014000,0x3b1d48a58bc4001084f05fdcc1733b13e20deb68,4,3,"['-63,-6']",1,parcel,"[[4, 0, 9]]","[-63.0, -6.0]",2.8616232703619104,1.9075580720232492e+22
1390,0xf87e31492faf9a91b02ee0deaad50d51d56d5d4d,115792089237316195423570985008687907841019819456486779354776098140369474027415,5970000000000000000000,1642644970000,0x959e104e1a4db6317fa58f8295f586e1a978c297,0,1,[],0,,[],[0],2.743729245505247,1.6380063595666323e+22
1391,0xf87e31492faf9a91b02ee0deaad50d51d56d5d4d,17354400712967861636632104979020178784336,4994000000000000000000,1642137141000,0xde59f7b03c99719dc3fbcc61f99980a9f495e6ab,0,1,"['-15,-118', '13,-94', '16,-126', '51,80']",4,road,"[[1, 0, 0], [0, 0, 2], [0, 0, 5], [6, 0, 8]]","[16.25, -64.5]",2.904286712625543,1.450400784285196e+22
1392,0xf87e31492faf9a91b02ee0deaad50d51d56d5d4d,115792089237316195423570985008687907830811348448858625450874859917416427683948,5129000000000000000000,1642727098000,0xf7cd938ec4cce66836fb6f66358e12777d11990b,1,1,"['-66,108']",1,parcel,"[[5, 6, 0]]","[-66.0, 108.0]",2.6360883603314003,1.352049720013975e+22
1393,0xf87e31492faf9a91b02ee0deaad50d51d56d5d4d,115792089237316195423570985008687907830811348448858625450874859917416427683982,5198000000000000000000,1643735185000,0x02d73ebb0111678c15f7b10c12f9bc4bea4c3d59,0,1,"['-66,142']",1,parcel,"[[5, 7, 0]]","[-66.0, 142.0]",2.697334799791993,1.4020746289318782e+22
1394,0xf87e31492faf9a91b02ee0deaad50d51d56d5d4d,115792089237316195423570985008687907840679537089565840891312723532937705816135,4980000000000000000000,1641358889000,0x78f82ea3f84500edaaaac4801550cb06bfedc1e8,4,1,"['-37,71']",1,parcel,"[[0, 8, 0]]","[-37.0, 71.0]",3.1944964852537963,1.5908592496563905e+22
1395,0xf87e31492faf9a91b02ee0deaad50d51d56d5d4d,115792089237316195423570985008687907848165749161826487087506964896436606467970,5420000000000000000000,1643000252000,0xfcaed3c07daa9af2a4ff266b0dfbd5214fe25f24,1,2,"['-16,-126']",1,parcel,"[[0, 0, 5]]","[-16.0, -126.0]",2.1191673192784792,1.1485886870489357e+22
1396,0xf87e31492faf9a91b02ee0deaad50d51d56d5d4d,115792089237316195423570985008687907811755535901286071496925881901237407842248,6088000000000000000000,1646012143000,0x3f495ce9d89acbca976f440e51f0d211059820ea,0,2,"['-123,-56']",1,parcel,"[[0, 0, 0]]","[-123.0, -56.0]",2.5770927592102004,1.56893407180717e+22
1397,0xf87e31492faf9a91b02ee0deaad50d51d56d5d4d,115792089237316195423570985008687907834894736851909887012435355206597646221184,4850000000000000000000,1644380446000,0x4512e481f8aa3063abb9884a340ab27e4976cdc0,1,3,"['-58,-129', '-56,-127', '-55,-128']",3,road,"[[0, 0, 0], [0, 0, 0], [0, 0, 0]]","[-56.333333333333336, -128.0]",3.495626507486707,1.6953788561310528e+22
1398,0xf87e31492faf9a91b02ee0deaad50d51d56d5d4d,115792089237316195423570985008687907824345983477360794645070742376212831666057,5100000000000000000000,1643945551000,0xda2083d2c669e093b7d0864ab24565bb21541ebe,0,1,"['-86,-119']",1,parcel,"[[0, 0, 0]]","[-86.0, -119.0]",2.6601644067675365,1.3566838474514436e+22
1399,0xf87e31492faf9a91b02ee0deaad50d51d56d5d4d,115792089237316195423570985008687907837957278154198333183605726673483560124363,6999000000000000000000,1645226349000,0x49de61d04044405380e621a316501c01e9dcca98,2,1,"['-46,-53']",1,parcel,"[[0, 0, 5]]","[-46.0, -53.0]",2.9895687131982625,2.0923991423674638e+22
1400,0xf87e31492faf9a91b02ee0deaad50d51d56d5d4d,3743106036130323098097120681749450326156,7288000000000000000000,1642225092000,0x658f894cbd1a015cb5dfa7de2eb51ef97b609b47,0,1,"['11,140', '12,140']",2,road,"[[0, 7, 0], [0, 7, 0]]","[11.5, 140.0]",2.9626491224649576,2.159178680452461e+22
1401,0xf87e31492faf9a91b02ee0deaad50d51d56d5d4d,115792089237316195423570985008687907852249137564877748649067460185617825005516,9250000000000000000000,1644739526000,0xda0c7ad6c7534bd4af88bc2274714e2909e566f2,1,2,"['-4,-52', '-3,-52']",2,road,"[[0, 0, 0], [0, 0, 0]]","[-3.5, -52.0]",2.914828521931521,2.696216382786657e+22
1402,0xf87e31492faf9a91b02ee0deaad50d51d56d5d4d,46958966635089507957945695825584013180911,4125000000000000000000,1641271234000,0xfed1df04f6f7a13f0e04b48285156d27f573b2ef,0,1,"['137,-17']",1,parcel,"[[0, 0, 0]]","[137.0, -17.0]",3.2654965487737213,1.34701732636916e+22
1403,0xf87e31492faf9a91b02ee0deaad50d51d56d5d4d,47639531368931384884872445040447549603693,4995000000000000000000,1642893428000,0x167e6c08433e81bd709179b2afc23de517c70c23,2,3,"['121,-15', '139,-147']",2,road,"[[0, 0, 0], [2, 9, 0]]","[130.0, -81.0]",2.0414460677600186,1.0197023108461293e+22
1404,0x959e104e1a4db6317fa58f8295f586e1a978c297,3523,19999000000000000000000,1641105402000,0x4a691d3cd58a58b5863b10283c27c0fdc5ee2a79,4,3,"['40,72', '40,71', '41,72', '41,71']",4,land,"[[9, 8, 0], [9, 7, 0], [8, 8, 0], [8, 8, 0]]","[40.5, 71.5]",3.362912168662877,6.7254880461088874e+22
1405,0xf87e31492faf9a91b02ee0deaad50d51d56d5d4d,115792089237316195423570985008687907805970735663630117618048513574897348247522,4680000000000000000000,1642024761000,0x21b5b90ea08d61b7dc19c21d410d61b9a217b33a,0,2,"['-140,-30']",1,parcel,"[[3, 0, 0]]","[-140.0, -30.0]",3.10225498674441,1.451855333796384e+22
1406,0x959e104e1a4db6317fa58f8295f586e1a978c297,1386,21900000000000000000000,1643071205000,0xa5e039b0feb5c056022e35b5b1b4b1d3a4ade00e,9,1,"['-125,-74', '-120,26', '-120,25', '-119,26', '-92,-98', '-85,-119', '-85,-120', '-84,-120', '150,5']",9,road,"[[0, 0, 0], [0, 6, 0], [0, 5, 0], [0, 6, 0], [0, 0, 0], [0, 0, 0], [0, 0, 0], [0, 0, 0], [4, 0, 0]]","[-75.55555555555556, -49.888888888888886]",2.097272260649448,4.593026250822292e+22
1407,0x959e104e1a4db6317fa58f8295f586e1a978c297,470,69000000000000000000000,1644238028000,0xa01424b7540adbb792375dcf97b733a5d68ad347,7,1,"['-77,-32', '-64,-7', '-56,3', '-46,83', '-38,-8', '-20,30', '27,86', '33,65', '56,-7', '138,47']",10,road,"[[9, 0, 0], [0, 0, 0], [2, 0, 0], [5, 2, 0], [6, 0, 0], [0, 0, 0], [6, 0, 0], [0, 1, 0], [4, 0, 0], [9, 0, 0]]","[-4.7, 26.0]",3.3015594156099715,2.2780759967708803e+23
1408,0xf87e31492faf9a91b02ee0deaad50d51d56d5d4d,115792089237316195423570985008687907831151630815779563914338234524848195895404,5284000000000000000000,1642816047000,0x26e170ad51c973abe406118bf6da127d0082d6e7,0,1,"['-65,109', '-65,108']",2,road,"[[5, 7, 0], [6, 6, 0]]","[-65.0, 108.5]",2.2301581473863834,1.178415565078965e+22
1409,0xf87e31492faf9a91b02ee0deaad50d51d56d5d4d,6805647338418769269267492148635364229143,5049000000000000000000,1645530702000,0x055b14df809d19c5dae62ffc943a1c33d1d265a8,0,1,"['20,23', '127,-18']",2,road,"[[0, 0, 0], [0, 0, 0]]","[73.5, 2.5]",2.493529758005366,1.2589831748169094e+22
1410,0xf87e31492faf9a91b02ee0deaad50d51d56d5d4d,115792089237316195423570985008687907847825466794905548624043590289004838256498,6288000000000000000000,1645003281000,0xe6e4f2bb4ee459b395000e96622f30ca522550c1,0,2,"['-17,-142']",1,parcel,"[[0, 0, 8]]","[-17.0, -142.0]",3.3285386704573385,2.0929851159835744e+22
1411,0x959e104e1a4db6317fa58f8295f586e1a978c297,3298,70000000000000000000000,1643183531000,0x072fa5eb0fa34587d6355d6a0a9913ecc6b62025,6,4,"['-86,-116', '-86,-117', '-86,-118', '-85,-116', '-85,-117', '-85,-118', '-84,-116', '-84,-117', '-84,-118']",9,land,"[[0, 0, 0], [0, 0, 0], [0, 0, 0], [0, 0, 0], [0, 0, 0], [0, 0, 0], [0, 0, 0], [0, 0, 0], [0, 0, 0]]","[-85.0, -117.0]",2.1260324733787064,1.4882227313650946e+23
1412,0xf87e31492faf9a91b02ee0deaad50d51d56d5d4d,115792089237316195423570985008687907840339254722644902427849348925505937604687,5670000000000000000000,1645689375000,0x50327d820d45c6362baa45c4e25d2fd1ac593348,0,1,"['-38,79']",1,parcel,"[[0, 8, 0]]","[-38.0, 79.0]",2.585236181947326,1.465828915164134e+22
1413,0x959e104e1a4db6317fa58f8295f586e1a978c297,4542,13500000000000000000000,1643450570000,0x78f6c2458b53d0735208992c693bb2b2dafebb52,0,1,"['-69,137', '-69,136']",2,land,"[[2, 4, 0], [2, 4, 0]]","[-69.0, 136.5]",2.294435983046395,3.0974885771126336e+22
1414,0xf87e31492faf9a91b02ee0deaad50d51d56d5d4d,115792089237316195423570985008687907847144902061063671697116841074141301833798,6000000000000000000000,1641762505000,0x024970b100129b0941675cdbe48ee96cf7b3b984,4,1,"['-18,70']",1,parcel,"[[6, 2, 8]]","[-18.0, 70.0]",2.955280483500563,1.7731682901003378e+22
1415,0xf87e31492faf9a91b02ee0deaad50d51d56d5d4d,2381976568446569244243622252022377480253,5888000000000000000000,1641849391000,0x9d2add0ef6a38bc96c1e2cba7862e972f7c834e1,0,1,"['7,61']",1,parcel,"[[0, 0, 0]]","[7.0, 61.0]",2.832719320096719,1.667905135672948e+22
1416,0xf87e31492faf9a91b02ee0deaad50d51d56d5d4d,115792089237316195423570985008687907839998972355723963964385974318074169393050,5288000000000000000000,1644527205000,0x959e104e1a4db6317fa58f8295f586e1a978c297,0,1,[],0,,[],[0],3.154267932934502,1.6679768829357646e+22
1417,0xf87e31492faf9a91b02ee0deaad50d51d56d5d4d,115792089237316195423570985008687907840679537089565840891312723532937705815959,5430000000000000000000,1642644785000,0x959e104e1a4db6317fa58f8295f586e1a978c297,0,1,[],0,,[],[0],2.743729245505247,1.4898449803093492e+22
1418,0xf87e31492faf9a91b02ee0deaad50d51d56d5d4d,115792089237316195423570985008687907812776383002048886887316005723532712476695,6999000000000000000000,1640975707000,0x430cff004f6a44ca787e8d3c5f9963e28a3ddee5,4,1,"['-119,23']",1,parcel,"[[0, 3, 0]]","[-119.0, 23.0]",3.2837753609862053,2.298314375154245e+22
1419,0xf87e31492faf9a91b02ee0deaad50d51d56d5d4d,9868188640707215440437863615521278132314,5098000000000000000000,1646247895000,0x4855ab3793269d7a69018037152fcb5876ee3c88,0,1,"['29,90']",1,parcel,"[[2, 4, 0]]","[29.0, 90.0]",2.758728169682906,1.4063996209043452e+22
1420,0xf87e31492faf9a91b02ee0deaad50d51d56d5d4d,115792089237316195423570985008687907813116665368969825350779380330964480688073,5897000000000000000000,1642511420000,0xabafcbf226b8aa6475b4d0a896830fc85ac605c3,0,1,"['-119,-55']",1,parcel,"[[0, 0, 0]]","[-119.0, -55.0]",2.8616232703619104,1.6874992425324186e+22
1421,0xf87e31492faf9a91b02ee0deaad50d51d56d5d4d,115792089237316195423570985008687907841700384190328656281702847355233010450398,5272000000000000000000,1643281881000,0xea953c047ac54d637f7989b36a2886ebdebf0460,0,1,"['-35,-34']",1,parcel,"[[0, 0, 0]]","[-35.0, -34.0]",2.1741773039497394,1.1462262746423027e+22
1422,0xc1f4b0eea2bd6690930e6c66efd3e197d620b9c2,3190,275000000000000000000,1645373514000,0x9f4a2f761750a89ee71330f621af3ad28a6d255f,0,1,"['-10,-128', '-9,-128']",2,road,"[[0, 0, 3], [0, 0, 3]]","[-9.5, -128.0]",2.7121559002340634,7.458428725643675e+20
1423,0xf87e31492faf9a91b02ee0deaad50d51d56d5d4d,5104235503814076951950619111476523171791,8100000000000000000000,1641506062000,0x9abf4e8f149fbe2e572a79b05c8232df9848020d,1,2,"['14,-49']",1,parcel,"[[0, 0, 0]]","[14.0, -49.0]",3.3829650695793463,2.7402017063592706e+22
1424,0x959e104e1a4db6317fa58f8295f586e1a978c297,4569,18888000000000000000000,1641932371000,0x0e164d8b2b837a5e170c016f1edd21a54d9613ca,1,1,"['-38,118', '3,-123', '6,-68', '6,-69', '24,49']",5,road,"[[0, 2, 0], [0, 0, 0], [0, 0, 3], [0, 0, 2], [0, 2, 0]]","[0.2, -18.6]",2.943249112150101,5.559208923029111e+22
1425,0xf87e31492faf9a91b02ee0deaad50d51d56d5d4d,115792089237316195423570985008687907832512760283463317768191732954575268741105,5188000000000000000000,1642384363000,0x628998ce7314583da41616753067adaa82e618c4,0,1,"['-62,-15']",1,parcel,"[[8, 4, 0]]","[-62.0, -15.0]",3.124674912948848,1.6210813448378623e+22
1426,0x959e104e1a4db6317fa58f8295f586e1a978c297,399,360000000000000000000000,1643596288000,0x42e0eaa14ac4dfde0045052deb6994665990a40f,12,2,"['-86,-55', '-86,-56', '-86,-57', '-86,-58', '-86,-59', '-85,-55', '-85,-56', '-85,-57', '-85,-58', '-85,-59', '-84,-55', '-84,-56', '-84,-57', '-84,-58', '-84,-59', '-83,-55', '-83,-56', '-83,-57', '-83,-58', '-83,-59', '-82,-55', '-82,-56', '-82,-57', '-82,-58', '-82,-59', '-81,-55', '-81,-56', '-81,-57', '-81,-58', '-81,-59', '-80,-55', '-80,-56', '-80,-57', '-80,-58', '-80,-59', '-79,-55', '-79,-56', '-79,-57', '-79,-58', '-79,-59', '-78,-55', '-78,-56', '-78,-57', '-78,-58', '-78,-59', '-77,-55', '-77,-56', '-77,-57', '-77,-58', '-77,-59', '-76,-55', '-76,-56', '-76,-57', '-76,-58', '-76,-59', '-75,-55', '-75,-56', '-75,-57', '-75,-58', '-75,-59', '-74,-55', '-74,-56', '-74,-57', '-74,-58', '-74,-59']",65,land,"[[0, 0, 0], [0, 0, 0], [0, 0, 0], [0, 0, 0], [0, 0, 0], [1, 0, 0], [1, 0, 0], [1, 0, 0], [1, 0, 0], [1, 0, 0], [2, 0, 0], [2, 0, 0], [2, 0, 0], [2, 0, 0], [2, 0, 0], [3, 0, 0], [3, 0, 0], [3, 0, 0], [3, 0, 0], [3, 0, 0], [4, 0, 0], [4, 0, 0], [4, 0, 0], [4, 0, 0], [4, 0, 0], [5, 0, 9], [5, 0, 9], [5, 0, 9], [5, 0, 9], [5, 0, 9], [6, 0, 8], [6, 0, 8], [6, 0, 8], [6, 0, 8], [6, 0, 8], [5, 0, 7], [5, 0, 7], [5, 0, 7], [5, 0, 7], [5, 0, 7], [4, 0, 6], [4, 0, 6], [4, 0, 6], [4, 0, 6], [4, 0, 6], [3, 0, 5], [3, 0, 5], [3, 0, 5], [3, 0, 5], [3, 0, 5], [2, 0, 4], [2, 0, 4], [2, 0, 4], [2, 0, 4], [2, 0, 4], [1, 0, 3], [1, 0, 3], [1, 0, 3], [1, 0, 3], [1, 0, 3], [0, 0, 2], [0, 0, 2], [0, 0, 2], [0, 0, 2], [0, 0, 2]]","[-80.0, -57.0]",2.5302591704510458,9.108933013623764e+23
1427,0xf87e31492faf9a91b02ee0deaad50d51d56d5d4d,115792089237316195423570985008687907844762925492617102452873218822118924353494,4997000000000000000000,1641659025000,0xec2a0afda96c2c2a0c5c9d3bfa00da5b1cf5c7b4,0,1,"['-26,-42']",1,parcel,"[[7, 0, 0]]","[-26.0, -42.0]",2.954629844358916,1.4764285332261502e+22
1428,0xf87e31492faf9a91b02ee0deaad50d51d56d5d4d,6465364971497830805804117541203596017542,6666000000000000000000,1642133353000,0xfd57b8448c2967953f2dc6fdb5a1a2de2a8c6c61,0,1,"['18,-122']",1,parcel,"[[0, 0, 9]]","[18.0, -122.0]",2.904286712625543,1.9359975226361866e+22
1429,0xf87e31492faf9a91b02ee0deaad50d51d56d5d4d,1701411834604692317316873037158841057306,6964000000000000000000,1644113355000,0xcbae5d2ad7db3fc0e9dd704a8799a69874b6cceb,1,1,"['5,26']",1,parcel,"[[3, 0, 0]]","[5.0, 26.0]",3.047315041602274,2.1221501949718236e+22
1430,0x959e104e1a4db6317fa58f8295f586e1a978c297,3981,69000000000000000000000,1643725997000,0xdfe0a4d9206738f1943625bbea2cb00baa7d3a79,2,1,"['103,38', '103,37', '103,36', '104,38', '104,37', '104,36', '105,38', '105,37', '105,36', '106,38', '106,37', '106,36']",12,land,"[[9, 1, 0], [9, 2, 0], [9, 1, 0], [0, 1, 0], [0, 2, 0], [0, 1, 0], [0, 1, 0], [0, 2, 0], [0, 1, 0], [0, 1, 0], [0, 2, 0], [0, 2, 0]]","[104.5, 37.0]",2.697334799791993,1.861161011856475e+23
1431,0xf87e31492faf9a91b02ee0deaad50d51d56d5d4d,115792089237316195423570985008687907812776383002048886887316005723532712476645,6444000000000000000000,1643831645000,0x88d39df8e9be055785fafab3b6c9d59779482439,0,1,"['-120,-27']",1,parcel,"[[0, 7, 0]]","[-120.0, -27.0]",2.559175162581649,1.6491324747676144e+22
1432,0xf87e31492faf9a91b02ee0deaad50d51d56d5d4d,30965695389805400175167089276290907242357,4299000000000000000000,1641456123000,0x99e0478945ee0a86d8f84bfbb5fcad177e65fc35,0,4,"['90,-139']",1,parcel,"[[0, 0, 0]]","[90.0, -139.0]",2.9390688380014987,1.2635056934568442e+22
1433,0x959e104e1a4db6317fa58f8295f586e1a978c297,4633,42500000000000000000000,1642718868000,0x4a34d03130503961f656fb9d26c5aec511d8eccc,2,1,"['-125,20', '-124,20', '-123,20', '-122,20', '-121,20', '141,-123', '142,-123']",7,road,"[[0, 0, 0], [0, 0, 0], [0, 0, 0], [0, 0, 0], [0, 0, 0], [8, 2, 0], [7, 3, 0]]","[-47.42857142857143, -20.857142857142858]",2.6360883603314003,1.1203375531408451e+23
1434,0x959e104e1a4db6317fa58f8295f586e1a978c297,5,87000000000000000000000,1641352589000,0x34c7223170d61d63f95f8647aaea5fd24b1e023c,9,4,"['-27,-39', '-27,-40', '-26,-39', '-26,-40']",4,land,"[[0, 0, 0], [9, 0, 0], [0, 0, 0], [9, 0, 0]]","[-26.5, -39.5]",3.1944964852537963,2.7792119421708026e+23
1435,0xf87e31492faf9a91b02ee0deaad50d51d56d5d4d,115792089237316195423570985008687907809713841699760440716145634256646798573486,5099000000000000000000,1642995757000,0x0b8d3954372baecb6788810dfb0c5263e56f7b64,2,3,"['-129,-82']",1,parcel,"[[4, 0, 0]]","[-129.0, -82.0]",2.1191673192784792,1.0805634161000967e+22
1436,0xf87e31492faf9a91b02ee0deaad50d51d56d5d4d,5444517870735015415413993718908291383177,6199000000000000000000,1644376008000,0xb97a686a04d585494f983ac47d8d564c5e9649c8,0,1,"['15,-119', '15,-120', '16,-120']",3,road,"[[0, 0, 0], [0, 0, 0], [0, 0, 0]]","[15.333333333333334, -119.66666666666667]",3.495626507486707,2.16693887199101e+22
1437,0xf87e31492faf9a91b02ee0deaad50d51d56d5d4d,115792089237316195423570985008687907826047395311965486962387615413371672723388,4933000000000000000000,1645999189000,0x8990972907c5d4e99e661ad7dbd09d3f79587f25,0,1,"['-81,-68']",1,parcel,"[[5, 0, 9]]","[-81.0, -68.0]",2.5770927592102004,1.2712798581183918e+22
1438,0x0b1c6c75d511fae05e7dc696f4cf14129a9c43c9,316,100000000000000000000,1643943972000,0xfe2d424af0df49bb3316cb2e9f574b0d09cf98ad,0,1,"['56,-111']",1,parcel,"[[0, 0, 0]]","[56.0, -111.0]",2.6601644067675365,2.6601644067675364e+20
1439,0xf87e31492faf9a91b02ee0deaad50d51d56d5d4d,115792089237316195423570985008687907851568572831035871722140710970754288582533,5700000000000000000000,1645222518000,0xca69dade834600b9dfedbfabbf12b125f202a69f,1,3,"['-6,-123']",1,parcel,"[[0, 0, 8]]","[-6.0, -123.0]",2.9895687131982625,1.7040541665230095e+22
1440,0xf87e31492faf9a91b02ee0deaad50d51d56d5d4d,115792089237316195423570985008687907852589419931798687112530834793049593216972,9250000000000000000000,1644739120000,0xda0c7ad6c7534bd4af88bc2274714e2909e566f2,1,2,"['-4,-52', '-3,-52']",2,road,"[[0, 0, 0], [0, 0, 0]]","[-3.5, -52.0]",2.914828521931521,2.696216382786657e+22
1441,0xf87e31492faf9a91b02ee0deaad50d51d56d5d4d,9868188640707215440437863615521278132128,5350000000000000000000,1641268679000,0x61cfad94b622e3aa72092b8316242e36ffadabe7,0,2,"['28,-96']",1,parcel,"[[0, 0, 0]]","[28.0, -96.0]",3.2654965487737213,1.7470406535939411e+22
1442,0xf87e31492faf9a91b02ee0deaad50d51d56d5d4d,115792089237316195423570985008687907844082360758775225525946469607255387930769,5080000000000000000000,1642220444000,0x719921627feffb77c9da94f15d3446d9f92fd85c,0,2,"['-27,145']",1,parcel,"[[5, 7, 0]]","[-27.0, 145.0]",2.9626491224649576,1.5050257542121985e+22
1443,0xf87e31492faf9a91b02ee0deaad50d51d56d5d4d,115792089237316195423570985008687907833193325017305194695118482169438805164001,4950000000000000000000,1644995447000,0x4eadf59ec9afc8d6554bacf9980afca5275b9d48,0,1,"['-60,-31']",1,parcel,"[[8, 0, 0]]","[-60.0, -31.0]",3.3285386704573385,1.6476266418763828e+22
1444,0xf87e31492faf9a91b02ee0deaad50d51d56d5d4d,2381976568446569244243622252022377480332,7450000000000000000000,1642815243000,0xc5aa7cbb835608cc8d15484d7f1db26b244222eb,0,1,"['7,140']",1,parcel,"[[0, 6, 0]]","[7.0, 140.0]",2.2301581473863834,1.6614678198028555e+22
1445,0xf87e31492faf9a91b02ee0deaad50d51d56d5d4d,115792089237316195423570985008687907819582030340467656156583497872168076705812,8690000000000000000000,1643065096000,0x58f5481f41eaeb31328620a27ce4dfe2e2f915a3,2,1,"['-99,20']",1,parcel,"[[4, 0, 0]]","[-99.0, 20.0]",2.097272260649448,1.8225295945043703e+22
1446,0xf87e31492faf9a91b02ee0deaad50d51d56d5d4d,43556142965880123323311949751266331066350,4985000000000000000000,1645530577000,0x055b14df809d19c5dae62ffc943a1c33d1d265a8,2,3,"['20,23', '127,-18']",2,road,"[[0, 0, 0], [0, 0, 0]]","[73.5, 2.5]",2.493529758005366,1.2430245843656749e+22
1447,0xf87e31492faf9a91b02ee0deaad50d51d56d5d4d,7486212072260646196194241363498900651892,5888000000000000000000,1644231456000,0xee98db705e16086c45c96bb685ceec9b2e2bb54d,0,1,"['21,-140']",1,parcel,"[[0, 0, 6]]","[21.0, -140.0]",3.318725280995242,1.9540654454499984e+22
1448,0xf87e31492faf9a91b02ee0deaad50d51d56d5d4d,115792089237316195423570985008687907834894736851909887012435355206597646221423,5300000000000000000000,1641089732000,0xb72257b5aae0b31d234e5851682f5e0386159217,1,2,"['-54,111']",1,parcel,"[[1, 9, 0]]","[-54.0, 111.0]",3.362912168662877,1.7823434493913249e+22
1449,0xf87e31492faf9a91b02ee0deaad50d51d56d5d4d,8847341539944400050047739793225973497760,4567000000000000000000,1642008835000,0xf56294dad28d3d855514f5f911b39a6f719e6478,0,3,"['25,-96']",1,parcel,"[[1, 0, 0]]","[25.0, -96.0]",3.10225498674441,1.416799852446172e+22
1450,0xf87e31492faf9a91b02ee0deaad50d51d56d5d4d,115792089237316195423570985008687907826727960045807363889314364628235209146351,5990000000000000000000,1642892284000,0x4f3907a77985c754b53a54f98905fd8f5da1e57c,0,3,"['-79,-17']",1,parcel,"[[4, 8, 6]]","[-79.0, -17.0]",2.0414460677600186,1.2228261945882513e+22
1451,0xf87e31492faf9a91b02ee0deaad50d51d56d5d4d,115792089237316195423570985008687907852249137564877748649067460185617825005445,6388000000000000000000,1643439109000,0x959e104e1a4db6317fa58f8295f586e1a978c297,0,2,[],0,,[],[0],2.294435983046395,1.465685705970037e+22
1452,0xf87e31492faf9a91b02ee0deaad50d51d56d5d4d,115792089237316195423570985008687907842040666557249594745166221962664778661778,6095000000000000000000,1643182506000,0xe4f0e9359756a65da70fe37a3bfa45736f9bea58,2,4,"['-53,-99', '-34,-110']",2,road,"[[0, 0, 0], [0, 0, 0]]","[-43.5, -104.5]",2.1260324733787064,1.2958167925243215e+22
1453,0x959e104e1a4db6317fa58f8295f586e1a978c297,4612,23456000000000000000000,1641839616000,0xa0f14c263c0ec1179e1bb61817173791655ee60d,0,1,"['12,-118', '12,-119', '13,-118', '13,-119']",4,land,"[[1, 0, 0], [1, 0, 0], [0, 0, 0], [0, 0, 0]]","[12.5, -118.5]",2.832719320096719,6.644426437218864e+22
1454,0xf87e31492faf9a91b02ee0deaad50d51d56d5d4d,7145929705339707732730866756067132440451,6888000000000000000000,1645689240000,0x9dbf85b56207b29fd25d3599d314cf3c59c38e7a,1,2,"['20,-125']",1,parcel,"[[0, 0, 6]]","[20.0, -125.0]",2.585236181947326,1.7807106821253182e+22
1455,0xf87e31492faf9a91b02ee0deaad50d51d56d5d4d,115792089237316195423570985008687907828089089513491117743167863057962281992079,4250000000000000000000,1640972417000,0x716e537c396311717242e92e73e3cee6998ce42d,0,1,"['-75,-113']",1,parcel,"[[0, 0, 0]]","[-75.0, -113.0]",3.2837753609862053,1.3956045284191372e+22
1456,0x959e104e1a4db6317fa58f8295f586e1a978c297,4591,11111000000000000000000,1642644498000,0xf9f68fc85cc9791d264477d1bb1aa649f022e9dc,0,1,"['-38,-104', '-38,-105', '-37,-104', '-37,-105', '14,150', '146,-19']",6,road,"[[0, 0, 0], [0, 0, 0], [0, 0, 0], [0, 0, 0], [0, 0, 0], [3, 0, 0]]","[1.6666666666666667, -47.833333333333336]",2.743729245505247,3.04855756468088e+22
1457,0xf87e31492faf9a91b02ee0deaad50d51d56d5d4d,4083388403051261561560495289181218537354,4888000000000000000000,1641760269000,0x69f72f07fb792661c7fcd466b50e73529bbfb175,0,1,"['11,-118']",1,parcel,"[[2, 0, 0]]","[11.0, -118.0]",2.955280483500563,1.4445411003350752e+22
1458,0xf87e31492faf9a91b02ee0deaad50d51d56d5d4d,2041694201525630780780247644590609268625,4987000000000000000000,1641929775000,0x394495a3800d1504b5686d398836baefebd0c5b7,0,2,"['5,-111']",1,parcel,"[[1, 0, 0]]","[5.0, -111.0]",2.943249112150101,1.4677983322292554e+22
1459,0xf87e31492faf9a91b02ee0deaad50d51d56d5d4d,115792089237316195423570985008687907828429371880412056206631237665394050203688,5287000000000000000000,1641505035000,0x9f95b2569091122125f17ca8b8b79563a8e923b5,0,1,"['-73,40', '-73,39']",2,road,"[[9, 2, 0], [0, 2, 0]]","[-73.0, 39.5]",3.3829650695793463,1.7885736322866004e+22
1460,0xf87e31492faf9a91b02ee0deaad50d51d56d5d4d,115792089237316195423570985008687907833193325017305194695118482169438805164161,6788000000000000000000,1645355267000,0x8ef4e9391bedbee2bebea9302b1b3a1207d4269d,0,2,"['-59,129']",1,parcel,"[[0, 0, 0]]","[-59.0, 129.0]",2.910514160240482,1.975657011971239e+22
1461,0x959e104e1a4db6317fa58f8295f586e1a978c297,4719,11588000000000000000000,1646238369000,0xe68a91cc3f619777649b1fb541d5423bfb3982d8,0,1,"['37,-63', '38,-63']",2,land,"[[2, 0, 0], [3, 0, 0]]","[37.5, -63.0]",2.758728169682906,3.196814203028551e+22
1462,0xf87e31492faf9a91b02ee0deaad50d51d56d5d4d,19396094914493492417412352623610788052881,5888000000000000000000,1642110201000,0xfe2d424af0df49bb3316cb2e9f574b0d09cf98ad,0,1,"['56,-111']",1,parcel,"[[0, 0, 0]]","[56.0, -111.0]",2.904286712625543,1.7100440163939198e+22
1463,0xf87e31492faf9a91b02ee0deaad50d51d56d5d4d,115792089237316195423570985008687907822644571642756102327753869339053990608877,8450000000000000000000,1644096581000,0xce252c0b4b513bc1f431e758a4b55e0f9a7ec94a,0,1,"['-91,-19']",1,parcel,"[[1, 3, 8]]","[-91.0, -19.0]",3.047315041602274,2.5749812101539212e+22
1464,0xf87e31492faf9a91b02ee0deaad50d51d56d5d4d,4763953136893138488487244504044754960445,5399000000000000000000,1641453365000,0x1137c668d79fefe410ae19530bdf18b16f63bdde,0,1,"['14,61']",1,parcel,"[[0, 0, 0]]","[14.0, 61.0]",2.9390688380014987,1.5868032656370091e+22
1465,0xf87e31492faf9a91b02ee0deaad50d51d56d5d4d,48320096102773261811799194255311086026695,4511000000000000000000,1641658479000,0x226edfa9fb3a5ea2a084b064b7494773bced6924,2,2,"['141,-57']",1,parcel,"[[8, 2, 0]]","[141.0, -57.0]",2.954629844358916,1.332833522790307e+22
1466,0xf87e31492faf9a91b02ee0deaad50d51d56d5d4d,115792089237316195423570985008687907805290170929788240691121764360033811824523,4970000000000000000000,1642503600000,0x2cfc8844e48d105d434f2fcb3419cd5e9cfc3c96,2,3,"['-142,-117']",1,parcel,"[[0, 0, 0]]","[-142.0, -117.0]",2.919809374476844,1.4511452591149915e+22
1467,0xf87e31492faf9a91b02ee0deaad50d51d56d5d4d,115792089237316195423570985008687907844762925492617102452873218822118924353550,7499000000000000000000,1643278762000,0xbaad47fa2705cd8b3167bb2a551e71238c080cb8,0,1,"['-25,14']",1,parcel,"[[0, 0, 0]]","[-25.0, 14.0]",2.1741773039497394,1.6304155602319097e+22
1468,0x959e104e1a4db6317fa58f8295f586e1a978c297,4054,10497000000000000000000,1644519203000,0xff093f33e922dbd7a0c5a3a1aaa1ad6c0ec12fbd,0,1,"['-30,-31', '-30,-32']",2,land,"[[0, 0, 0], [0, 0, 0]]","[-30.0, -31.5]",3.154267932934502,3.311035049201347e+22
1469,0xf87e31492faf9a91b02ee0deaad50d51d56d5d4d,115792089237316195423570985008687907848165749161826487087506964896436606467986,6400000000000000000000,1643578795000,0x6e5ece49bd171ea718a28e7affb6568044254ea0,0,3,"['-16,-110']",1,parcel,"[[0, 0, 0]]","[-16.0, -110.0]",2.5302591704510458,1.6193658690886693e+22
1470,0xf87e31492faf9a91b02ee0deaad50d51d56d5d4d,45597837167405754104092197395856940335069,5278000000000000000000,1642993083000,0x9f4135424ace14f68cddaa3ce44544dc0427bc46,5,3,"['133,-35']",1,parcel,"[[2, 3, 0]]","[133.0, -35.0]",2.1191673192784792,1.1184965111151814e+22
1471,0xf87e31492faf9a91b02ee0deaad50d51d56d5d4d,115792089237316195423570985008687907842380948924170533208629596570096546873243,5900000000000000000000,1643715542000,0x973c6ec69c0e540f600fb0bbe2a033c03d5e32f8,0,1,"['-33,-101']",1,parcel,"[[0, 0, 0]]","[-33.0, -101.0]",2.838711845336331,1.6748399887484354e+22
1472,0xf87e31492faf9a91b02ee0deaad50d51d56d5d4d,115792089237316195423570985008687907851568572831035871722140710970754288582598,5287000000000000000000,1642374831000,0x762c86cbd4e0b88d8d734ec8507b29e00d09b4fd,1,3,"['-6,-58', '15,-64']",2,road,"[[2, 0, 0], [0, 0, 7]]","[4.5, -61.0]",3.124674912948848,1.6520156264760558e+22
1473,0xf87e31492faf9a91b02ee0deaad50d51d56d5d4d,18715530180651615490485603408747251630188,5649000000000000000000,1641347304000,0x9d81f127d366b52a1fcbcafe82b52176c8b3188e,0,1,"['55,108']",1,parcel,"[[4, 6, 0]]","[55.0, 108.0]",3.1944964852537963,1.8045710645198695e+22
1474,0xf87e31492faf9a91b02ee0deaad50d51d56d5d4d,5444517870735015415413993718908291383176,6488000000000000000000,1644375554000,0xb97a686a04d585494f983ac47d8d564c5e9649c8,0,1,"['15,-119', '15,-120', '16,-120']",3,road,"[[0, 0, 0], [0, 0, 0], [0, 0, 0]]","[15.333333333333334, -119.66666666666667]",3.495626507486707,2.2679624780573756e+22
1475,0xf87e31492faf9a91b02ee0deaad50d51d56d5d4d,115792089237316195423570985008687907844762925492617102452873218822118924353413,6465000000000000000000,1643828293000,0x9a739c2e212754c3d8432cb717dc9437e5b3dfae,5,3,"['-26,-123']",1,parcel,"[[0, 0, 0]]","[-26.0, -123.0]",2.559175162581649,1.654506742609036e+22
1476,0xf87e31492faf9a91b02ee0deaad50d51d56d5d4d,115792089237316195423570985008687907839318407621882087037459225103210632970282,7200000000000000000000,1642717447000,0xf0bf2535207174593fb23bfa98b000a72daa2538,1,1,"['-41,42', '-28,26', '136,-149']",3,road,"[[0, 9, 0], [0, 0, 0], [0, 0, 0]]","[22.333333333333332, -27.0]",2.6360883603314003,1.897983619438608e+22
1477,0xf87e31492faf9a91b02ee0deaad50d51d56d5d4d,20757224382177246271265851053337860898796,5222000000000000000000,1645995643000,0xd958771b0a77e3d13cdcdd0ee4f0d03358e82be6,0,1,"['60,-20']",1,parcel,"[[8, 7, 0]]","[60.0, -20.0]",2.5770927592102004,1.3457578388595669e+22
1478,0xf87e31492faf9a91b02ee0deaad50d51d56d5d4d,18715530180651615490485603408747251630110,5980000000000000000000,1643938342000,0xb07e10db35ecc2fbc05a554f9878b6efbf1198ec,0,1,"['55,30']",1,parcel,"[[3, 4, 0]]","[55.0, 30.0]",2.6601644067675365,1.5907783152469868e+22
1479,0x959e104e1a4db6317fa58f8295f586e1a978c297,4692,13220000000000000000000,1645221683000,0x77101a0ef72ab4c6d95a2b64289e425df6e92d72,0,1,"['-40,-102', '-40,-103']",2,land,"[[0, 0, 0], [0, 0, 0]]","[-40.0, -102.5]",2.9895687131982625,3.952209838848103e+22
1480,0xf87e31492faf9a91b02ee0deaad50d51d56d5d4d,4763953136893138488487244504044754960282,6400000000000000000000,1644726180000,0x28f18d9ad8730e0de394e9b5c4dd8df178e73de4,2,1,"['13,-102', '13,-103']",2,road,"[[0, 0, 0], [0, 0, 0]]","[13.0, -102.5]",2.914828521931521,1.8654902540361735e+22
1481,0xf87e31492faf9a91b02ee0deaad50d51d56d5d4d,115792089237316195423570985008687907844082360758775225525946469607255387930770,4099000000000000000000,1641268234000,0xc630cdbeb417a64903b430e91d2c8e25a6db18c8,0,1,"['-27,146']",1,parcel,"[[6, 8, 0]]","[-27.0, 146.0]",3.2654965487737213,1.3385270353423485e+22
1482,0xf87e31492faf9a91b02ee0deaad50d51d56d5d4d,12250165209153784684681485867543655612352,6188000000000000000000,1643064741000,0x4feaab978709c8ff1330e5111d9162c90523d6ad,0,1,"['35,-64']",1,parcel,"[[0, 0, 0]]","[35.0, -64.0]",2.097272260649448,1.2977920748898784e+22
1483,0xf87e31492faf9a91b02ee0deaad50d51d56d5d4d,141,5080000000000000000000,1642218734000,0x11cf66fbf7632e4f137630a7f11915a33b03be13,1,3,"['0,141']",1,parcel,"[[1, 3, 0]]","[0.0, 141.0]",2.9626491224649576,1.5050257542121985e+22
1484,0xf87e31492faf9a91b02ee0deaad50d51d56d5d4d,115792089237316195423570985008687907852929702298719625575994209400481361428526,10800000000000000000000,1644990351000,0x8a87a8cadc45d10f224117a34a8d66b12c40ddd5,3,3,"['-1,46']",1,parcel,"[[0, 5, 0]]","[-1.0, 46.0]",3.3285386704573385,3.594821764093926e+22
1485,0xf87e31492faf9a91b02ee0deaad50d51d56d5d4d,13611294676837538538534984297270728458368,5700000000000000000000,1645529326000,0xf29c4a8775ae2e581dd18503cb12229a54f48285,2,3,"['40,128']",1,parcel,"[[4, 8, 0]]","[40.0, 128.0]",2.493529758005366,1.4213119620630587e+22
1486,0x959e104e1a4db6317fa58f8295f586e1a978c297,4548,30000000000000000000000,1643170744000,0xf0bf2535207174593fb23bfa98b000a72daa2538,0,1,"['-127,-27', '-127,-28', '-126,-27', '-126,-28', '-41,42', '-28,26', '136,-149']",7,road,"[[1, 7, 0], [0, 8, 0], [1, 7, 0], [0, 8, 0], [0, 9, 0], [0, 0, 0], [0, 0, 0]]","[-62.714285714285715, -27.285714285714285]",2.1260324733787064,6.378097420136119e+22
1487,0xf87e31492faf9a91b02ee0deaad50d51d56d5d4d,115792089237316195423570985008687907842721231291091471672092971177528315084697,6460000000000000000000,1643427038000,0x8567bc1940cf5e8b18bbcc3c27a6bd7619caf527,0,1,"['-32,-102', '-32,-103']",2,road,"[[0, 0, 0], [0, 0, 0]]","[-32.0, -102.5]",2.294435983046395,1.4822056450479712e+22
1488,0xf87e31492faf9a91b02ee0deaad50d51d56d5d4d,3402823669209384634633746074317682114626,5888000000000000000000,1642883175000,0x959e104e1a4db6317fa58f8295f586e1a978c297,0,1,[],0,,[],[0],2.0414460677600186,1.202003444697099e+22
1489,0xf87e31492faf9a91b02ee0deaad50d51d56d5d4d,50702072671219831056042816507333463506921,7000000000000000000000,1641833022000,0xe0bc856ee4d078d2cee7d2f5c4c0e1a6084c8c2c,0,1,"['148,-23']",1,parcel,"[[1, 0, 0]]","[148.0, -23.0]",2.832719320096719,1.982903524067703e+22
1490,0x959e104e1a4db6317fa58f8295f586e1a978c297,380,6997000000000000000000,1644227464000,0x49f33493fc3a774297db62c8432da2b9b81d2857,1,1,[],0,,[],[0],3.318725280995242,2.3221120791123707e+22
1491,0xf87e31492faf9a91b02ee0deaad50d51d56d5d4d,115792089237316195423570985008687907834894736851909887012435355206597646221210,4799000000000000000000,1641089400000,0x429ef57e8a683a08f2f13bcf1f9649732d573781,0,1,"['-55,-102']",1,parcel,"[[0, 0, 0]]","[-55.0, -102.0]",3.362912168662877,1.6138615497413148e+22
1492,0xf87e31492faf9a91b02ee0deaad50d51d56d5d4d,50021507937377954129116067292469927084010,4879000000000000000000,1642005622000,0x732c9ec7e8ec9f810397fc4d50da7475804d8810,2,2,"['146,-22']",1,parcel,"[[3, 0, 0]]","[146.0, -22.0]",3.10225498674441,1.5135902080325978e+22
1493,0xf87e31492faf9a91b02ee0deaad50d51d56d5d4d,115792089237316195423570985008687907814137512469732640741169504153259785322397,5040000000000000000000,1642813352000,0x678d837fa15eba2b59f6cd5f9f4c580ac2dfc269,1,2,"['-149,-124', '-149,-125', '-146,31', '-146,-124', '-135,-61', '-116,-99', '-110,20', '-95,-40', '-94,-39', '-94,-40', '-93,-95', '-78,-108', '-78,-112', '-70,-138', '-66,-108', '-56,4', '-54,-30', '-46,-130', '-43,6', '-42,-27', '-29,-46', '-25,-122', '-18,4', '-6,-62', '8,-142', '10,-110', '10,-111', '10,-116', '12,-48', '19,21', '21,9', '30,-138', '39,-118', '40,60', '41,123', '43,-80', '54,-20', '56,112', '59,31', '62,-137', '69,31', '86,-149', '106,-33', '111,-142', '119,-24', '120,-24', '124,-20', '126,-18', '129,-139', '137,-29', '142,49', '143,-14', '145,-21']",53,road,"[[0, 0, 0], [0, 0, 0], [1, 2, 0], [0, 0, 0], [0, 0, 0], [7, 0, 0], [3, 0, 0], [4, 0, 0], [5, 0, 0], [5, 0, 0], [0, 0, 0], [0, 0, 0], [0, 0, 0], [0, 0, 0], [7, 0, 0], [3, 0, 0], [2, 0, 0], [0, 0, 0], [0, 0, 0], [7, 0, 0], [3, 0, 0], [1, 0, 0], [0, 0, 8], [2, 0, 9], [0, 0, 8], [0, 0, 0], [1, 0, 0], [3, 0, 0], [1, 0, 0], [9, 0, 0], [7, 0, 0], [2, 0, 0], [0, 0, 0], [8, 4, 0], [5, 7, 0], [3, 0, 8], [2, 0, 0], [3, 5, 0], [7, 5, 0], [9, 0, 0], [0, 5, 0], [0, 0, 0], [4, 5, 0], [7, 3, 0], [0, 0, 0], [0, 0, 0], [0, 0, 0], [0, 0, 0], [0, 1, 0], [8, 9, 0], [7, 9, 0], [6, 0, 0], [4, 0, 0]]","[2.509433962264151, -52.113207547169814]",2.2301581473863834,1.1239997062827372e+22
1494,0xf87e31492faf9a91b02ee0deaad50d51d56d5d4d,12930729942995661611608235082407192035439,5276000000000000000000,1645675237000,0x442263699b80504904e2988aea80b20ff4c94857,1,2,"['38,111']",1,parcel,"[[2, 4, 0]]","[38.0, 111.0]",2.585236181947326,1.3639706095954092e+22
1495,0xf87e31492faf9a91b02ee0deaad50d51d56d5d4d,115792089237316195423570985008687907842040666557249594745166221962664778661931,6888000000000000000000,1641759629000,0xfaa0a435f969428ec8bf85ecca6f4f3ad8a687da,3,2,"['-33,43']",1,parcel,"[[0, 8, 0]]","[-33.0, 43.0]",2.955280483500563,2.0355971970351877e+22
1496,0xf87e31492faf9a91b02ee0deaad50d51d56d5d4d,115792089237316195423570985008687907809713841699760440716145634256646798573483,4943000000000000000000,1646228297000,0x692d466b1ef9226edae7e866ae9db167876bbc60,0,3,"['-129,-85']",1,parcel,"[[4, 0, 0]]","[-129.0, -85.0]",2.758728169682906,1.3636393342742605e+22
1497,0xf87e31492faf9a91b02ee0deaad50d51d56d5d4d,115792089237316195423570985008687907828429371880412056206631237665394050203687,5287000000000000000000,1641504716000,0x9f95b2569091122125f17ca8b8b79563a8e923b5,0,1,"['-73,40', '-73,39']",2,road,"[[9, 2, 0], [0, 2, 0]]","[-73.0, 39.5]",3.3829650695793463,1.7885736322866004e+22
1498,0xf87e31492faf9a91b02ee0deaad50d51d56d5d4d,50021507937377954129116067292469927084008,4288000000000000000000,1641648195000,0xae064428d9aeeb87fb1489360bbec12cb7ff77dd,0,1,"['140,-20', '144,-28', '146,-24']",3,road,"[[9, 0, 0], [5, 0, 0], [3, 0, 0]]","[143.33333333333334, -24.0]",2.954629844358916,1.2669452772611031e+22
1499,0x959e104e1a4db6317fa58f8295f586e1a978c297,2836,7100000000000000000000,1640967652000,0x4a1bf5d5f3a824c4353614369451d5233d4d6f06,4,2,"['-49,-58', '-49,-59', '-20,-30', '23,128', '24,129', '24,128', '54,31']",7,road,"[[0, 0, 2], [0, 0, 2], [0, 0, 0], [0, 0, 0], [0, 0, 0], [0, 0, 0], [2, 5, 0]]","[1.0, 38.42857142857143]",3.2837753609862053,2.3314805063002058e+22
1500,0xf87e31492faf9a91b02ee0deaad50d51d56d5d4d,115792089237316195423570985008687907844762925492617102452873218822118924353493,5149000000000000000000,1642107199000,0xef58262ea280500eb12e0ce24020850c162b0768,0,1,"['-26,-43']",1,parcel,"[[6, 0, 0]]","[-26.0, -43.0]",2.904286712625543,1.495417228330892e+22
1501,0xf87e31492faf9a91b02ee0deaad50d51d56d5d4d,115792089237316195423570985008687907843742078391854287062483094999823619719140,5879000000000000000000,1641928339000,0x959e104e1a4db6317fa58f8295f586e1a978c297,0,1,[],0,,[],[0],2.943249112150101,1.7303361530330444e+22
1502,0x959e104e1a4db6317fa58f8295f586e1a978c297,1737,19997000000000000000000,1645355267000,0xdb4f653ed97bc21fc3f4405f3a4d6f01e57a74b8,10,2,"['-33,-98', '45,114', '45,113', '46,114', '46,113']",5,land,"[[0, 0, 0], [9, 0, 0], [9, 0, 0], [0, 0, 0], [0, 0, 0]]","[29.8, 71.2]",2.910514160240482,5.820155166232891e+22
1503,0xf87e31492faf9a91b02ee0deaad50d51d56d5d4d,29264283555200707857850216239132066185196,7000000000000000000000,1642643717000,0xf78a3e891792a4184cb98e7f4acd08a59e1eb572,0,2,"['85,-20']",1,parcel,"[[8, 6, 0]]","[85.0, -20.0]",2.743729245505247,1.920610471853673e+22
1504,0xf87e31492faf9a91b02ee0deaad50d51d56d5d4d,115792089237316195423570985008687907848846313895668364014433714111300142891041,6249000000000000000000,1641451085000,0x801c3cca3b6c2de71c44d40814c2fc10dc21eb8e,0,1,"['-13,33']",1,parcel,"[[0, 0, 0]]","[-13.0, 33.0]",2.9390688380014987,1.8366241168671365e+22
1505,0x959e104e1a4db6317fa58f8295f586e1a978c297,4596,10000000000000000000000,1642373624000,0xf15d7066b78a4e969deefa1e4ca945212ddd3171,0,1,"['-75,-65', '-37,84', '-19,39', '-3,-53']",4,road,"[[1, 0, 3], [8, 9, 0], [0, 0, 0], [0, 0, 0]]","[-33.5, 1.25]",3.124674912948848,3.124674912948848e+22
1506,0xf87e31492faf9a91b02ee0deaad50d51d56d5d4d,115792089237316195423570985008687907811755535901286071496925881901237407842276,8000000000000000000000,1644092402000,0x3e8643959e7d3bff94ec825afa8862a9ef71f0b6,2,1,"['-123,-28']",1,parcel,"[[0, 8, 0]]","[-123.0, -28.0]",3.047315041602274,2.4378520332818193e+22
1507,0xf87e31492faf9a91b02ee0deaad50d51d56d5d4d,21778071482940061661655974875633165533183,11499000000000000000000,1643274016000,0xd9c4c7225b2dcabbb3629cc3faea4217e8d523fd,3,2,"['63,-1']",1,parcel,"[[0, 0, 8]]","[63.0, -1.0]",2.1741773039497394,2.5000864818118053e+22
1508,0xf87e31492faf9a91b02ee0deaad50d51d56d5d4d,115792089237316195423570985008687907808012429865155748398828761219487957516251,5995000000000000000000,1642501327000,0xd52e7e6cfc54dc437bf5a4535766e7516e0cea25,0,4,"['-134,-37']",1,parcel,"[[0, 0, 0]]","[-134.0, -37.0]",2.919809374476844,1.7504257199988682e+22
1509,0xf87e31492faf9a91b02ee0deaad50d51d56d5d4d,115792089237316195423570985008687907824005701110439856181607367768781063454630,4950000000000000000000,1643710233000,0x08675f6288d6ff0d0b1976e828c75799db9f97bf,0,3,"['-87,-90']",1,parcel,"[[0, 0, 0]]","[-87.0, -90.0]",2.838711845336331,1.4051623634414841e+22
1510,0x959e104e1a4db6317fa58f8295f586e1a978c297,4676,13888000000000000000000,1644515700000,0x6727264329bed399da35e458270b897261fe685c,0,1,"['54,32', '55,32']",2,land,"[[2, 6, 0], [3, 6, 0]]","[54.5, 32.0]",3.154267932934502,4.380647305259437e+22
1511,0xf87e31492faf9a91b02ee0deaad50d51d56d5d4d,25521177519070384759753095557382615859239,8500000000000000000000,1641344009000,0xc1bf62876b756a08a595c6546edfd71aaeebc880,6,2,"['75,39']",1,parcel,"[[0, 0, 0]]","[75.0, 39.0]",3.1944964852537963,2.715322012465727e+22
1512,0xf87e31492faf9a91b02ee0deaad50d51d56d5d4d,115792089237316195423570985008687907842040666557249594745166221962664778661879,6100000000000000000000,1643573082000,0x28fc4d5adc40fa57a324f4cfaac465e24ae3efba,0,3,"['-86,-110', '-73,41', '-34,-9', '-4,48', '22,-1', '25,128', '25,-83', '33,16']",8,road,"[[0, 0, 0], [8, 2, 0], [7, 0, 0], [1, 3, 0], [0, 0, 0], [0, 0, 0], [0, 0, 0], [0, 0, 0]]","[-11.5, 3.75]",2.5302591704510458,1.5434580939751379e+22
1513,0xf87e31492faf9a91b02ee0deaad50d51d56d5d4d,5784800237655953878877368326340059594632,6199000000000000000000,1644375520000,0xb97a686a04d585494f983ac47d8d564c5e9649c8,0,1,"['15,-119', '15,-120', '16,-120']",3,road,"[[0, 0, 0], [0, 0, 0], [0, 0, 0]]","[15.333333333333334, -119.66666666666667]",3.495626507486707,2.16693887199101e+22
1514,0xf87e31492faf9a91b02ee0deaad50d51d56d5d4d,45257554800484815640628822788425172123653,4998000000000000000000,1645988183000,0x7c76a58bf2e5c2141712b9ee314fc8bf7a7e90b4,0,2,"['133,5']",1,parcel,"[[4, 1, 0]]","[133.0, 5.0]",2.5770927592102004,1.2880309610532584e+22
1515,0xf87e31492faf9a91b02ee0deaad50d51d56d5d4d,5784800237655953878877368326340059594838,9999000000000000000000,1643827958000,0x56367d9e3b90285b628c7369aded31a63e78a35e,3,1,"['17,86']",1,parcel,"[[4, 0, 6]]","[17.0, 86.0]",2.559175162581649,2.5589192450653905e+22
1516,0x959e104e1a4db6317fa58f8295f586e1a978c297,4625,20600000000000000000000,1642989047000,0x819ad0210544cf2469ef0a4a8dfde849fcb373b7,1,1,"['-40,125', '-40,124', '-39,125', '-39,124']",4,land,"[[2, 4, 0], [2, 4, 0], [1, 3, 0], [1, 3, 0]]","[-39.5, 124.5]",2.1191673192784792,4.365484677713668e+22
1517,0xf87e31492faf9a91b02ee0deaad50d51d56d5d4d,115792089237316195423570985008687907838978125254961148573995850495778864758909,5489000000000000000000,1642708871000,0x34f9a3cc8406afc29620a0cc93f1d085158639ed,0,2,"['-42,125']",1,parcel,"[[0, 6, 0]]","[-42.0, 125.0]",2.6360883603314003,1.4469489009859056e+22
1518,0xf87e31492faf9a91b02ee0deaad50d51d56d5d4d,115792089237316195423570985008687907834554454484988948548971980599165878009729,5187000000000000000000,1643935424000,0x4512e481f8aa3063abb9884a340ab27e4976cdc0,0,2,"['-58,-129', '-56,-127', '-55,-128']",3,road,"[[0, 0, 0], [0, 0, 0], [0, 0, 0]]","[-56.333333333333336, -128.0]",2.6601644067675365,1.3798272777903212e+22
1519,0xf87e31492faf9a91b02ee0deaad50d51d56d5d4d,115792089237316195423570985008687907852929702298719625575994209400481361428420,6420000000000000000000,1644710449000,0x959e104e1a4db6317fa58f8295f586e1a978c297,0,1,[],0,,[],[0],2.914828521931521,1.8713199110800366e+22
1520,0x959e104e1a4db6317fa58f8295f586e1a978c297,1747,315000000000000000000000,1645212231000,0xf06d50b6b65096acb9424b1ed24a575dbc6bc58b,11,3,"['139,-113', '139,-114', '139,-115', '139,-116', '139,-117', '139,-118', '140,-113', '140,-114', '140,-115', '140,-116', '140,-117', '140,-118', '141,-113', '141,-114', '141,-115', '141,-116', '141,-117', '141,-118', '142,-113', '142,-114', '142,-115', '142,-116', '142,-117', '142,-118', '143,-113', '143,-114', '143,-115', '143,-116', '143,-117', '143,-118', '144,-113', '144,-114', '144,-115', '144,-116', '144,-117', '144,-118', '145,-113', '145,-114', '145,-115', '145,-116', '145,-117', '145,-118', '146,-113', '146,-114', '146,-115', '146,-116', '146,-117', '146,-118', '147,-113', '147,-114', '147,-115', '147,-116', '147,-117', '147,-118', '148,-113', '148,-114', '148,-115', '148,-116', '148,-117', '149,-113', '149,-114', '149,-115', '149,-116', '149,-117']",64,land,"[[0, 0, 0], [0, 0, 0], [0, 0, 0], [0, 0, 0], [0, 0, 0], [0, 0, 0], [9, 1, 0], [9, 1, 0], [9, 1, 0], [9, 1, 0], [9, 1, 0], [9, 1, 0], [8, 2, 0], [8, 2, 0], [8, 2, 0], [8, 2, 0], [8, 2, 0], [8, 2, 0], [7, 3, 0], [7, 3, 0], [7, 3, 0], [7, 3, 0], [7, 3, 0], [7, 3, 0], [6, 4, 0], [6, 4, 0], [6, 4, 0], [6, 4, 0], [6, 4, 0], [6, 4, 0], [5, 5, 0], [5, 5, 0], [5, 5, 0], [5, 5, 0], [5, 5, 0], [5, 5, 0], [4, 6, 0], [4, 6, 0], [4, 6, 0], [4, 6, 0], [4, 6, 0], [4, 6, 0], [3, 7, 0], [3, 7, 0], [3, 7, 0], [3, 7, 0], [3, 7, 0], [3, 7, 0], [2, 8, 0], [2, 8, 0], [2, 8, 0], [2, 8, 0], [2, 8, 0], [2, 8, 0], [1, 9, 0], [1, 9, 0], [1, 9, 0], [1, 9, 0], [1, 9, 0], [0, 0, 0], [0, 0, 0], [0, 0, 0], [0, 0, 0], [0, 0, 0]]","[143.859375, -115.421875]",2.9895687131982625,9.417141446574527e+23
1521,0xf87e31492faf9a91b02ee0deaad50d51d56d5d4d,340282366920938463463374607431768211597,5080000000000000000000,1642213443000,0x400cc92925c48a04d2e214a150440cd7e68805b1,0,1,"['-40,121', '1,141']",2,road,"[[2, 4, 0], [1, 3, 0]]","[-19.5, 131.0]",2.9626491224649576,1.5050257542121985e+22
1522,0xf87e31492faf9a91b02ee0deaad50d51d56d5d4d,115792089237316195423570985008687907832853042650384256231655107562007036952604,4800000000000000000000,1641268099000,0x1ba3db88c60c69ac1c0919fcc4f06f482f52fe14,2,2,"['-60,28']",1,parcel,"[[8, 9, 0]]","[-60.0, 28.0]",3.2654965487737213,1.5674383434113861e+22
1523,0x959e104e1a4db6317fa58f8295f586e1a978c297,1197,32000000000000000000000,1643168823000,0x3606998219113bc947b650e7af097b5aed0ef8ca,1,1,"['-51,94', '-51,93', '-50,94', '-50,93']",4,land,"[[0, 3, 0], [0, 3, 0], [1, 4, 0], [1, 4, 0]]","[-50.5, 93.5]",2.1260324733787064,6.8033039148118606e+22
1524,0xf87e31492faf9a91b02ee0deaad50d51d56d5d4d,115792089237316195423570985008687907835235019218830825475898729814029414432633,5800000000000000000000,1645527574000,0x2da9f22baf48b4b677c0f39a420b2681db94f6f9,0,4,"['-54,-135']",1,parcel,"[[0, 0, 0]]","[-54.0, -135.0]",2.493529758005366,1.4462472596431124e+22
1525,0x959e104e1a4db6317fa58f8295f586e1a978c297,4252,10000000000000000000000,1643060728000,0x31a9a5f275b7def9005b366befc864f289773ee9,2,2,"['-112,-32', '-49,134', '-49,133', '48,137', '136,50']",5,road,"[[0, 0, 0], [3, 0, 0], [2, 0, 0], [0, 0, 0], [6, 8, 0]]","[-5.2, 84.4]",2.097272260649448,2.097272260649448e+22
1526,0xf87e31492faf9a91b02ee0deaad50d51d56d5d4d,115792089237316195423570985008687907842721231291091471672092971177528315084698,6470000000000000000000,1643426933000,0x8567bc1940cf5e8b18bbcc3c27a6bd7619caf527,0,1,"['-32,-102', '-32,-103']",2,road,"[[0, 0, 0], [0, 0, 0]]","[-32.0, -102.5]",2.294435983046395,1.4845000810310176e+22
1527,0xf87e31492faf9a91b02ee0deaad50d51d56d5d4d,115792089237316195423570985008687907818561183239704840766193374049872772071332,4490000000000000000000,1641832986000,0xe832180699c39ea1bf5924bde675adb5d6df2263,6,4,"['-103,-92']",1,parcel,"[[0, 0, 0]]","[-103.0, -92.0]",2.832719320096719,1.2718909747234267e+22
1528,0x959e104e1a4db6317fa58f8295f586e1a978c297,2804,24000000000000000000000,1644973181000,0xae6869a774b00ba29794c8d4611295bb0d9c2bf2,11,1,"['59,-49', '60,-49']",2,land,"[[0, 0, 2], [0, 0, 2]]","[59.5, -49.0]",3.3285386704573385,7.988492809097613e+22
1529,0xf87e31492faf9a91b02ee0deaad50d51d56d5d4d,43215860598959184859848575143834562854931,5980000000000000000000,1644219933000,0x169e43d257ffcdb6526e74d02a86c7d4dab99ba4,1,2,"['127,19']",1,parcel,"[[0, 0, 0]]","[127.0, 19.0]",3.318725280995242,1.9845977180351544e+22
1530,0xf87e31492faf9a91b02ee0deaad50d51d56d5d4d,49681225570457015665652692685038158872552,4288000000000000000000,1641647372000,0xbc5c1b0e9f1ed719a2f234cdc33cd51758403eb7,1,1,"['145,-24']",1,parcel,"[[4, 0, 0]]","[145.0, -24.0]",2.954629844358916,1.2669452772611031e+22
1531,0xf87e31492faf9a91b02ee0deaad50d51d56d5d4d,115792089237316195423570985008687907839318407621882087037459225103210632970363,5199000000000000000000,1642881640000,0x153ddfd7c3ac1bb0d1e54bd7a8af403e8db732d3,0,1,"['-41,123']",1,parcel,"[[1, 5, 0]]","[-41.0, 123.0]",2.0414460677600186,1.0613478106284337e+22
1532,0xf87e31492faf9a91b02ee0deaad50d51d56d5d4d,3743106036130323098097120681749450325968,5146000000000000000000,1645671708000,0x5cbd390539caaa24152d62003de2522565470152,0,3,"['3,-25', '10,-48']",2,road,"[[0, 0, 0], [1, 0, 0]]","[6.5, -36.5]",2.585236181947326,1.330362539230094e+22
1533,0xf87e31492faf9a91b02ee0deaad50d51d56d5d4d,115792089237316195423570985008687907834894736851909887012435355206597646221278,4980000000000000000000,1646188858000,0xcbcd3a33a9a4e16f66516a54148aaace0138f139,2,1,"['-55,-34']",1,parcel,"[[3, 0, 0]]","[-55.0, -34.0]",2.8446006763798737,1.4166111368371772e+22
1534,0xf87e31492faf9a91b02ee0deaad50d51d56d5d4d,46618684268168569494482321218152244969323,5980000000000000000000,1642643493000,0xf0bf2535207174593fb23bfa98b000a72daa2538,0,1,"['-41,42', '-28,26', '136,-149']",3,road,"[[0, 9, 0], [0, 0, 0], [0, 0, 0]]","[22.333333333333332, -27.0]",2.743729245505247,1.6407500888121377e+22
1535,0xf87e31492faf9a91b02ee0deaad50d51d56d5d4d,115792089237316195423570985008687907834554454484988948548971980599165878009754,5099000000000000000000,1641088597000,0x821dd0b52aa9b60d1fe81eeca33076ad56550a9e,0,1,"['-56,-102']",1,parcel,"[[0, 0, 0]]","[-56.0, -102.0]",3.362912168662877,1.7147489148012012e+22
1536,0xf87e31492faf9a91b02ee0deaad50d51d56d5d4d,49340943203536077202189318077606390661096,4288000000000000000000,1641499800000,0xb38cba782b95e7add979373cb0adea8bb38ff483,0,1,"['144,-24']",1,parcel,"[[5, 0, 0]]","[144.0, -24.0]",3.3829650695793463,1.4506154218356237e+22
1537,0x959e104e1a4db6317fa58f8295f586e1a978c297,1158,7100000000000000000000,1640966858000,0xf179344bbec75ad4522bd6b2c780b2e13b3469a2,5,5,"['-107,20', '-106,20', '-33,145', '8,68', '8,18', '9,19', '39,72']",7,road,"[[4, 0, 0], [4, 0, 0], [5, 7, 0], [2, 0, 4], [6, 0, 8], [7, 0, 9], [0, 8, 0]]","[-26.0, 51.714285714285715]",3.2837753609862053,2.3314805063002058e+22
1538,0xf87e31492faf9a91b02ee0deaad50d51d56d5d4d,115792089237316195423570985008687907843401796024933348599019720392391851507684,5897000000000000000000,1641928305000,0x959e104e1a4db6317fa58f8295f586e1a978c297,0,1,[],0,,[],[0],2.943249112150101,1.7356340014349145e+22
1539,0xf87e31492faf9a91b02ee0deaad50d51d56d5d4d,9187623906865338513511114400657741709238,5188000000000000000000,1642101482000,0x52efdaa6d5f53c95fa7430641f4c51d78707f68c,0,2,"['26,-74']",1,parcel,"[[1, 0, 0]]","[26.0, -74.0]",2.904286712625543,1.5067439465101317e+22
1540,0xa8ee490e4c4da48cc1653502c1a77479d4d818de,1487,50000000000000000000,1643273160000,0x9a724820cabcc2c11efad0b8226654d0e89787d2,0,1,[],0,,[],[0],2.1741773039497394,1.0870886519748696e+20
1541,0xf87e31492faf9a91b02ee0deaad50d51d56d5d4d,115792089237316195423570985008687907831151630815779563914338234524848195895405,5555000000000000000000,1642810770000,0x26e170ad51c973abe406118bf6da127d0082d6e7,0,1,"['-65,109', '-65,108']",2,road,"[[5, 7, 0], [6, 6, 0]]","[-65.0, 108.5]",2.2301581473863834,1.238852850873136e+22
1542,0xf87e31492faf9a91b02ee0deaad50d51d56d5d4d,115792089237316195423570985008687907843742078391854287062483094999823619719314,4089000000000000000000,1641335850000,0xd94a7c3d987803ba0c154a4ba5fe855631d5ec6c,0,3,"['-28,146']",1,parcel,"[[6, 8, 0]]","[-28.0, 146.0]",3.1944964852537963,1.3062296128202771e+22
1543,0xf64dc33a192e056bb5f0e5049356a0498b502d50,1342,20000000000000000000,1642370014000,0xb3a8feb030d2ea5ef6e4a8e3bc6f4ca8cc0527e8,0,1,[],0,,[],[0],3.124674912948848,6.249349825897696e+19
1544,0xf87e31492faf9a91b02ee0deaad50d51d56d5d4d,115792089237316195423570985008687907835235019218830825475898729814029414432776,5850000000000000000000,1644505901000,0x6e97689ee9c895c2c010b2d0a230fc4ce071aede,0,2,"['-53,8']",1,parcel,"[[1, 3, 0]]","[-53.0, 8.0]",3.154267932934502,1.8452467407666836e+22
1545,0xf87e31492faf9a91b02ee0deaad50d51d56d5d4d,9527906273786276976974489008089509920654,22000000000000000000000,1641758989000,0xfd15d4902032b96caaac6431d36a202b6f276589,2,1,"['27,-114']",1,parcel,"[[0, 0, 0]]","[27.0, -114.0]",2.955280483500563,6.501617063701238e+22
1546,0xf87e31492faf9a91b02ee0deaad50d51d56d5d4d,115792089237316195423570985008687907828429371880412056206631237665394050203689,5980000000000000000000,1644091124000,0x28fc4d5adc40fa57a324f4cfaac465e24ae3efba,0,1,"['-86,-110', '-73,41', '-34,-9', '-4,48', '22,-1', '25,128', '25,-83', '33,16']",8,road,"[[0, 0, 0], [8, 2, 0], [7, 0, 0], [1, 3, 0], [0, 0, 0], [0, 0, 0], [0, 0, 0], [0, 0, 0]]","[-11.5, 3.75]",3.047315041602274,1.8222943948781597e+22
1547,0xf87e31492faf9a91b02ee0deaad50d51d56d5d4d,115792089237316195423570985008687907822644571642756102327753869339053990608822,4700000000000000000000,1641448523000,0x5ce213893956bbf4249a7f8a079331280065eec6,2,3,"['-108,-62', '-91,-74', '-85,-35', '-38,98', '4,-69', '8,-94', '11,61', '12,-94', '40,-61', '56,111']",10,road,"[[1, 0, 0], [4, 0, 0], [1, 0, 0], [0, 2, 0], [0, 0, 2], [0, 0, 2], [0, 0, 0], [0, 0, 2], [5, 0, 0], [3, 5, 0]]","[-19.1, -21.9]",2.9390688380014987,1.3813623538607043e+22
1548,0xf87e31492faf9a91b02ee0deaad50d51d56d5d4d,115792089237316195423570985008687907844422643125696163989409844214687156142035,5098000000000000000000,1642495764000,0x80221341d27d215f58ab67ed6cd8ffa019951ce7,0,1,"['-27,-45']",1,parcel,"[[4, 0, 0]]","[-27.0, -45.0]",2.919809374476844,1.4885188191082949e+22
1549,0x959e104e1a4db6317fa58f8295f586e1a978c297,3415,79500000000000000000000,1641998124000,0xf142d7baff0986b50ae24e694419c65e7091f52c,1,2,"['-48,5', '-48,4', '-47,5', '-47,4']",4,land,"[[0, 7, 0], [1, 7, 0], [0, 8, 0], [1, 8, 0]]","[-47.5, 4.5]",3.10225498674441,2.4662927144618062e+23
1550,0xf87e31492faf9a91b02ee0deaad50d51d56d5d4d,12930729942995661611608235082407192035338,5797000000000000000000,1643573011000,0x959e104e1a4db6317fa58f8295f586e1a978c297,0,1,[],0,,[],[0],2.5302591704510458,1.4667912411104712e+22
1551,0xf87e31492faf9a91b02ee0deaad50d51d56d5d4d,115792089237316195423570985008687907840339254722644902427849348925505937604605,5699000000000000000000,1645348206000,0x8220b6d553829db3202183b34885a19ac78b438c,1,3,"['-39,-3', '18,-128']",2,road,"[[1, 0, 0], [0, 0, 3]]","[-10.5, -65.5]",2.910514160240482,1.6587020199210506e+22
1552,0xf87e31492faf9a91b02ee0deaad50d51d56d5d4d,115792089237316195423570985008687907842040666557249594745166221962664778661787,5850000000000000000000,1643709590000,0x6965e11b5b9bee8cfc62109a6ce38b9f41c3e0cb,0,1,"['-34,-101']",1,parcel,"[[0, 0, 0]]","[-34.0, -101.0]",2.838711845336331,1.6606464295217536e+22
1553,0xf87e31492faf9a91b02ee0deaad50d51d56d5d4d,115792089237316195423570985008687907835235019218830825475898729814029414432776,4800000000000000000000,1644368735000,0x6e97689ee9c895c2c010b2d0a230fc4ce071aede,0,2,"['-53,8']",1,parcel,"[[1, 3, 0]]","[-53.0, 8.0]",3.495626507486707,1.6779007235936194e+22
1554,0xf87e31492faf9a91b02ee0deaad50d51d56d5d4d,115792089237316195423570985008687907844422643125696163989409844214687156142037,5800000000000000000000,1645984002000,0xff8da23b3871e9ad71f27ea413bf69fab8cc2c09,2,2,"['-27,-43']",1,parcel,"[[6, 0, 0]]","[-27.0, -43.0]",2.5770927592102004,1.4947138003419162e+22
1555,0xf87e31492faf9a91b02ee0deaad50d51d56d5d4d,115792089237316195423570985008687907808012429865155748398828761219487957516252,6430000000000000000000,1642706459000,0xcdcfcf8c2cac15cd6f64fdddbd1297eaef2a48ec,0,1,"['-134,-36']",1,parcel,"[[0, 0, 0]]","[-134.0, -36.0]",2.6360883603314003,1.6950048156930904e+22
1556,0xf87e31492faf9a91b02ee0deaad50d51d56d5d4d,115792089237316195423570985008687907844082360758775225525946469607255387930648,6000000000000000000000,1642983251000,0x5fd6b445a75bfabd0b45d1b55b6709a81578fc88,0,1,"['-27,24']",1,parcel,"[[1, 0, 0]]","[-27.0, 24.0]",2.1191673192784792,1.2715003915670875e+22
1557,0xf87e31492faf9a91b02ee0deaad50d51d56d5d4d,115792089237316195423570985008687907816519489038179209985413126405282162802625,5988000000000000000000,1643816278000,0xdf9460eb19b8094cf3c2ff0a4c22e14caac0dd9b,7,2,"['-109,-63']",1,parcel,"[[0, 0, 0]]","[-109.0, -63.0]",2.559175162581649,1.5324340873538912e+22
1558,0xf87e31492faf9a91b02ee0deaad50d51d56d5d4d,115792089237316195423570985008687907819241747973546717693120123264736308494288,6050000000000000000000,1645210513000,0xb6a447bf8c526bfbe4bcd9b4b3b540fe659875d4,0,1,"['-101,-48']",1,parcel,"[[0, 0, 0]]","[-101.0, -48.0]",2.9895687131982625,1.8086890714849486e+22
1559,0xf87e31492faf9a91b02ee0deaad50d51d56d5d4d,18375247813730677027022228801315483418654,5980000000000000000000,1643929930000,0xf7174bd56541305b18222e88c1f3ab82776993a7,0,1,"['54,30']",1,parcel,"[[2, 4, 0]]","[54.0, 30.0]",2.6601644067675365,1.5907783152469868e+22
1560,0xf87e31492faf9a91b02ee0deaad50d51d56d5d4d,14632141777600353928925108119566033092526,5169000000000000000000,1644701659000,0x6de77de0febdc1bc27f6c234854ce84395cda1e7,0,1,"['41,-82', '42,-82']",2,road,"[[1, 0, 0], [1, 0, 0]]","[41.5, -82.0]",2.914828521931521,1.5066748629864031e+22
1561,0xf87e31492faf9a91b02ee0deaad50d51d56d5d4d,340282366920938463463374607431768211596,5080000000000000000000,1642196586000,0x7fa440f31183deff6d935906b9c905458a4412fc,0,2,"['1,140']",1,parcel,"[[0, 2, 0]]","[1.0, 140.0]",2.9626491224649576,1.5050257542121985e+22
1562,0xf87e31492faf9a91b02ee0deaad50d51d56d5d4d,115792089237316195423570985008687907828089089513491117743167863057962281992221,7399000000000000000000,1641249777000,0x8918bccdcce3b27ff69c1b8168e7cfccdc8a7e91,1,1,"['-74,29']",1,parcel,"[[0, 0, 0]]","[-74.0, 29.0]",3.2654965487737213,2.4161408964376765e+22
1563,0x959e104e1a4db6317fa58f8295f586e1a978c297,956,16000000000000000000000,1644219671000,0xf179344bbec75ad4522bd6b2c780b2e13b3469a2,2,1,"['-107,20', '-106,20', '-33,145', '8,68', '8,18', '9,19', '39,72']",7,road,"[[4, 0, 0], [4, 0, 0], [5, 7, 0], [2, 0, 4], [6, 0, 8], [7, 0, 9], [0, 8, 0]]","[-26.0, 51.714285714285715]",3.318725280995242,5.3099604495923874e+22
1564,0xf87e31492faf9a91b02ee0deaad50d51d56d5d4d,39813036929749800225214829069516880740336,5479000000000000000000,1643153893000,0xcd15ee92a61de149ab0ae33ff125ad818e07115e,0,2,"['116,-16']",1,parcel,"[[0, 0, 0]]","[116.0, -16.0]",2.1260324733787064,1.1648531921641933e+22
1565,0xf87e31492faf9a91b02ee0deaad50d51d56d5d4d,3743106036130323098097120681749450325921,11222000000000000000000,1644963390000,0x35070ecba2b7bc7fd51a66fee96a83f958ed6144,2,1,"['10,-95']",1,parcel,"[[0, 0, 3]]","[10.0, -95.0]",3.3285386704573385,3.7352860959872255e+22
1566,0xf87e31492faf9a91b02ee0deaad50d51d56d5d4d,10208471007628153903901238222953046343605,6250000000000000000000,1643059404000,0x308ee9921f463649223852b56ec83530bf3177e9,0,2,"['28,-75', '29,-75']",2,road,"[[0, 0, 0], [0, 0, 0]]","[28.5, -75.0]",2.097272260649448,1.310795162905905e+22
1567,0x959e104e1a4db6317fa58f8295f586e1a978c297,1304,69000000000000000000000,1641641438000,0x4c1f9ea2581f08551332ef52f0ff131a661e0946,9,1,"['-73,-105', '40,49', '40,48', '40,47', '41,49', '41,48', '41,47', '42,49', '42,48', '42,47', '43,49', '43,48', '43,47', '58,-20', '60,-17', '60,-19']",16,road,"[[0, 0, 0], [0, 2, 0], [1, 3, 0], [2, 4, 0], [0, 2, 0], [1, 3, 0], [2, 4, 0], [0, 2, 9], [1, 3, 9], [2, 4, 9], [0, 2, 8], [1, 3, 8], [2, 4, 8], [6, 9, 0], [8, 7, 0], [8, 7, 0]]","[37.6875, 25.9375]",3.080049033207626,2.1252338329132618e+23
1568,0xf87e31492faf9a91b02ee0deaad50d51d56d5d4d,4423670769972200025023869896612986748887,5279000000000000000000,1643405657000,0xbed316d8e450001b9c06c403c695d94529e5c702,0,1,"['12,-41', '39,108']",2,road,"[[8, 0, 0], [3, 5, 0]]","[25.5, 33.5]",2.294435983046395,1.211232755450192e+22
1569,0x959e104e1a4db6317fa58f8295f586e1a978c297,882,11199000000000000000000,1641828293000,0xaef759256368ff208008f85d88c6ea0350ab11c0,1,2,"['37,121', '38,121']",2,land,"[[1, 3, 0], [2, 4, 0]]","[37.5, 121.0]",2.832719320096719,3.1723623665763155e+22
1570,0x959e104e1a4db6317fa58f8295f586e1a978c297,3519,29500000000000000000000,1640966730000,0x8673cd6cb22b8b7b843f029f3b401c51701985a0,5,3,"['35,-68', '35,-69', '35,-70', '36,-68', '36,-69', '36,-70', '37,-68', '37,-69', '37,-70']",9,land,"[[0, 0, 0], [0, 0, 0], [0, 0, 0], [1, 0, 0], [1, 0, 0], [1, 0, 0], [2, 0, 0], [2, 0, 0], [2, 0, 0]]","[36.0, -69.0]",3.2837753609862053,9.687137314909305e+22
1571,0xf87e31492faf9a91b02ee0deaad50d51d56d5d4d,19055812547572553953948978016179019841535,18000000000000000000000,1642872121000,0xd2e2432d838e912bc71716a48e9851fcf4bcf4f1,6,2,"['-24,1', '55,-1']",2,road,"[[0, 0, 0], [0, 0, 0]]","[15.5, 0.0]",2.0414460677600186,3.6746029219680335e+22
1572,0x959e104e1a4db6317fa58f8295f586e1a978c297,3535,15000000000000000000,1641088013000,0x8dbfbd35f8bc9622ef907c372f4d91188d4de8b3,7,5,"['35,-71', '35,-72', '35,-73', '35,-74', '35,-75', '36,-71', '36,-72', '36,-73', '36,-74', '36,-75', '37,-71', '37,-72', '37,-73', '37,-74', '37,-75']",15,land,"[[0, 0, 0], [0, 0, 0], [0, 0, 0], [0, 0, 0], [0, 0, 0], [1, 0, 0], [1, 0, 0], [1, 0, 0], [1, 0, 0], [1, 0, 0], [2, 0, 0], [2, 0, 0], [2, 0, 0], [2, 0, 0], [2, 0, 0]]","[36.0, -73.0]",3.362912168662877,5.044368252994316e+19
1573,0xf87e31492faf9a91b02ee0deaad50d51d56d5d4d,18715530180651615490485603408747251630001,4999000000000000000000,1643264950000,0x1d219f5bfb7361f641d3f5870b02b53abf7badb6,0,2,"['54,-79']",1,parcel,"[[5, 0, 7]]","[54.0, -79.0]",2.1741773039497394,1.0868712342444749e+22
1574,0xf87e31492faf9a91b02ee0deaad50d51d56d5d4d,115792089237316195423570985008687907828089089513491117743167863057962281992143,6300000000000000000000,1641923924000,0x5d176ee615edf39c3c4a4616f953c49241ce8587,1,1,"['-75,-49', '58,47']",2,road,"[[1, 0, 3], [2, 1, 4]]","[-8.5, -1.0]",2.943249112150101,1.8542469406545636e+22
1575,0xf87e31492faf9a91b02ee0deaad50d51d56d5d4d,115792089237316195423570985008687907804609606195946363764195015145170275401606,4870000000000000000000,1646185783000,0x0b41b33048aef20d978cd1fb587157fcdd4df1a1,4,5,"['-145,-122', '-144,-122']",2,road,"[[0, 0, 0], [0, 0, 0]]","[-144.5, -122.0]",2.8446006763798737,1.3853205293969986e+22
1576,0xf87e31492faf9a91b02ee0deaad50d51d56d5d4d,20076659648335369344339101838474324475939,5490000000000000000000,1645663266000,0xabd68fb82251eac9d38bdbd18f54c9c6343eda6d,0,1,"['59,35']",1,parcel,"[[7, 3, 0]]","[59.0, 35.0]",2.585236181947326,1.419294663889082e+22
1577,0xf87e31492faf9a91b02ee0deaad50d51d56d5d4d,115792089237316195423570985008687907827748807146570179279704488450530513780772,5287000000000000000000,1641498991000,0x537801bb3dd94171eef36cd7aed6d586b934ec94,6,4,"['-75,36']",1,parcel,"[[0, 2, 0]]","[-75.0, 36.0]",3.3829650695793463,1.7885736322866004e+22
1578,0xf87e31492faf9a91b02ee0deaad50d51d56d5d4d,25861459885991323223216470164814384070684,9974000000000000000000,1642801479000,0xfaf663873e0dafcbc6f773e90d9674d83e725779,1,1,"['76,29', '76,28']",2,road,"[[0, 3, 0], [0, 2, 0]]","[76.0, 28.5]",2.2301581473863834,2.224359736203179e+22
1579,0xf87e31492faf9a91b02ee0deaad50d51d56d5d4d,13951577043758477001998358904702496669586,5777000000000000000000,1642098424000,0x27b507cf13cddfc2eb8576da8464e66f42c399e7,1,2,"['40,-110']",1,parcel,"[[1, 0, 0]]","[40.0, -110.0]",2.904286712625543,1.677806433883776e+22
1580,0xf87e31492faf9a91b02ee0deaad50d51d56d5d4d,115792089237316195423570985008687907826727960045807363889314364628235209146351,4900000000000000000000,1642366363000,0x4f3907a77985c754b53a54f98905fd8f5da1e57c,0,3,"['-79,-17']",1,parcel,"[[4, 8, 6]]","[-79.0, -17.0]",3.124674912948848,1.5310907073449354e+22
1581,0xf87e31492faf9a91b02ee0deaad50d51d56d5d4d,15652988878363169319315231941861337726963,5500000000000000000000,1642638354000,0xaafcf38dfdf5f0ebaa537b582e4ca4a9883fe8dc,0,1,"['45,-13']",1,parcel,"[[4, 0, 0]]","[45.0, -13.0]",2.743729245505247,1.5090510850278858e+22
1582,0xf87e31492faf9a91b02ee0deaad50d51d56d5d4d,19055812547572553953948978016179019841566,5980000000000000000000,1644080589000,0x8850a09ce159c7012e0ce111182e0fc73bcc3102,0,1,"['56,30']",1,parcel,"[[4, 4, 0]]","[56.0, 30.0]",3.047315041602274,1.8222943948781597e+22
1583,0x959e104e1a4db6317fa58f8295f586e1a978c297,4681,15000000000000000000000,1644503307000,0x6c9e1c24c316c375cdc6ed70eae17dbcf5fc42d6,1,1,"['-2,-61', '-1,-61']",2,land,"[[0, 0, 0], [0, 0, 0]]","[-1.5, -61.0]",3.154267932934502,4.731401899401753e+22
1584,0xf87e31492faf9a91b02ee0deaad50d51d56d5d4d,12930729942995661611608235082407192035267,5169000000000000000000,1645347349000,0x7f666675b449d1af42620df9e7c7f8caad0d7cd1,0,1,"['37,-61']",1,parcel,"[[2, 0, 0]]","[37.0, -61.0]",2.910514160240482,1.504444769428305e+22
1585,0xf87e31492faf9a91b02ee0deaad50d51d56d5d4d,115792089237316195423570985008687907813116665368969825350779380330964480688072,5894000000000000000000,1642465156000,0x345cfcf080bdf46c5f6c453a5fec484fbe046cfe,0,1,"['-120,-56', '-119,-56']",2,road,"[[0, 0, 0], [0, 0, 0]]","[-119.5, -56.0]",2.919809374476844,1.720935645316652e+22
1586,0xf87e31492faf9a91b02ee0deaad50d51d56d5d4d,6465364971497830805804117541203596017581,7400000000000000000000,1643568957000,0xc2be5c1863688a8453bf79134adf3c7e9dfe28cc,0,1,"['18,-83', '18,-84']",2,road,"[[0, 0, 7], [0, 0, 7]]","[18.0, -83.5]",2.5302591704510458,1.8723917861337738e+22
1587,0xf87e31492faf9a91b02ee0deaad50d51d56d5d4d,115792089237316195423570985008687907853269984665640564039457584007913129639801,8888000000000000000000,1641334547000,0xbb5bf95a3ab59277fc8de4c8a90273bffe542019,3,3,"['-2,-135', '-1,-135', '31,-18', '34,-26']",4,road,"[[0, 0, 0], [0, 0, 0], [0, 0, 0], [0, 0, 0]]","[15.5, -78.5]",3.1944964852537963,2.839268476093574e+22
1588,0xf87e31492faf9a91b02ee0deaad50d51d56d5d4d,115792089237316195423570985008687907834214172118068010085508605991734109798261,4899000000000000000000,1641996131000,0x5185118ae86589dd8d90f6e3003fce75f2042727,1,4,"['-57,-139']",1,parcel,"[[0, 0, 0]]","[-57.0, -139.0]",3.10225498674441,1.5197947180060865e+22
1589,0x959e104e1a4db6317fa58f8295f586e1a978c297,3834,8050000000000000000000,1645527259000,0x534a0b86494a8a10bb9ec50eb2d37fef30095f79,3,4,"['-75,-69', '-48,67', '-26,-100', '-1,15', '5,-68', '9,-94', '10,-94', '12,-95', '16,86']",9,road,"[[1, 0, 3], [1, 4, 3], [0, 0, 0], [0, 0, 5], [0, 0, 3], [0, 0, 2], [0, 0, 2], [0, 0, 3], [3, 0, 5]]","[-10.88888888888889, -39.111111111111114]",2.493529758005366,2.0072914551943197e+22
1590,0xf87e31492faf9a91b02ee0deaad50d51d56d5d4d,115792089237316195423570985008687907836936431053435517793215602851188255490115,9600000000000000000000,1643709193000,0x534a0b86494a8a10bb9ec50eb2d37fef30095f79,6,2,"['-75,-69', '-48,67', '-26,-100', '-1,15', '5,-68', '9,-94', '10,-94', '12,-95', '16,86']",9,road,"[[1, 0, 3], [1, 4, 3], [0, 0, 0], [0, 0, 5], [0, 0, 3], [0, 0, 2], [0, 0, 2], [0, 0, 3], [3, 0, 5]]","[-10.88888888888889, -39.111111111111114]",2.838711845336331,2.725163371522878e+22
1591,0xf87e31492faf9a91b02ee0deaad50d51d56d5d4d,3062541302288446171170371466885913903246,4995000000000000000000,1641444404000,0xba2d1c4a6df9cd0ee0e0c23130e68d237b7b48cb,0,1,"['9,142']",1,parcel,"[[2, 8, 0]]","[9.0, 142.0]",2.9390688380014987,1.4680648845817486e+22
1592,0xf87e31492faf9a91b02ee0deaad50d51d56d5d4d,115792089237316195423570985008687907820943159808151410010436996301895149551595,11000000000000000000000,1641758129000,0x1156bf625b37623a86d004e66e0a01ec4b17e051,4,2,"['-96,-21', '-96,-22', '-95,-21']",3,road,"[[0, 1, 0], [1, 2, 0], [0, 1, 0]]","[-95.66666666666667, -21.333333333333332]",2.955280483500563,3.250808531850619e+22
1593,0xf87e31492faf9a91b02ee0deaad50d51d56d5d4d,12930729942995661611608235082407192035320,5275000000000000000000,1645979149000,0xfdfca464a5765aee60c2fb95947a49d07e3e0f05,1,2,"['37,-8']",1,parcel,"[[6, 0, 0]]","[37.0, -8.0]",2.5770927592102004,1.3594164304833807e+22
1594,0xf87e31492faf9a91b02ee0deaad50d51d56d5d4d,6465364971497830805804117541203596017528,5678000000000000000000,1644367540000,0x4ff5a901213714ec05547c1b66d44b1ec66311a0,1,2,"['18,-136']",1,parcel,"[[0, 0, 2]]","[18.0, -136.0]",3.495626507486707,1.9848167309509522e+22
1595,0xf87e31492faf9a91b02ee0deaad50d51d56d5d4d,115792089237316195423570985008687907814477794836653579204632878760691553533852,4999000000000000000000,1642702742000,0x8e66691515badbaca6ee686d74c8ef29e1afe57f,4,2,"['-115,-100']",1,parcel,"[[8, 0, 0]]","[-115.0, -100.0]",2.6360883603314003,1.317780571329667e+22
1596,0x959e104e1a4db6317fa58f8295f586e1a978c297,1203,65000000000000000000000,1643810700000,0xe6188bcf568005b4a2d6bd70ce6b538af9b072a3,1,1,"['-38,-98', '-38,-99', '-38,-100', '-38,-101', '-38,-102', '-37,-98', '-37,-99', '-37,-100', '-37,-101', '-37,-102']",10,land,"[[0, 0, 0], [0, 0, 0], [0, 0, 0], [0, 0, 0], [0, 0, 0], [0, 0, 0], [0, 0, 0], [0, 0, 0], [0, 0, 0], [0, 0, 0]]","[-37.5, -100.0]",2.559175162581649,1.6634638556780717e+23
1597,0xf87e31492faf9a91b02ee0deaad50d51d56d5d4d,115792089237316195423570985008687907849526878629510240941360463326163679313846,14888000000000000000000,1642981094000,0xcdd598d1588503e1609ae1e50cdb74473ffb0090,1,1,"['-12,-73', '-12,-74']",2,road,"[[0, 0, 2], [0, 0, 2]]","[-12.0, -73.5]",2.1191673192784792,3.1550163049417997e+22
1598,0x959e104e1a4db6317fa58f8295f586e1a978c297,4613,74999000000000000000000,1643925603000,0xcd3ab8efab7dabe91a643e78d18da62f3a99e184,4,1,"['27,-121', '27,-122', '27,-123', '28,-121', '28,-122', '28,-123', '29,-121', '29,-122', '29,-123', '30,-121', '30,-122', '30,-123']",12,land,"[[2, 0, 0], [1, 0, 0], [0, 0, 0], [2, 0, 0], [1, 0, 0], [0, 0, 0], [2, 0, 0], [1, 0, 0], [1, 0, 0], [2, 0, 0], [2, 0, 0], [2, 0, 0]]","[28.5, -122.0]",2.6601644067675365,1.9950967034315846e+23
1599,0xf87e31492faf9a91b02ee0deaad50d51d56d5d4d,14291859410679415465461733512134264881070,5150000000000000000000,1644700577000,0x6de77de0febdc1bc27f6c234854ce84395cda1e7,0,1,"['41,-82', '42,-82']",2,road,"[[1, 0, 0], [1, 0, 0]]","[41.5, -82.0]",2.914828521931521,1.5011366887947336e+22
1600,0xf87e31492faf9a91b02ee0deaad50d51d56d5d4d,140,5080000000000000000000,1642196483000,0x11b732a046a0a668a0e11321e4617ff579bc19b2,0,2,"['0,140']",1,parcel,"[[0, 2, 0]]","[0.0, 140.0]",2.9626491224649576,1.5050257542121985e+22
1601,0xf87e31492faf9a91b02ee0deaad50d51d56d5d4d,20757224382177246271265851053337860898800,5144000000000000000000,1645204717000,0x32bc4baba7fb8f2c86651ba23859c442f54d9640,0,1,"['60,-16']",1,parcel,"[[8, 7, 0]]","[60.0, -16.0]",2.9895687131982625,1.5378341460691862e+22
1602,0x959e104e1a4db6317fa58f8295f586e1a978c297,4592,8888000000000000000000,1641235787000,0x819d121be9698e3a8a3565a98964fb8d1d5d8fec,1,1,"['124,-35', '125,-35']",2,land,"[[2, 3, 0], [2, 3, 0]]","[124.5, -35.0]",3.2654965487737213,2.9023733325500833e+22
1603,0xf87e31492faf9a91b02ee0deaad50d51d56d5d4d,115792089237316195423570985008687907842380948924170533208629596570096546873240,5950000000000000000000,1643055299000,0x390dbcb859951f159290a7d3b9d07d2c8f7d674d,0,1,"['-33,-104', '9,140']",2,road,"[[0, 0, 0], [0, 7, 0]]","[-12.0, 18.0]",2.097272260649448,1.2478769950864217e+22
1604,0xf87e31492faf9a91b02ee0deaad50d51d56d5d4d,7826494439181584659657615970930668863443,5283000000000000000000,1644958492000,0x80b82daf9fee4ff667a3b3a429cc545b13b45213,0,1,"['-60,-13', '-57,149', '-42,85', '22,-45', '41,74']",5,road,"[[8, 3, 0], [0, 0, 0], [7, 4, 0], [1, 0, 0], [8, 0, 0]]","[-19.2, 50.0]",3.3285386704573385,1.758466979602612e+22
1605,0xf87e31492faf9a91b02ee0deaad50d51d56d5d4d,2041694201525630780780247644590609268799,6000000000000000000000,1643151093000,0x6b8fa1d9bcadabc9dabe61371b05d035b0e0a3d0,2,1,"['6,63']",1,parcel,"[[0, 0, 0]]","[6.0, 63.0]",2.1260324733787064,1.2756194840272238e+22
1606,0xf87e31492faf9a91b02ee0deaad50d51d56d5d4d,115792089237316195423570985008687907807331865131313871471902012004624421093253,4799000000000000000000,1644214299000,0xf68709674fc27cd7d793c1fee025b7a178a773f0,2,1,"['-136,-123']",1,parcel,"[[0, 0, 0]]","[-136.0, -123.0]",3.318725280995242,1.5926562623496166e+22
1607,0xf87e31492faf9a91b02ee0deaad50d51d56d5d4d,3062541302288446171170371466885913903167,5287000000000000000000,1641630808000,0xfd1a6f36fbe0a186504a3e359f7ea42a6b6fccf4,0,1,"['9,63']",1,parcel,"[[0, 0, 0]]","[9.0, 63.0]",3.080049033207626,1.628421923856872e+22
1608,0xf87e31492faf9a91b02ee0deaad50d51d56d5d4d,9868188640707215440437863615521278132228,5969000000000000000000,1642870935000,0xa30a978633fb95150f364623829fd881da0f3890,1,1,"['-30,-52', '29,4']",2,road,"[[0, 0, 0], [2, 0, 0]]","[-0.5, -24.0]",2.0414460677600186,1.218539157845955e+22
1609,0xf87e31492faf9a91b02ee0deaad50d51d56d5d4d,115792089237316195423570985008687907833873889751147071622045231384302341586815,4850000000000000000000,1643402131000,0x4512e481f8aa3063abb9884a340ab27e4976cdc0,0,4,"['-58,-129', '-56,-127', '-55,-128']",3,road,"[[0, 0, 0], [0, 0, 0], [0, 0, 0]]","[-56.333333333333336, -128.0]",2.294435983046395,1.1128014517775014e+22
1610,0x959e104e1a4db6317fa58f8295f586e1a978c297,2745,12000000000000000000000,1640966373000,0xfc0f5ef42c41a66756a0d4c5809fafa21bfd3919,3,4,"['26,-143', '26,-144', '27,-143', '27,-144']",4,land,"[[1, 0, 0], [2, 0, 0], [1, 0, 0], [2, 0, 0]]","[26.5, -143.5]",3.2837753609862053,3.940530433183446e+22
1611,0xf87e31492faf9a91b02ee0deaad50d51d56d5d4d,115792089237316195423570985008687907828089089513491117743167863057962281992080,3999000000000000000000,1641086444000,0xe05de1d5407290ab9edcdfeca2d8001653eb384f,0,3,"['-75,-112', '120,-18']",2,road,"[[0, 0, 0], [0, 0, 0]]","[22.5, -65.0]",3.362912168662877,1.3448285762482847e+22
1612,0xf87e31492faf9a91b02ee0deaad50d51d56d5d4d,25861459885991323223216470164814384070685,8774000000000000000000,1642801466000,0xfaf663873e0dafcbc6f773e90d9674d83e725779,0,1,"['76,29', '76,28']",2,road,"[[0, 3, 0], [0, 2, 0]]","[76.0, 28.5]",2.2301581473863834,1.956740758516813e+22
1613,0xf87e31492faf9a91b02ee0deaad50d51d56d5d4d,115792089237316195423570985008687907804269323829025425300731640537738507190150,4870000000000000000000,1646185721000,0x0b41b33048aef20d978cd1fb587157fcdd4df1a1,0,1,"['-145,-122', '-144,-122']",2,road,"[[0, 0, 0], [0, 0, 0]]","[-144.5, -122.0]",2.8446006763798737,1.3853205293969986e+22
1614,0xf87e31492faf9a91b02ee0deaad50d51d56d5d4d,115792089237316195423570985008687907849186596262589302477897088718731911102334,6420000000000000000000,1641923001000,0x7e678528ca803f9572f24c859eae07a1cb1b2e22,1,1,"['-13,-130']",1,parcel,"[[0, 0, 1]]","[-13.0, -130.0]",2.943249112150101,1.889565930000365e+22
1615,0xf87e31492faf9a91b02ee0deaad50d51d56d5d4d,19396094914493492417412352623610788052913,4999000000000000000000,1643264706000,0x2fe5e8b129a8a9959bfba8f61b6d0ffc3cfa2598,1,1,"['56,-79']",1,parcel,"[[5, 0, 7]]","[56.0, -79.0]",2.1741773039497394,1.0868712342444749e+22
1616,0xf87e31492faf9a91b02ee0deaad50d51d56d5d4d,17354400712967861636632104979020178784136,5300000000000000000000,1642617777000,0xc22f79b29d29b4e35ab7e42e31402050f0edfe4a,4,4,"['50,-120']",1,parcel,"[[2, 0, 0]]","[50.0, -120.0]",2.743729245505247,1.4541765001177809e+22
1617,0xf87e31492faf9a91b02ee0deaad50d51d56d5d4d,115792089237316195423570985008687907852929702298719625575994209400481361428345,6969000000000000000000,1641334378000,0xbb5bf95a3ab59277fc8de4c8a90273bffe542019,1,2,"['-2,-135', '-1,-135', '31,-18', '34,-26']",4,road,"[[0, 0, 0], [0, 0, 0], [0, 0, 0], [0, 0, 0]]","[15.5, -78.5]",3.1944964852537963,2.2262446005733707e+22
1618,0xf87e31492faf9a91b02ee0deaad50d51d56d5d4d,115792089237316195423570985008687907847825466794905548624043590289004838256567,6888000000000000000000,1645346767000,0xa8f3a71d2fce740f4aec8fbb0c95b99ff71ce6fb,3,1,"['-17,-73', '24,-83']",2,road,"[[0, 0, 7], [0, 0, 0]]","[3.5, -78.0]",2.910514160240482,2.004762153573644e+22
1619,0xf87e31492faf9a91b02ee0deaad50d51d56d5d4d,115792089237316195423570985008687907846464337327221794770190091859277765410713,5282000000000000000000,1642363846000,0x959e104e1a4db6317fa58f8295f586e1a978c297,5,7,[],0,,[],[0],3.124674912948848,1.6504532890195813e+22
1620,0xf87e31492faf9a91b02ee0deaad50d51d56d5d4d,9187623906865338513511114400657741709399,5678000000000000000000,1641825420000,0x89e363e35b91717e12f58045aa46b5abad347239,2,2,"['27,87']",1,parcel,"[[5, 1, 0]]","[27.0, 87.0]",2.832719320096719,1.608418029950917e+22
1621,0xf87e31492faf9a91b02ee0deaad50d51d56d5d4d,115792089237316195423570985008687907806311018030551056081511888182329116458870,4947000000000000000000,1645656202000,0x9cf536f85f35e6d11e7a218d8c400b88c5c4daaf,0,1,"['-139,-138']",1,parcel,"[[0, 0, 0]]","[-139.0, -138.0]",2.585236181947326,1.2789163392093422e+22
1622,0xf87e31492faf9a91b02ee0deaad50d51d56d5d4d,10208471007628153903901238222953046343598,6450000000000000000000,1644074955000,0x164eb218cca44c22534dfc43fd8961b15547de56,3,4,"['29,-82']",1,parcel,"[[0, 0, 0]]","[29.0, -82.0]",3.047315041602274,1.9655182018334664e+22
1623,0xf87e31492faf9a91b02ee0deaad50d51d56d5d4d,115792089237316195423570985008687907839318407621882087037459225103210632970137,4697000000000000000000,1644499577000,0xd4713c007d625af00fbc3470477022fc380f6412,0,1,"['-42,-103']",1,parcel,"[[1, 0, 0]]","[-42.0, -103.0]",3.154267932934502,1.4815596480993356e+22
1624,0x959e104e1a4db6317fa58f8295f586e1a978c297,3581,25000000000000000000000,1641993395000,0x44e089c824e1b4c79d92fb7e5f245c53f92510b4,5,2,"['139,-92', '139,-93', '140,-92', '140,-93']",4,land,"[[0, 0, 0], [0, 0, 0], [9, 1, 0], [9, 1, 0]]","[139.5, -92.5]",3.10225498674441,7.755637466861024e+22
1625,0xf87e31492faf9a91b02ee0deaad50d51d56d5d4d,30965695389805400175167089276290907242357,4888000000000000000000,1641497709000,0x99e0478945ee0a86d8f84bfbb5fcad177e65fc35,0,4,"['90,-139']",1,parcel,"[[0, 0, 0]]","[90.0, -139.0]",3.3829650695793463,1.6535933260103846e+22
1626,0xf87e31492faf9a91b02ee0deaad50d51d56d5d4d,115792089237316195423570985008687907812776383002048886887316005723532712476616,5797000000000000000000,1642465113000,0x345cfcf080bdf46c5f6c453a5fec484fbe046cfe,0,1,"['-120,-56', '-119,-56']",2,road,"[[0, 0, 0], [0, 0, 0]]","[-119.5, -56.0]",2.919809374476844,1.6926134943842264e+22
1627,0xf87e31492faf9a91b02ee0deaad50d51d56d5d4d,46278401901247631031018946610720476758012,4800000000000000000000,1645520678000,0x828717695cefe11cf059e6d0f78874fbc01ddf6d,0,2,"['56,33', '135,-4']",2,road,"[[4, 5, 0], [2, 4, 0]]","[95.5, 14.5]",2.493529758005366,1.1968942838425758e+22
1628,0xf87e31492faf9a91b02ee0deaad50d51d56d5d4d,115792089237316195423570985008687907815158359570495456131559627975555089956821,6500000000000000000000,1643567222000,0xcb0bc33864485926767bccb27cf6fd3824688097,0,1,"['-113,-43']",1,parcel,"[[0, 0, 0]]","[-113.0, -43.0]",2.5302591704510458,1.6446684607931797e+22
1629,0xf87e31492faf9a91b02ee0deaad50d51d56d5d4d,50702072671219831056042816507333463506920,4288000000000000000000,1641438711000,0x61a437415968f7e480e2dc50136a81ec88673af3,4,3,"['148,-24']",1,parcel,"[[1, 0, 0]]","[148.0, -24.0]",2.9390688380014987,1.2602727177350426e+22
1630,0xf87e31492faf9a91b02ee0deaad50d51d56d5d4d,115792089237316195423570985008687907835235019218830825475898729814029414432918,4888000000000000000000,1642093052000,0x1157d24896cd54c0ba358e764dd5caa2d58ea449,0,1,"['-53,150']",1,parcel,"[[0, 0, 0]]","[-53.0, 150.0]",2.904286712625543,1.4196153451313654e+22
1631,0x959e104e1a4db6317fa58f8295f586e1a978c297,4693,10249000000000000000000,1645973531000,0x9dbf85b56207b29fd25d3599d314cf3c59c38e7a,0,1,"['20,-125', '40,-62', '41,-62']",3,land,"[[0, 0, 6], [5, 0, 0], [5, 0, 0]]","[33.666666666666664, -83.0]",2.5770927592102004,2.6412623689145345e+22
1632,0x959e104e1a4db6317fa58f8295f586e1a978c297,4178,9900000000000000000000,1641736516000,0x573cbf717f1c24b41cf444ce4d0fc576d71538a4,1,1,"['-94,-32', '-93,-32']",2,land,"[[2, 0, 0], [2, 0, 0]]","[-93.5, -32.0]",2.955280483500563,2.9257276786655577e+22
1633,0xf87e31492faf9a91b02ee0deaad50d51d56d5d4d,115792089237316195423570985008687907814818077203574517668096253368123321745364,6500000000000000000000,1643702021000,0xd6a720f5a62ed5e8cf99a48f90d25af42a214ac7,0,1,"['-114,-44']",1,parcel,"[[0, 0, 0]]","[-114.0, -44.0]",2.838711845336331,1.8451626994686153e+22
1634,0x959e104e1a4db6317fa58f8295f586e1a978c297,4500,17000000000000000000000,1644357940000,0x59c6093028dfb90dd5298bb7e42883793c3984ec,1,2,"['-34,49', '-33,48', '-32,48', '-31,48', '-31,47', '-31,46', '-31,45', '-30,47', '-30,46', '-30,45']",10,land,"[[0, 2, 0], [0, 3, 0], [0, 3, 0], [0, 3, 0], [0, 4, 0], [0, 5, 0], [0, 6, 0], [0, 4, 0], [0, 5, 0], [0, 6, 0]]","[-31.3, 46.9]",3.495626507486707,5.942565062727402e+22
1635,0xf87e31492faf9a91b02ee0deaad50d51d56d5d4d,6465364971497830805804117541203596017562,6420000000000000000000,1643809058000,0x776d1858a019a5371054d1baab87d94463bb0c69,0,2,"['-35,-105', '18,-102']",2,road,"[[0, 0, 0], [0, 0, 0]]","[-8.5, -103.5]",2.559175162581649,1.6429904543774184e+22
1636,0xf87e31492faf9a91b02ee0deaad50d51d56d5d4d,115792089237316195423570985008687907842721231291091471672092971177528315084692,6850000000000000000000,1642702198000,0xc0fcd7d5817809ebcf137fdd93b2aa9fbb123361,1,1,"['-32,-108']",1,parcel,"[[0, 0, 0]]","[-32.0, -108.0]",2.6360883603314003,1.805720526827009e+22
1637,0x959e104e1a4db6317fa58f8295f586e1a978c297,3298,45678000000000000000000,1644682556000,0x072fa5eb0fa34587d6355d6a0a9913ecc6b62025,6,4,"['-86,-116', '-86,-117', '-86,-118', '-85,-116', '-85,-117', '-85,-118', '-84,-116', '-84,-117', '-84,-118']",9,land,"[[0, 0, 0], [0, 0, 0], [0, 0, 0], [0, 0, 0], [0, 0, 0], [0, 0, 0], [0, 0, 0], [0, 0, 0], [0, 0, 0]]","[-85.0, -117.0]",2.914828521931521,1.3314353722478803e+23
1638,0xf87e31492faf9a91b02ee0deaad50d51d56d5d4d,115792089237316195423570985008687907833873889751147071622045231384302341586815,5150000000000000000000,1643924957000,0x4512e481f8aa3063abb9884a340ab27e4976cdc0,0,4,"['-58,-129', '-56,-127', '-55,-128']",3,road,"[[0, 0, 0], [0, 0, 0], [0, 0, 0]]","[-56.333333333333336, -128.0]",2.6601644067675365,1.3699846694852815e+22
1639,0xf87e31492faf9a91b02ee0deaad50d51d56d5d4d,115792089237316195423570985008687907844082360758775225525946469607255387930769,3900000000000000000000,1642195226000,0x719921627feffb77c9da94f15d3446d9f92fd85c,0,2,"['-27,145']",1,parcel,"[[5, 7, 0]]","[-27.0, 145.0]",2.9626491224649576,1.1554331577613336e+22
1640,0xf87e31492faf9a91b02ee0deaad50d51d56d5d4d,115792089237316195423570985008687907849526878629510240941360463326163679313847,15555000000000000000000,1642975607000,0xcdd598d1588503e1609ae1e50cdb74473ffb0090,3,1,"['-12,-73', '-12,-74']",2,road,"[[0, 0, 2], [0, 0, 2]]","[-12.0, -73.5]",2.1191673192784792,3.2963647651376743e+22
1641,0xf87e31492faf9a91b02ee0deaad50d51d56d5d4d,16673835979125984709705355764156642361419,6666000000000000000000,1645195211000,0xcdf63fc907241fb3d1fbae13f173127ec55731a3,1,3,"['49,75']",1,parcel,"[[1, 0, 3]]","[49.0, 75.0]",2.9895687131982625,1.9928465042179617e+22
1642,0xf87e31492faf9a91b02ee0deaad50d51d56d5d4d,115792089237316195423570985008687907831151630815779563914338234524848195895421,7950000000000000000000,1643051573000,0x07dbc9423bc7e4315fe6224996a1d6a93931cd55,0,2,"['-65,125', '-61,-12']",2,road,"[[0, 8, 0], [9, 2, 0]]","[-63.0, 56.5]",2.097272260649448,1.6673314472163113e+22
1643,0xf87e31492faf9a91b02ee0deaad50d51d56d5d4d,10889035741470030830827987437816582766574,6550000000000000000000,1641235031000,0xbb5bf95a3ab59277fc8de4c8a90273bffe542019,1,2,"['-2,-135', '-1,-135', '31,-18', '34,-26']",4,road,"[[0, 0, 0], [0, 0, 0], [0, 0, 0], [0, 0, 0]]","[15.5, -78.5]",3.2654965487737213,2.1389002394467876e+22
1644,0x959e104e1a4db6317fa58f8295f586e1a978c297,3791,40000000000000000000000,1644198534000,0x07d8d63254f3d98dbf848035059e4a5692802a7e,2,2,"['-130,32', '-130,31', '-129,32', '-129,31']",4,land,"[[0, 1, 0], [1, 2, 0], [0, 1, 0], [1, 2, 0]]","[-129.5, 31.5]",3.318725280995242,1.3274901123980967e+23
1645,0x959e104e1a4db6317fa58f8295f586e1a978c297,1642,17000000000000000000000,1644958378000,0x4a34d03130503961f656fb9d26c5aec511d8eccc,3,2,"['-125,20', '-124,20', '-123,20', '-122,20', '-121,20', '141,-123', '142,-123']",7,road,"[[0, 0, 0], [0, 0, 0], [0, 0, 0], [0, 0, 0], [0, 0, 0], [8, 2, 0], [7, 3, 0]]","[-47.42857142857143, -20.857142857142858]",3.3285386704573385,5.658515739777475e+22
1646,0xf87e31492faf9a91b02ee0deaad50d51d56d5d4d,13271012309916600075071609689838960246724,5444000000000000000000,1643150304000,0xceffc8e1d3cbcf8e5db28b08e3d332289ba851f6,0,1,"['38,-60']",1,parcel,"[[3, 0, 0]]","[38.0, -60.0]",2.1260324733787064,1.1574120785073676e+22
1647,0x959e104e1a4db6317fa58f8295f586e1a978c297,1381,7777000000000000000000,1640964369000,0x4a1bf5d5f3a824c4353614369451d5233d4d6f06,4,2,"['-49,-58', '-49,-59', '-20,-30', '23,128', '24,129', '24,128', '54,31']",7,road,"[[0, 0, 2], [0, 0, 2], [0, 0, 0], [0, 0, 0], [0, 0, 0], [0, 0, 0], [2, 5, 0]]","[1.0, 38.42857142857143]",3.2837753609862053,2.553792098238972e+22
1648,0xf87e31492faf9a91b02ee0deaad50d51d56d5d4d,115792089237316195423570985008687907811755535901286071496925881901237407842243,5997000000000000000000,1641625682000,0x44b8cda325809509f08119be26eefb1195e24597,1,1,"['-123,-61']",1,parcel,"[[0, 0, 0]]","[-123.0, -61.0]",3.080049033207626,1.8471054052146132e+22
1649,0x959e104e1a4db6317fa58f8295f586e1a978c297,4635,24000000000000000000000,1642799391000,0xcc7c9cf6213a8d458b269c82d935cfca0397c639,0,1,"['-34,-105', '-34,-106', '-33,-105', '-33,-106', '-9,-145']",5,road,"[[0, 0, 0], [0, 0, 0], [0, 0, 0], [0, 0, 0], [0, 0, 0]]","[-28.6, -113.4]",2.2301581473863834,5.35237955372732e+22
1650,0x34ed0aa248f60f54dd32fbc9883d6137a491f4f3,126,90000000000000000000,1646185123000,0x383d9792e017a91780fb25041902c6b44d6eaafd,0,1,[],0,,[],[0],2.8446006763798737,2.5601406087418862e+20
1651,0xf87e31492faf9a91b02ee0deaad50d51d56d5d4d,3743106036130323098097120681749450325970,5499000000000000000000,1642870137000,0xe2f11a93db2cd42a3f549611fb0e69e63a84a873,1,1,"['10,-46']",1,parcel,"[[3, 0, 0]]","[10.0, -46.0]",2.0414460677600186,1.1225911926612342e+22
1652,0xf87e31492faf9a91b02ee0deaad50d51d56d5d4d,115792089237316195423570985008687907836255866319593640866288853636324719067261,8499000000000000000000,1643401887000,0xcb848d57e1c086e5287f52a92b9a60693133670f,13,2,"['-50,125']",1,parcel,"[[0, 0, 0]]","[-50.0, 125.0]",2.294435983046395,1.9500411419911313e+22
1653,0xf87e31492faf9a91b02ee0deaad50d51d56d5d4d,115792089237316195423570985008687907834894736851909887012435355206597646221421,4990000000000000000000,1641083502000,0xb97e29b2c8dbf806678970684814fbaecdba124c,1,2,"['-54,109']",1,parcel,"[[1, 7, 0]]","[-54.0, 109.0]",3.362912168662877,1.6780931721627758e+22
1654,0xf87e31492faf9a91b02ee0deaad50d51d56d5d4d,115792089237316195423570985008687907846464337327221794770190091859277765410717,5999000000000000000000,1642354234000,0xc6d11044cebc9233a1dd49c39ab575900cf059ae,0,1,"['-21,-99']",1,parcel,"[[0, 0, 0]]","[-21.0, -99.0]",3.124674912948848,1.874492480278014e+22
1655,0xf87e31492faf9a91b02ee0deaad50d51d56d5d4d,4423670769972200025023869896612986748808,5420000000000000000000,1641823114000,0x959e104e1a4db6317fa58f8295f586e1a978c297,0,2,[],0,,[],[0],2.832719320096719,1.5353338714924215e+22
1656,0xf87e31492faf9a91b02ee0deaad50d51d56d5d4d,6465364971497830805804117541203596017536,6645000000000000000000,1645338771000,0x8220b6d553829db3202183b34885a19ac78b438c,0,2,"['-39,-3', '18,-128']",2,road,"[[1, 0, 0], [0, 0, 3]]","[-10.5, -65.5]",2.910514160240482,1.9340366594798e+22
1657,0xf87e31492faf9a91b02ee0deaad50d51d56d5d4d,115792089237316195423570985008687907827748807146570179279704488450530513780684,5599000000000000000000,1642605363000,0x3925ab6eb7b4755746f17d639c7edec7dd4881cb,2,2,"['-88,-19', '-87,-19', '-76,-51', '-76,-52']",4,road,"[[4, 6, 8], [5, 7, 8], [2, 0, 4], [2, 0, 4]]","[-81.75, -35.25]",2.743729245505247,1.536214004558388e+22
1658,0xf87e31492faf9a91b02ee0deaad50d51d56d5d4d,115792089237316195423570985008687907840339254722644902427849348925505937604502,6340000000000000000000,1643263164000,0x9e2b64c01e4e6cb8ae1313f49a1729283eafd094,0,1,"['-39,-106']",1,parcel,"[[0, 0, 0]]","[-39.0, -106.0]",2.1741773039497394,1.3784284107041348e+22
1659,0xf87e31492faf9a91b02ee0deaad50d51d56d5d4d,115792089237316195423570985008687907830130783715016748523948110702552891260910,5250000000000000000000,1645515161000,0xef6bec661e630ff6e53e2ffa093c8d4efe3ee94e,0,1,"['-69,-18']",1,parcel,"[[5, 6, 7]]","[-69.0, -18.0]",2.493529758005366,1.309103122952817e+22
1660,0xf87e31492faf9a91b02ee0deaad50d51d56d5d4d,45597837167405754104092197395856940335098,5100000000000000000000,1641922931000,0x79ce97939cdbce705ecf66783d6f59e42dec738d,0,2,"['133,-6']",1,parcel,"[[4, 6, 0]]","[133.0, -6.0]",2.943249112150101,1.5010570471965515e+22
1661,0xf87e31492faf9a91b02ee0deaad50d51d56d5d4d,115792089237316195423570985008687907847825466794905548624043590289004838256619,5050000000000000000000,1645650167000,0xa0c2089a9ae1b0f7482a0ec740891bf908a1d00f,0,2,"['-17,-21']",1,parcel,"[[9, 0, 0]]","[-17.0, -21.0]",2.585236181947326,1.3055442718833995e+22
1662,0xf87e31492faf9a91b02ee0deaad50d51d56d5d4d,10889035741470030830827987437816582766574,6899000000000000000000,1642464033000,0xbb5bf95a3ab59277fc8de4c8a90273bffe542019,1,2,"['-2,-135', '-1,-135', '31,-18', '34,-26']",4,road,"[[0, 0, 0], [0, 0, 0], [0, 0, 0], [0, 0, 0]]","[15.5, -78.5]",2.919809374476844,2.0143764874515748e+22
1663,0xf87e31492faf9a91b02ee0deaad50d51d56d5d4d,115792089237316195423570985008687907817540336138942025375803250227577467437076,8888000000000000000000,1641332718000,0x5c20b91f068f34681e0c583f2bfd7831d5589ea8,0,1,"['-105,20']",1,parcel,"[[4, 0, 0]]","[-105.0, 20.0]",3.1944964852537963,2.839268476093574e+22
1664,0xf87e31492faf9a91b02ee0deaad50d51d56d5d4d,19055812547572553953948978016179019841646,5088000000000000000000,1645962973000,0x206abd3ed653f3e91cd70b5a8f5db9d5a7a76ea0,0,1,"['56,110']",1,parcel,"[[3, 5, 0]]","[56.0, 110.0]",2.686743487271149,1.3670150863235607e+22
1665,0xf87e31492faf9a91b02ee0deaad50d51d56d5d4d,14632141777600353928925108119566033092546,5200000000000000000000,1644476366000,0xc8dfd3540b83f541bf38a558f5989cf1273d2da6,0,3,"['42,-62']",1,parcel,"[[4, 0, 9]]","[42.0, -62.0]",3.3539721443673747,1.7440655150710348e+22
1666,0xf87e31492faf9a91b02ee0deaad50d51d56d5d4d,50361790304298892592579441899901695295461,4480000000000000000000,1641492692000,0x5e3af819e07398bac5d767238a146c4a1cabe247,0,3,"['-92,-142', '147,-27']",2,road,"[[0, 0, 0], [2, 0, 0]]","[27.5, -84.5]",3.3829650695793463,1.515568351171547e+22
1667,0xf87e31492faf9a91b02ee0deaad50d51d56d5d4d,115792089237316195423570985008687907816519489038179209985413126405282162802620,6188000000000000000000,1644071021000,0x9b7ff4b76c25acf840a41aa00136fb2bf01ae91d,0,1,"['-132,-57', '-109,-68']",2,road,"[[0, 0, 0], [0, 0, 0]]","[-120.5, -62.5]",3.047315041602274,1.885678547743487e+22
1668,0xf87e31492faf9a91b02ee0deaad50d51d56d5d4d,51042355038140769519506191114765231718376,4400000000000000000000,1641438344000,0x15fa2492b93a2f70772202835229f7ede0865a73,0,3,"['55,-11', '149,-24']",2,road,"[[3, 0, 0], [0, 0, 0]]","[102.0, -17.5]",2.9390688380014987,1.2931902887206595e+22
1669,0xf87e31492faf9a91b02ee0deaad50d51d56d5d4d,115792089237316195423570985008687907830811348448858625450874859917416427683954,6969000000000000000000,1641991441000,0xcb9dc355450945de637a2220457b1adac98584a9,1,1,"['-66,114', '36,-59']",2,road,"[[0, 7, 0], [1, 0, 0]]","[-15.0, 27.5]",3.10225498674441,2.161961500262179e+22
1670,0xf87e31492faf9a91b02ee0deaad50d51d56d5d4d,115792089237316195423570985008687907845783772593379917843263342644414228987894,5888000000000000000000,1643564464000,0xf127cf8c2f7a451c538f93bd7bae6a08f6e2df70,0,1,"['-23,-10']",1,parcel,"[[8, 0, 0]]","[-23.0, -10.0]",2.5302591704510458,1.4898165995615757e+22
1671,0xf87e31492faf9a91b02ee0deaad50d51d56d5d4d,4083388403051261561560495289181218537353,5400000000000000000000,1642089380000,0x6f41a9a8a973670fc5c55cfb489a32e25b859daa,0,1,"['11,-119']",1,parcel,"[[1, 0, 0]]","[11.0, -119.0]",2.904286712625543,1.5683148248177931e+22
1672,0xf87e31492faf9a91b02ee0deaad50d51d56d5d4d,12250165209153784684681485867543655612356,5687000000000000000000,1641730370000,0xb751e91139c46f05e7ce659a38f5f11ebe2b2a50,0,1,"['35,-60']",1,parcel,"[[0, 0, 0]]","[35.0, -60.0]",2.955280483500563,1.6806680109667701e+22
1673,0xf87e31492faf9a91b02ee0deaad50d51d56d5d4d,18375247813730677027022228801315483418653,5678000000000000000000,1643803977000,0x046ca4a32a11638fc9f30e9c2e707a5a92435290,0,1,"['54,29', '55,29']",2,road,"[[2, 3, 0], [3, 3, 0]]","[54.5, 29.0]",2.559175162581649,1.4530996573138602e+22
1674,0x959e104e1a4db6317fa58f8295f586e1a978c297,3247,19420000000000000000000,1644662146000,0x7eae296f609fb1c9e655ba91d833caa18f7b9280,2,3,"['107,39']",1,parcel,"[[0, 0, 0]]","[107.0, 39.0]",2.934937766523291,5.699649142588232e+22
1675,0xf87e31492faf9a91b02ee0deaad50d51d56d5d4d,16333553612205046246241981156724874150025,5285000000000000000000,1642698448000,0x31a9a5f275b7def9005b366befc864f289773ee9,0,1,"['-112,-32', '48,137', '136,50']",3,road,"[[0, 0, 0], [0, 0, 0], [6, 8, 0]]","[24.0, 51.666666666666664]",2.6360883603314003,1.393172698435145e+22
1676,0xf87e31492faf9a91b02ee0deaad50d51d56d5d4d,115792089237316195423570985008687907835575301585751763939362104421461182644364,5077000000000000000000,1644355590000,0x184645cab77254eb7ea4b8562d5174fa42605541,2,4,"['-52,140']",1,parcel,"[[9, 0, 0]]","[-52.0, 140.0]",3.495626507486707,1.774729577851001e+22
1677,0xf87e31492faf9a91b02ee0deaad50d51d56d5d4d,9187623906865338513511114400657741709284,12500000000000000000000,1643924613000,0xf5d1eaf99d4b5f21e815288012870cd9ffe30d07,0,1,"['-123,-23', '26,-28', '72,-19']",3,road,"[[2, 3, 0], [0, 0, 0], [7, 2, 9]]","[-8.333333333333334, -23.333333333333332]",2.6601644067675365,3.3252055084594205e+22
1678,0xf87e31492faf9a91b02ee0deaad50d51d56d5d4d,115792089237316195423570985008687907835235019218830825475898729814029414432634,5800000000000000000000,1643694114000,0x83064b8490d039fead8eb8947bdf0e82f583eca7,1,3,"['-54,-133', '-54,-134']",2,road,"[[0, 0, 0], [0, 0, 0]]","[-54.0, -133.5]",2.838711845336331,1.646452870295072e+22
1679,0xfeb52cbf71b9adac957c6f948a6cf9980ac8c907,6593,30000000000000000000,1645185287000,0x05efa071701773131d00f01f408669d6492b84ec,0,1,[],0,,[],[0],3.092036288372708,9.276108865118124e+19
1680,0xf87e31492faf9a91b02ee0deaad50d51d56d5d4d,115792089237316195423570985008687907844422643125696163989409844214687156142036,5233000000000000000000,1642195171000,0xb0cd4bebd4d1eff48b89d0e5ad1acc8eaa1de694,0,1,"['-27,-44']",1,parcel,"[[5, 0, 0]]","[-27.0, -44.0]",2.9626491224649576,1.5503542857859122e+22
1681,0xf87e31492faf9a91b02ee0deaad50d51d56d5d4d,115792089237316195423570985008687907848506031528747425550970339503868374679581,6969000000000000000000,1642970842000,0x546c7f384b0b43280486976975d5538eda082cef,3,4,"['-14,29']",1,parcel,"[[0, 0, 0]]","[-14.0, 29.0]",2.1191673192784792,1.476847704805172e+22
1682,0x959e104e1a4db6317fa58f8295f586e1a978c297,1891,6000000000000000000000,1641232711000,0x5ce213893956bbf4249a7f8a079331280065eec6,3,5,"['-108,-62', '-91,-74', '-85,-35', '-38,98', '4,-69', '8,-94', '11,61', '12,-94', '40,-61', '56,111']",10,road,"[[1, 0, 0], [4, 0, 0], [1, 0, 0], [0, 2, 0], [0, 0, 2], [0, 0, 2], [0, 0, 0], [0, 0, 2], [5, 0, 0], [3, 5, 0]]","[-19.1, -21.9]",3.2654965487737213,1.959297929264233e+22
1683,0xf87e31492faf9a91b02ee0deaad50d51d56d5d4d,7145929705339707732730866756067132440665,5678000000000000000000,1640961082000,0xdf0ad28b7691dbdb6cca5ab152266135abaa1ee4,0,1,"['21,89']",1,parcel,"[[3, 2, 0]]","[21.0, 89.0]",3.2837753609862053,1.8645276499679675e+22
1684,0xf87e31492faf9a91b02ee0deaad50d51d56d5d4d,115792089237316195423570985008687907837957278154198333183605726673483560124400,5068000000000000000000,1646176818000,0xb206dfcde04a3426e75af9e5f66f14324288de3c,0,1,"['-46,-16']",1,parcel,"[[3, 0, 0]]","[-46.0, -16.0]",2.8446006763798737,1.44164362278932e+22
1685,0xf87e31492faf9a91b02ee0deaad50d51d56d5d4d,115792089237316195423570985008687907824686265844281733108534116983644599877618,7488000000000000000000,1643144501000,0x05dc04bba63eb9a570537d578b0619acdf3b744c,1,2,"['-85,-14']",1,parcel,"[[1, 9, 3]]","[-85.0, -14.0]",2.1260324733787064,1.5919731160659754e+22
1686,0xf87e31492faf9a91b02ee0deaad50d51d56d5d4d,1361129467683753853853498429727072845701,7300000000000000000000,1644195235000,0x0e164d8b2b837a5e170c016f1edd21a54d9613ca,0,1,"['-38,118', '3,-123', '24,49']",3,road,"[[0, 2, 0], [0, 0, 0], [0, 2, 0]]","[-3.6666666666666665, 14.666666666666666]",3.318725280995242,2.4226694551265266e+22
1687,0xf87e31492faf9a91b02ee0deaad50d51d56d5d4d,43215860598959184859848575143834562854907,5500000000000000000000,1644946156000,0xa1324d1e94b9e660e33064afaa8961ae1d3edeb0,2,5,"['-90,-84', '124,-5', '126,-5']",3,road,"[[0, 0, 0], [3, 5, 0], [3, 5, 0]]","[53.333333333333336, -31.333333333333332]",3.3285386704573385,1.8306962687515362e+22
1688,0xf87e31492faf9a91b02ee0deaad50d51d56d5d4d,115792089237316195423570985008687907834894736851909887012435355206597646221437,5350000000000000000000,1643399915000,0xa8f98b7b2039256ba66a12fead20e750ecf9670d,2,3,"['-70,137', '-54,125', '-11,-135', '-10,-135']",4,road,"[[1, 3, 0], [1, 0, 0], [0, 0, 1], [0, 0, 2]]","[-36.25, -2.0]",2.294435983046395,1.2275232509298215e+22
1689,0xf87e31492faf9a91b02ee0deaad50d51d56d5d4d,115792089237316195423570985008687907850207443363352117868287212541027215736775,5287000000000000000000,1642862808000,0xf3cf2e0e0aa43549f7af4c1879402a7796a1ff0f,0,4,"['-10,-57']",1,parcel,"[[2, 0, 0]]","[-10.0, -57.0]",2.0414460677600186,1.079312536024722e+22
1690,0x2a187453064356c898cae034eaed119e1663acb8,67281687861520949620119923012107862078712909082671105671450289200519126695322,2500000000000000000000,1641077832000,0x2c5cba7b2ec6c634e9f5e557cfcc5c63279c5439,0,1,"['-46,10']",1,parcel,"[[0, 9, 0]]","[-46.0, 10.0]",3.362912168662877,8.407280421657193e+21
1691,0xf87e31492faf9a91b02ee0deaad50d51d56d5d4d,3402823669209384634633746074317682114621,5420000000000000000000,1642790090000,0xa0006aba8c87c026d0492185a1693983ecf0955f,1,1,"['10,61']",1,parcel,"[[0, 0, 0]]","[10.0, 61.0]",2.2301581473863834,1.2087457158834197e+22
1692,0xf87e31492faf9a91b02ee0deaad50d51d56d5d4d,115792089237316195423570985008687907846464337327221794770190091859277765410713,1490000000000000000000,1641622399000,0x959e104e1a4db6317fa58f8295f586e1a978c297,5,7,[],0,,[],[0],3.080049033207626,4.5892730594793625e+21
1693,0xf87e31492faf9a91b02ee0deaad50d51d56d5d4d,16673835979125984709705355764156642361418,11111000000000000000000,1641821568000,0xece7cae91e411fe24d067e54ea572e748a36048b,0,1,"['7,-49', '49,74']",2,road,"[[0, 0, 0], [0, 0, 2]]","[28.0, 12.5]",2.832719320096719,3.1474344365594646e+22
1694,0xf87e31492faf9a91b02ee0deaad50d51d56d5d4d,115792089237316195423570985008687907817200053772021086912339875620145699225536,5920000000000000000000,1643049793000,0x33d4121621bda25683ebc2dc024261316e4bedf1,0,1,"['-107,-64']",1,parcel,"[[0, 0, 0]]","[-107.0, -64.0]",2.097272260649448,1.2415851783044733e+22
1695,0xf87e31492faf9a91b02ee0deaad50d51d56d5d4d,2041694201525630780780247644590609268625,5188000000000000000000,1642342029000,0x394495a3800d1504b5686d398836baefebd0c5b7,0,2,"['5,-111']",1,parcel,"[[1, 0, 0]]","[5.0, -111.0]",3.124674912948848,1.6210813448378623e+22
1696,0xf87e31492faf9a91b02ee0deaad50d51d56d5d4d,7145929705339707732730866756067132440587,6249000000000000000000,1641921528000,0x846648b558334ccde1550bc909999b11ea6ecfe5,0,1,"['21,11']",1,parcel,"[[8, 0, 0]]","[21.0, 11.0]",2.943249112150101,1.839236370182598e+22
1697,0xf87e31492faf9a91b02ee0deaad50d51d56d5d4d,115792089237316195423570985008687907827748807146570179279704488450530513780685,5678000000000000000000,1642605136000,0x3925ab6eb7b4755746f17d639c7edec7dd4881cb,3,2,"['-88,-19', '-87,-19', '-76,-51', '-76,-52']",4,road,"[[4, 6, 8], [5, 7, 8], [2, 0, 4], [2, 0, 4]]","[-81.75, -35.25]",2.743729245505247,1.5578894655978792e+22
1698,0xf87e31492faf9a91b02ee0deaad50d51d56d5d4d,2041694201525630780780247644590609268797,6444000000000000000000,1643257058000,0x4bdc1d674a97e8463951f5c390b0f1497b3c8a05,1,1,"['6,61']",1,parcel,"[[0, 0, 0]]","[6.0, 61.0]",2.1741773039497394,1.401039854665212e+22
1699,0xf87e31492faf9a91b02ee0deaad50d51d56d5d4d,115792089237316195423570985008687907838978125254961148573995850495778864758909,5775000000000000000000,1645510863000,0x34f9a3cc8406afc29620a0cc93f1d085158639ed,0,2,"['-42,125']",1,parcel,"[[0, 6, 0]]","[-42.0, 125.0]",2.493529758005366,1.440013435248099e+22
1700,0xf87e31492faf9a91b02ee0deaad50d51d56d5d4d,115792089237316195423570985008687907836936431053435517793215602851188255490021,8800000000000000000000,1645330685000,0x0110b9e89f1eb016d7cf1328b48cafd97a9e954d,1,1,"['-49,-27']",1,parcel,"[[0, 0, 0]]","[-49.0, -27.0]",2.910514160240482,2.561252461011624e+22
1701,0xf87e31492faf9a91b02ee0deaad50d51d56d5d4d,115792089237316195423570985008687907838978125254961148573995850495778864758792,6888000000000000000000,1642463693000,0x3a261a9d5349114b4511ef2bb3251f9e19d3463b,4,4,"['-42,8']",1,parcel,"[[0, 0, 0]]","[-42.0, 8.0]",2.919809374476844,2.0111646971396503e+22
1702,0x959e104e1a4db6317fa58f8295f586e1a978c297,1905,11000000000000000000000,1641491865000,0xa2c21d2b18eed2629d2a59789b10a5feb9d934c9,1,3,"['83,34', '84,34']",2,land,"[[8, 5, 0], [7, 5, 0]]","[83.5, 34.0]",3.3829650695793463,3.721261576537281e+22
1703,0xf87e31492faf9a91b02ee0deaad50d51d56d5d4d,115792089237316195423570985008687907813456947735890763814242754938396248899521,6000000000000000000000,1641318465000,0x9c177efe6094c8969bd4009b03b1caabe64bdeb2,6,3,"['-118,-63', '-42,-68']",2,road,"[[0, 0, 0], [1, 0, 9]]","[-80.0, -65.5]",3.1944964852537963,1.916697891152278e+22
1704,0xc1f4b0eea2bd6690930e6c66efd3e197d620b9c2,3191,275000000000000000000,1645926999000,0x9f4a2f761750a89ee71330f621af3ad28a6d255f,0,1,"['-10,-128', '-9,-128']",2,road,"[[0, 0, 3], [0, 0, 3]]","[-9.5, -128.0]",2.686743487271149,7.38854458999566e+20
1705,0xf87e31492faf9a91b02ee0deaad50d51d56d5d4d,115792089237316195423570985008687907808692994598997625325755510434351493939143,6399000000000000000000,1644069550000,0x9b7ff4b76c25acf840a41aa00136fb2bf01ae91d,3,2,"['-132,-57', '-109,-68']",2,road,"[[0, 0, 0], [0, 0, 0]]","[-120.5, -62.5]",3.047315041602274,1.949976895121295e+22
1706,0xf87e31492faf9a91b02ee0deaad50d51d56d5d4d,115792089237316195423570985008687907811074971167444194569999132686373871419320,6000000000000000000000,1641729016000,0x6115a1b416b86185d9007c9186930ebd1f33af6b,1,2,"['-125,-72']",1,parcel,"[[0, 0, 0]]","[-125.0, -72.0]",2.954629844358916,1.7727779066153496e+22
1707,0xf87e31492faf9a91b02ee0deaad50d51d56d5d4d,115792089237316195423570985008687907830130783715016748523948110702552891260909,5150000000000000000000,1645638080000,0x1a03d42bb1ff68fad07e41692089f33de84bde8e,0,1,"['-69,-19']",1,parcel,"[[6, 7, 8]]","[-69.0, -19.0]",2.585236181947326,1.3313966337028732e+22
1708,0xf87e31492faf9a91b02ee0deaad50d51d56d5d4d,115792089237316195423570985008687907824005701110439856181607367768781063454701,6666000000000000000000,1642695634000,0x3925ab6eb7b4755746f17d639c7edec7dd4881cb,0,1,"['-88,-19', '-87,-19', '-76,-51', '-76,-52']",4,road,"[[4, 6, 8], [5, 7, 8], [2, 0, 4], [2, 0, 4]]","[-81.75, -35.25]",2.6360883603314003,1.7572165009969112e+22
1709,0xf87e31492faf9a91b02ee0deaad50d51d56d5d4d,9187623906865338513511114400657741709237,5887000000000000000000,1641986439000,0x2066ee62d11754b0c3d543d9913a0c4b8cee6a96,0,1,"['26,-75']",1,parcel,"[[0, 0, 0]]","[26.0, -75.0]",2.943249112150101,1.7326907523227644e+22
1710,0x959e104e1a4db6317fa58f8295f586e1a978c297,4559,120000000000000000000000,1644468849000,0xc3baa0fa5f21af0157548bebf57028516fca7a71,4,1,"['30,25', '40,12', '40,11', '40,10', '40,9', '41,12', '41,11', '41,10', '41,9', '42,12', '42,11', '42,10', '42,9', '43,10', '43,9', '59,132', '74,-144']",17,road,"[[0, 0, 0], [9, 0, 0], [9, 0, 0], [8, 0, 0], [7, 0, 0], [8, 0, 0], [8, 0, 0], [8, 0, 0], [7, 0, 0], [7, 9, 0], [7, 9, 0], [7, 9, 0], [7, 9, 0], [6, 8, 0], [6, 8, 0], [0, 0, 0], [0, 5, 0]]","[43.588235294117645, 9.294117647058824]",3.3539721443673747,4.02476657324085e+23
1711,0xf87e31492faf9a91b02ee0deaad50d51d56d5d4d,5104235503814076951950619111476523171788,11333000000000000000000,1643561948000,0xe5c26ab17fc5bbf7975290e40778c08308cbd6bb,0,1,"['14,-52']",1,parcel,"[[0, 0, 0]]","[14.0, -52.0]",2.5302591704510458,2.8675427178721705e+22
1712,0xf87e31492faf9a91b02ee0deaad50d51d56d5d4d,115792089237316195423570985008687907853269984665640564039457584007913129639878,10420000000000000000000,1644349132000,0xa94b3cac96bee9a6af92e0f67ed6cb61f17e5c24,0,1,"['-1,-58']",1,parcel,"[[0, 0, 0]]","[-1.0, -58.0]",3.495626507486707,3.6424428208011482e+22
1713,0xf87e31492faf9a91b02ee0deaad50d51d56d5d4d,115792089237316195423570985008687907810394406433602317643072383471510334996505,6750000000000000000000,1643796944000,0x7dc90651edf2b86c7235b2f750603989d3f6e3fa,0,2,"['-126,25']",1,parcel,"[[0, 5, 0]]","[-126.0, 25.0]",2.697334799791993,1.8207009898595954e+22
1714,0xf87e31492faf9a91b02ee0deaad50d51d56d5d4d,115792089237316195423570985008687907834894736851909887012435355206597646221394,7000000000000000000000,1641434579000,0x79ed879acfa506e3e3532003a749fca2a6e3968f,0,1,"['-54,82']",1,parcel,"[[1, 0, 0]]","[-54.0, 82.0]",2.9390688380014987,2.057348186601049e+22
1715,0x959e104e1a4db6317fa58f8295f586e1a978c297,4028,26000000000000000000000,1642088529000,0xc20cad7162e9f76091c7cd5032e01ee9258b0c07,1,2,"['40,86', '40,85', '41,86', '41,85']",4,land,"[[6, 8, 0], [7, 9, 0], [6, 8, 0], [7, 8, 0]]","[40.5, 85.5]",2.904286712625543,7.551145452826412e+22
1716,0x959e104e1a4db6317fa58f8295f586e1a978c297,4570,9850000000000000000000,1644660470000,0xc1d462d43308c9db0ac1802fb59a686dbe743c0e,0,1,"['143,-21', '143,-22']",2,land,"[[6, 0, 0], [6, 0, 0]]","[143.0, -21.5]",2.934937766523291,2.8909137000254417e+22
1717,0x959e104e1a4db6317fa58f8295f586e1a978c297,423,11000000000000000000000,1643923368000,0x7a3fa9528f29368a8da38e371aa09885738184e4,3,1,"['-133,-61', '-133,-62']",2,land,"[[0, 0, 0], [0, 0, 0]]","[-133.0, -61.5]",2.6601644067675365,2.9261808474442902e+22
1718,0xf87e31492faf9a91b02ee0deaad50d51d56d5d4d,115792089237316195423570985008687907834214172118068010085508605991734109798520,4650000000000000000000,1645176401000,0xf01c2a1e6bf6c63fdbe83c266eb79a956640ead0,6,2,"['-56,120']",1,parcel,"[[1, 0, 0]]","[-56.0, 120.0]",3.092036288372708,1.4377968740933093e+22
1719,0xf87e31492faf9a91b02ee0deaad50d51d56d5d4d,18375247813730677027022228801315483418730,5250000000000000000000,1643694092000,0xafb87bbfb6c7e718eee5d3332ccc3ac0586bc3ba,0,1,"['54,106']",1,parcel,"[[5, 4, 0]]","[54.0, 106.0]",2.838711845336331,1.4903237188015738e+22
1720,0xf87e31492faf9a91b02ee0deaad50d51d56d5d4d,115792089237316195423570985008687907840679537089565840891312723532937705815957,5777000000000000000000,1642195051000,0x607e9d058af38fe123330d510d9d736dc40e8d25,0,1,"['-38,-107']",1,parcel,"[[0, 0, 0]]","[-38.0, -107.0]",2.9626491224649576,1.711522398048006e+22
1721,0x959e104e1a4db6317fa58f8295f586e1a978c297,353,13999000000000000000000,1643143213000,0xf3e8417e5905f0a8c0fdda5456eecb12da3fd034,4,2,"['5,25', '5,24']",2,land,"[[3, 0, 0], [3, 0, 0]]","[5.0, 24.5]",2.1260324733787064,2.976232859482851e+22
1722,0xf87e31492faf9a91b02ee0deaad50d51d56d5d4d,47639531368931384884872445040447549603826,4175000000000000000000,1641229189000,0xb1cb34a97beb6156805f274e24ccf81b1e00c93b,0,1,"['139,-14']",1,parcel,"[[0, 0, 0]]","[139.0, -14.0]",3.2654965487737213,1.3633448091130287e+22
1723,0xf87e31492faf9a91b02ee0deaad50d51d56d5d4d,115792089237316195423570985008687907841360101823407717818239472747801242238956,4450000000000000000000,1640960694000,0xf7f42a60739f73dec58e4a54a2e775a1b2f366ba,1,3,"['-36,-20']",1,parcel,"[[0, 0, 0]]","[-36.0, -20.0]",3.2837753609862053,1.4612800356388614e+22
1724,0xf87e31492faf9a91b02ee0deaad50d51d56d5d4d,115792089237316195423570985008687907839318407621882087037459225103210632970364,5499000000000000000000,1642969256000,0x822cd9762117d7570b13f7791170937fbe4b17ab,0,1,"['-41,124', '138,-148']",2,road,"[[1, 5, 0], [1, 0, 0]]","[48.5, -12.0]",2.1191673192784792,1.1653301088712357e+22
1725,0x959e104e1a4db6317fa58f8295f586e1a978c297,51,46000000000000000000000,1646175127000,0x313d2a2e869acb93207b90dda03f412eb65db2d9,6,2,"['-108,-40', '-108,-41', '-107,-40', '-107,-41', '-106,-40', '-106,-41']",6,land,"[[0, 0, 0], [0, 0, 0], [0, 0, 0], [0, 0, 0], [0, 0, 0], [0, 0, 0]]","[-107.0, -40.5]",2.8446006763798737,1.308516311134742e+23
1726,0x959e104e1a4db6317fa58f8295f586e1a978c297,4500,20900000000000000000000,1644929768000,0x59c6093028dfb90dd5298bb7e42883793c3984ec,1,2,"['-34,49', '-33,48', '-32,48', '-31,48', '-31,47', '-31,46', '-31,45', '-30,47', '-30,46', '-30,45']",10,land,"[[0, 2, 0], [0, 3, 0], [0, 3, 0], [0, 3, 0], [0, 4, 0], [0, 5, 0], [0, 6, 0], [0, 4, 0], [0, 5, 0], [0, 6, 0]]","[-31.3, 46.9]",3.3285386704573385,6.956645821255837e+22
1727,0xf87e31492faf9a91b02ee0deaad50d51d56d5d4d,115792089237316195423570985008687907827068242412728302352777739235666977357859,6249000000000000000000,1643399819000,0xd84d7173eded010123443173715a338f681d7d53,1,2,"['-77,35']",1,parcel,"[[0, 1, 0]]","[-77.0, 35.0]",2.294435983046395,1.4337930458056922e+22
1728,0xf87e31492faf9a91b02ee0deaad50d51d56d5d4d,10548753374549092367364612830384814555063,5687000000000000000000,1641818234000,0x30ba6c034a9bdcf6967b8890b6218ddbe5bb3758,0,1,"['30,-73']",1,parcel,"[[0, 0, 0]]","[30.0, -73.0]",2.832719320096719,1.6109674773390041e+22
1729,0xf87e31492faf9a91b02ee0deaad50d51d56d5d4d,13271012309916600075071609689838960246759,6555000000000000000000,1642862355000,0x87a95295b64c1ea849e38c3849da60a40f4f7e76,0,1,"['38,-25']",1,parcel,"[[0, 0, 0]]","[38.0, -25.0]",2.0414460677600186,1.3381678974166922e+22
1730,0xf87e31492faf9a91b02ee0deaad50d51d56d5d4d,115792089237316195423570985008687907845783772593379917843263342644414228987932,9000000000000000000000,1645504074000,0x3b1adc9cfa2fc290135d777b4046496e17320181,2,1,"['-105,-52', '-99,-95', '-59,-140', '-51,-140', '-37,149', '-37,148', '-22,28']",7,road,"[[0, 0, 0], [0, 0, 0], [0, 0, 0], [0, 0, 0], [9, 0, 0], [8, 0, 0], [0, 0, 0]]","[-58.57142857142857, -14.571428571428571]",2.493529758005366,2.2441767822048293e+22
1731,0x959e104e1a4db6317fa58f8295f586e1a978c297,2033,195000000000000000000000,1643251027000,0xf5d1eaf99d4b5f21e815288012870cd9ffe30d07,6,2,"['-123,-23', '26,-28', '57,85', '57,84', '57,83', '57,81', '58,85', '58,84', '58,83', '58,82', '58,81', '59,84', '59,81', '72,-19']",14,road,"[[2, 3, 0], [0, 0, 0], [2, 4, 0], [2, 4, 0], [2, 4, 0], [2, 4, 9], [1, 3, 0], [1, 3, 0], [1, 3, 0], [1, 3, 0], [1, 3, 9], [0, 2, 0], [0, 2, 9], [7, 2, 9]]","[43.642857142857146, 60.214285714285715]",2.1741773039497394,4.239645742701992e+23
1732,0x959e104e1a4db6317fa58f8295f586e1a978c297,4600,18500000000000000000000,1642783242000,0x4a34d03130503961f656fb9d26c5aec511d8eccc,2,1,"['-125,20', '-124,20', '-123,20', '-122,20', '-121,20', '141,-123', '142,-123']",7,road,"[[0, 0, 0], [0, 0, 0], [0, 0, 0], [0, 0, 0], [0, 0, 0], [8, 2, 0], [7, 3, 0]]","[-47.42857142857143, -20.857142857142858]",2.2301581473863834,4.125792572664809e+22
1733,0x959e104e1a4db6317fa58f8295f586e1a978c297,4599,49500000000000000000000,1643048959000,0xcf0e97a0db5c3fc82fc43b0594bb5b2e8936e32a,3,2,"['59,-21', '59,-22', '60,-21', '60,-22']",4,land,"[[7, 8, 0], [7, 8, 0], [8, 7, 0], [8, 7, 0]]","[59.5, -21.5]",2.097272260649448,1.0381497690214768e+23
1734,0x959e104e1a4db6317fa58f8295f586e1a978c297,4566,25000000000000000000000,1641488503000,0x511ce1412b01c3af876120b0cff8c19873c55d49,1,1,"['24,141', '24,140', '25,141', '25,140']",4,land,"[[1, 8, 0], [0, 7, 0], [1, 8, 0], [0, 7, 0]]","[24.5, 140.5]",3.3829650695793463,8.457412673948366e+22
1735,0xf87e31492faf9a91b02ee0deaad50d51d56d5d4d,38111625095145107907897956032358039683052,4420000000000000000000,1641621275000,0xe4f1ffb476d5c3d10b270988527f2bde649c3a15,1,3,"['-58,-134', '111,-20']",2,road,"[[0, 0, 0], [0, 0, 0]]","[26.5, -77.0]",3.080049033207626,1.3613816726777705e+22
1736,0xf87e31492faf9a91b02ee0deaad50d51d56d5d4d,115792089237316195423570985008687907851568572831035871722140710970754288582599,5287000000000000000000,1641986340000,0x0e4fdc385bc5c9328424f9e9f372c0087707d09e,1,3,"['-6,-57']",1,parcel,"[[2, 0, 0]]","[-6.0, -57.0]",2.943249112150101,1.5560958055937586e+22
1737,0xf87e31492faf9a91b02ee0deaad50d51d56d5d4d,115792089237316195423570985008687907818561183239704840766193374049872772071332,4890000000000000000000,1641921495000,0xe832180699c39ea1bf5924bde675adb5d6df2263,6,4,"['-103,-92']",1,parcel,"[[0, 0, 0]]","[-103.0, -92.0]",2.943249112150101,1.4392488158413992e+22
1738,0xf87e31492faf9a91b02ee0deaad50d51d56d5d4d,6125082604576892342340742933771827806184,6666000000000000000000,1642339906000,0x0f9c8e98d122fb54fdcd65fc796eecbf74913307,0,1,"['17,-24']",1,parcel,"[[0, 0, 0]]","[17.0, -24.0]",3.124674912948848,2.0829082969717017e+22
1739,0xf87e31492faf9a91b02ee0deaad50d51d56d5d4d,8507059173023461586584365185794205286343,5222000000000000000000,1641075218000,0x9cc4f2332af0b6a63ba88bd790c9061271580588,1,2,"['24,-57', '24,-58']",2,road,"[[0, 0, 0], [0, 0, 0]]","[24.0, -57.5]",3.362912168662877,1.7561127344757545e+22
1740,0xf87e31492faf9a91b02ee0deaad50d51d56d5d4d,115792089237316195423570985008687907847144902061063671697116841074141301833796,5148000000000000000000,1645636910000,0xcaae8fc2e2f0c8bec80479a2eab7dbfa138ecb56,0,1,"['-18,68']",1,parcel,"[[6, 0, 8]]","[-18.0, 68.0]",2.585236181947326,1.3308795864664836e+22
1741,0x959e104e1a4db6317fa58f8295f586e1a978c297,3885,28000000000000000000000,1645330406000,0x3b1adc9cfa2fc290135d777b4046496e17320181,5,2,"['-105,-52', '-99,-95', '-59,-140', '-51,-140', '-37,149', '-37,148', '-37,147', '-36,149', '-36,148', '-36,147', '-22,28']",11,road,"[[0, 0, 0], [0, 0, 0], [0, 0, 0], [0, 0, 0], [9, 0, 0], [8, 0, 0], [7, 9, 0], [9, 0, 0], [8, 0, 0], [7, 9, 0], [0, 0, 0]]","[-50.45454545454545, 44.45454545454545]",2.910514160240482,8.149439648673348e+22
1742,0xf87e31492faf9a91b02ee0deaad50d51d56d5d4d,115792089237316195423570985008687907828429371880412056206631237665394050203587,15650000000000000000000,1644176447000,0x959e104e1a4db6317fa58f8295f586e1a978c297,0,1,[],0,,[],[0],3.318725280995242,5.193805064757553e+22
1743,0x959e104e1a4db6317fa58f8295f586e1a978c297,3684,21988000000000000000000,1645920638000,0xa9cadcd89f4906c82672b4154ffb19c4e8409ab5,6,4,"['58,-127', '58,-128', '59,-127', '59,-128', '142,-24', '142,-25']",6,road,"[[9, 0, 0], [0, 0, 0], [9, 0, 0], [0, 0, 0], [7, 0, 0], [7, 0, 0]]","[86.33333333333333, -93.16666666666667]",2.686743487271149,5.907611579811802e+22
1744,0xf87e31492faf9a91b02ee0deaad50d51d56d5d4d,115792089237316195423570985008687907843061513658012410135556345784960083296325,5150000000000000000000,1644062599000,0xaea7ee388b0740c80ef7e9d11b1d7f91d18f571d,0,4,"['-30,69']",1,parcel,"[[0, 6, 0]]","[-30.0, 69.0]",3.047315041602274,1.5693672464251712e+22
1745,0xf87e31492faf9a91b02ee0deaad50d51d56d5d4d,20076659648335369344339101838474324475785,5555000000000000000000,1642462967000,0x271d5a5134a10fc8975fea0f7d5b8d1e906b37a5,9,3,"['58,-119']",1,parcel,"[[1, 0, 0]]","[58.0, -119.0]",2.919809374476844,1.621954107521887e+22
1746,0xf87e31492faf9a91b02ee0deaad50d51d56d5d4d,115792089237316195423570985008687907843742078391854287062483094999823619719314,3600000000000000000000,1641313014000,0xd94a7c3d987803ba0c154a4ba5fe855631d5ec6c,0,3,"['-28,146']",1,parcel,"[[6, 8, 0]]","[-28.0, 146.0]",3.1944964852537963,1.1500187346913666e+22
1747,0xf87e31492faf9a91b02ee0deaad50d51d56d5d4d,17014118346046923173168730371588410572911,5188000000000000000000,1643557163000,0x2a7095e7be29a617db19de83e9eefb52bea24183,0,2,"['50,111', '50,110', '51,111', '54,111', '54,110']",5,road,"[[9, 9, 0], [9, 8, 0], [8, 9, 0], [5, 7, 0], [5, 7, 0]]","[51.8, 110.6]",2.5302591704510458,1.3126984576300025e+22
1748,0xf87e31492faf9a91b02ee0deaad50d51d56d5d4d,115792089237316195423570985008687907823325136376597979254680618553917527031788,5680000000000000000000,1644466067000,0x8750d371ab43d645de0c132261d36be52ddffcc5,0,1,"['-89,-20']",1,parcel,"[[3, 5, 9]]","[-89.0, -20.0]",3.3539721443673747,1.905056178000669e+22
1749,0xf87e31492faf9a91b02ee0deaad50d51d56d5d4d,115792089237316195423570985008687907823665418743518917718143993161349295243245,6666000000000000000000,1642695502000,0x3925ab6eb7b4755746f17d639c7edec7dd4881cb,1,1,"['-88,-19', '-87,-19', '-76,-51', '-76,-52']",4,road,"[[4, 6, 8], [5, 7, 8], [2, 0, 4], [2, 0, 4]]","[-81.75, -35.25]",2.6360883603314003,1.7572165009969112e+22
1750,0xf87e31492faf9a91b02ee0deaad50d51d56d5d4d,115792089237316195423570985008687907844762925492617102452873218822118924353414,5198000000000000000000,1644339421000,0xecef73d95760fab26006f52b73907c3b96c57a4a,5,2,"['-26,-122', '-25,-123']",2,road,"[[1, 0, 0], [0, 0, 0]]","[-25.5, -122.5]",3.495626507486707,1.8170266585915904e+22
1751,0xf87e31492faf9a91b02ee0deaad50d51d56d5d4d,9187623906865338513511114400657741709239,4988000000000000000000,1641718240000,0xe1482d720065e1ad0609f887e2a9797bc1d4846e,0,1,"['26,-73']",1,parcel,"[[1, 0, 0]]","[26.0, -73.0]",2.954629844358916,1.4737693663662273e+22
1752,0xf87e31492faf9a91b02ee0deaad50d51d56d5d4d,115792089237316195423570985008687907842040666557249594745166221962664778661930,6888000000000000000000,1641429810000,0x87746d7e08f5c6dd627f7e695739e48babe9e511,3,2,"['-33,42']",1,parcel,"[[0, 9, 0]]","[-33.0, 42.0]",2.9390688380014987,2.0244306156154322e+22
1753,0xf87e31492faf9a91b02ee0deaad50d51d56d5d4d,115792089237316195423570985008687907844422643125696163989409844214687156142037,4988000000000000000000,1642088138000,0xff8da23b3871e9ad71f27ea413bf69fab8cc2c09,2,2,"['-27,-43']",1,parcel,"[[6, 0, 0]]","[-27.0, -43.0]",2.904286712625543,1.4486582122576209e+22
1754,0xf87e31492faf9a91b02ee0deaad50d51d56d5d4d,115792089237316195423570985008687907850547725730273056331750587148458983948165,6299000000000000000000,1643921158000,0xec1ae93d1c82e90ab10a0798196934c82e18827d,0,1,"['-9,-123']",1,parcel,"[[0, 0, 8]]","[-9.0, -123.0]",2.6601644067675365,1.6756375598228713e+22
1755,0xf87e31492faf9a91b02ee0deaad50d51d56d5d4d,19736377281414430880875727231042556264495,6000000000000000000000,1642603745000,0x5d176ee615edf39c3c4a4616f953c49241ce8587,0,1,"['-75,-49', '58,47']",2,road,"[[1, 0, 3], [2, 1, 4]]","[-8.5, -1.0]",2.743729245505247,1.646237547303148e+22
1756,0xf87e31492faf9a91b02ee0deaad50d51d56d5d4d,115792089237316195423570985008687907824345983477360794645070742376212831666056,5100000000000000000000,1643792418000,0x6e6ee1d11e05998c77c4cb2dca3b8cf7e397e498,0,1,"['-86,-120']",1,parcel,"[[0, 0, 0]]","[-86.0, -120.0]",2.697334799791993,1.3756407478939166e+22
1757,0xf87e31492faf9a91b02ee0deaad50d51d56d5d4d,115792089237316195423570985008687907841360101823407717818239472747801242238963,5950000000000000000000,1644657655000,0xbd30f335272e6557df6a5467eddff592debc2c44,0,1,"['-36,-13']",1,parcel,"[[0, 0, 0]]","[-36.0, -13.0]",2.934937766523291,1.7462879710813585e+22
1758,0xf87e31492faf9a91b02ee0deaad50d51d56d5d4d,20416942015256307807802476445906092687286,15420000000000000000000,1645154588000,0xba650840835ad316455df1332a742eb7570199ef,8,4,"['16,10', '59,-74', '126,-26']",3,road,"[[3, 0, 5], [0, 0, 2], [0, 0, 0]]","[67.0, -30.0]",3.092036288372708,4.767919956670716e+22
1759,0xf87e31492faf9a91b02ee0deaad50d51d56d5d4d,115792089237316195423570985008687907844762925492617102452873218822118924353492,5499000000000000000000,1643140406000,0xc00decf73b870a49c09a96f42447d5c6d092d7d9,0,1,"['-26,-44']",1,parcel,"[[5, 0, 0]]","[-26.0, -44.0]",2.1260324733787064,1.1691052571109506e+22
1760,0xf87e31492faf9a91b02ee0deaad50d51d56d5d4d,1020847100762815390390123822295304634431,11000000000000000000000,1643688135000,0xd1b788a5265d140a76ccf911d204fb699ae6deb7,1,1,"['2,63', '3,63']",2,road,"[[0, 0, 0], [0, 0, 0]]","[2.5, 63.0]",2.838711845336331,3.1225830298699644e+22
1761,0x959e104e1a4db6317fa58f8295f586e1a978c297,4571,9000000000000000000000,1642194724000,0xe16803d17b62b06f6a779c92cca649fd2b80c95f,1,1,[],0,,[],[0],2.9626491224649576,2.666384210218462e+22
1762,0xf87e31492faf9a91b02ee0deaad50d51d56d5d4d,115792089237316195423570985008687907807672147498234809935365386612056189304709,4688000000000000000000,1644913835000,0x082cd0f009952f397629f2b92a6f70f77cd306df,1,1,"['-135,-123']",1,parcel,"[[0, 0, 0]]","[-135.0, -123.0]",2.851976334924339,1.3370065058125301e+22
1763,0xf87e31492faf9a91b02ee0deaad50d51d56d5d4d,42535295865117307932921825928971026431993,4450000000000000000000,1641227204000,0x400aabcbbe8348b463a5ed2c0eba227a60c731be,0,2,"['124,-7']",1,parcel,"[[5, 7, 0]]","[124.0, -7.0]",3.2654965487737213,1.453145964204306e+22
1764,0xf87e31492faf9a91b02ee0deaad50d51d56d5d4d,115792089237316195423570985008687907809033276965918563789218885041783262150511,4869000000000000000000,1646165689000,0xf852c55b35da1a6627ce6879510ea4c85109f40e,1,1,"['-131,-145']",1,parcel,"[[0, 0, 0]]","[-131.0, -145.0]",2.8446006763798737,1.3850360693293603e+22
1765,0xf87e31492faf9a91b02ee0deaad50d51d56d5d4d,115792089237316195423570985008687907848506031528747425550970339503868374679581,5800000000000000000000,1642965565000,0x546c7f384b0b43280486976975d5538eda082cef,3,4,"['-14,29']",1,parcel,"[[0, 0, 0]]","[-14.0, 29.0]",2.1191673192784792,1.229117045181518e+22
1766,0x959e104e1a4db6317fa58f8295f586e1a978c297,3535,40000000000000000000000,1640959199000,0x8dbfbd35f8bc9622ef907c372f4d91188d4de8b3,7,5,"['35,-71', '35,-72', '35,-73', '35,-74', '35,-75', '36,-71', '36,-72', '36,-73', '36,-74', '36,-75', '37,-71', '37,-72', '37,-73', '37,-74', '37,-75']",15,land,"[[0, 0, 0], [0, 0, 0], [0, 0, 0], [0, 0, 0], [0, 0, 0], [1, 0, 0], [1, 0, 0], [1, 0, 0], [1, 0, 0], [1, 0, 0], [2, 0, 0], [2, 0, 0], [2, 0, 0], [2, 0, 0], [2, 0, 0]]","[36.0, -73.0]",3.2837753609862053,1.313510144394482e+23
1767,0xf87e31492faf9a91b02ee0deaad50d51d56d5d4d,115792089237316195423570985008687907820943159808151410010436996301895149551518,5149000000000000000000,1642862155000,0xd10f84a4e2fd26a94992b5957ce0e1e3de13f075,0,2,"['-96,-98']",1,parcel,"[[0, 0, 0]]","[-96.0, -98.0]",2.0414460677600186,1.0511405802896335e+22
1768,0x959e104e1a4db6317fa58f8295f586e1a978c297,4639,23988000000000000000000,1643390045000,0x8567bc1940cf5e8b18bbcc3c27a6bd7619caf527,0,1,"['-34,-102', '-34,-103', '-33,-102', '-33,-103', '-32,-102', '-32,-103']",6,road,"[[0, 0, 0], [0, 0, 0], [0, 0, 0], [0, 0, 0], [0, 0, 0], [0, 0, 0]]","[-33.0, -102.5]",2.294435983046395,5.503893036131692e+22
1769,0xf87e31492faf9a91b02ee0deaad50d51d56d5d4d,115792089237316195423570985008687907820943159808151410010436996301895149551594,6700000000000000000000,1641814571000,0x1156bf625b37623a86d004e66e0a01ec4b17e051,4,4,"['-96,-21', '-96,-22', '-95,-21']",3,road,"[[0, 1, 0], [1, 2, 0], [0, 1, 0]]","[-95.66666666666667, -21.333333333333332]",2.955280483500563,1.980037923945377e+22
1770,0xf87e31492faf9a91b02ee0deaad50d51d56d5d4d,17014118346046923173168730371588410572911,5999000000000000000000,1645494873000,0x2a7095e7be29a617db19de83e9eefb52bea24183,0,2,"['50,111', '50,110', '51,111', '54,111', '54,110']",5,road,"[[9, 9, 0], [9, 8, 0], [8, 9, 0], [5, 7, 0], [5, 7, 0]]","[51.8, 110.6]",2.493529758005366,1.4958685018274193e+22
1771,0xf87e31492faf9a91b02ee0deaad50d51d56d5d4d,115792089237316195423570985008687907839998972355723963964385974318074169393273,5677000000000000000000,1643042811000,0x4ee21366a80de48cd9124e103d686e6308498209,0,1,"['-39,121']",1,parcel,"[[1, 3, 0]]","[-39.0, 121.0]",2.097272260649448,1.1906214623706916e+22
1772,0x959e104e1a4db6317fa58f8295f586e1a978c297,1135,11000000000000000000000,1641620182000,0xc926e3416be04716900d715eec86f81b7cac7149,6,3,"['-39,148', '-39,147']",2,land,"[[8, 0, 0], [7, 9, 0]]","[-39.0, 147.5]",3.080049033207626,3.3880539365283885e+22
1773,0xf87e31492faf9a91b02ee0deaad50d51d56d5d4d,115792089237316195423570985008687907841700384190328656281702847355233010450327,6450000000000000000000,1643250780000,0x776d1858a019a5371054d1baab87d94463bb0c69,0,1,"['-35,-105', '18,-102']",2,road,"[[0, 0, 0], [0, 0, 0]]","[-8.5, -103.5]",2.1741773039497394,1.4023443610475818e+22
1774,0xf87e31492faf9a91b02ee0deaad50d51d56d5d4d,115792089237316195423570985008687907850207443363352117868287212541027215736775,4250000000000000000000,1641487680000,0xf3cf2e0e0aa43549f7af4c1879402a7796a1ff0f,0,4,"['-10,-57']",1,parcel,"[[2, 0, 0]]","[-10.0, -57.0]",3.3829650695793463,1.4377601545712221e+22
1775,0xf87e31492faf9a91b02ee0deaad50d51d56d5d4d,12590447576074723148144860474975423824003,5499000000000000000000,1641986290000,0x44d9394234a9e8d0d01c9897ae0c35d1e38d18b4,0,1,"['37,131']",1,parcel,"[[1, 9, 0]]","[37.0, 131.0]",2.943249112150101,1.6184926867713407e+22
1776,0xf87e31492faf9a91b02ee0deaad50d51d56d5d4d,47639531368931384884872445040447549603692,5070000000000000000000,1642316347000,0x2beccefc0bfd86711449b70a64ba89ecfbea2478,1,2,"['105,-139', '139,-148']",2,road,"[[0, 0, 0], [1, 0, 0]]","[122.0, -143.5]",2.9998911780482875,1.5209448272704819e+22
1777,0x959e104e1a4db6317fa58f8295f586e1a978c297,4670,9999000000000000000000,1645917853000,0x1253594843798ff0fcd7fa221b820c2d3ca58fd5,0,1,"['47,114', '47,113']",2,land,"[[0, 0, 0], [0, 0, 0]]","[47.0, 113.5]",2.686743487271149,2.686474812922422e+22
1778,0xf87e31492faf9a91b02ee0deaad50d51d56d5d4d,115792089237316195423570985008687907838978125254961148573995850495778864758869,4950000000000000000000,1645325692000,0x80b82daf9fee4ff667a3b3a429cc545b13b45213,0,2,"['-60,-13', '-57,149', '-42,85', '22,-45', '41,74']",5,road,"[[8, 3, 0], [0, 0, 0], [7, 4, 0], [1, 0, 0], [8, 0, 0]]","[-19.2, 50.0]",2.910514160240482,1.4407045093190386e+22
1779,0xf87e31492faf9a91b02ee0deaad50d51d56d5d4d,19055812547572553953948978016179019841411,4850000000000000000000,1641919723000,0xbcbbd216c2b665811767bcc02569803b1c620c9d,0,4,"['55,-125']",1,parcel,"[[7, 0, 0]]","[55.0, -125.0]",2.943249112150101,1.4274758193927988e+22
1780,0xf87e31492faf9a91b02ee0deaad50d51d56d5d4d,115792089237316195423570985008687907817540336138942025375803250227577467437012,6399000000000000000000,1644059699000,0x959e104e1a4db6317fa58f8295f586e1a978c297,0,1,[],0,,[],[0],2.827924994351074,1.8095892038852521e+22
1781,0xf87e31492faf9a91b02ee0deaad50d51d56d5d4d,115792089237316195423570985008687907828429371880412056206631237665394050203588,15650000000000000000000,1644176439000,0x959e104e1a4db6317fa58f8295f586e1a978c297,0,1,[],0,,[],[0],3.318725280995242,5.193805064757553e+22
1782,0xf87e31492faf9a91b02ee0deaad50d51d56d5d4d,115792089237316195423570985008687907844082360758775225525946469607255387930575,9699000000000000000000,1645631739000,0xe0a46c097c698e8b14a61b6e9690fa1821aed880,1,1,"['-38,102', '-28,-49']",2,road,"[[0, 2, 0], [0, 0, 0]]","[-33.0, 26.5]",2.585236181947326,2.5074205728707115e+22
1783,0xf87e31492faf9a91b02ee0deaad50d51d56d5d4d,8507059173023461586584365185794205286342,5222000000000000000000,1641075165000,0x9cc4f2332af0b6a63ba88bd790c9061271580588,1,2,"['24,-57', '24,-58']",2,road,"[[0, 0, 0], [0, 0, 0]]","[24.0, -57.5]",3.362912168662877,1.7561127344757545e+22
1784,0xf87e31492faf9a91b02ee0deaad50d51d56d5d4d,115792089237316195423570985008687907839318407621882087037459225103210632970362,5287000000000000000000,1642434869000,0xe6c649d166d5010cdaf0ed4f02919f08ed2c54b7,0,1,"['-41,122']",1,parcel,"[[1, 5, 0]]","[-41.0, 122.0]",2.919809374476844,1.5437032162859076e+22
1785,0xf87e31492faf9a91b02ee0deaad50d51d56d5d4d,41514448764354492542531702106675721797625,6100000000000000000000,1642694551000,0xf4ba497f8bdd7a9e0f65f4c918f20b70d5b75c5f,0,3,"['121,-7']",1,parcel,"[[5, 7, 0]]","[121.0, -7.0]",2.6360883603314003,1.6080138998021542e+22
1786,0xf87e31492faf9a91b02ee0deaad50d51d56d5d4d,115792089237316195423570985008687907815838924304337333058486377190418626379731,5725000000000000000000,1644339181000,0x9c82f844c9c25fe72f2a340537fe8d4db858a659,1,1,"['-111,-45']",1,parcel,"[[0, 0, 0]]","[-111.0, -45.0]",3.495626507486707,2.0012461755361395e+22
1787,0x959e104e1a4db6317fa58f8295f586e1a978c297,1399,27900000000000000000000,1643543317000,0xc70650c50487853ed6ff692945cd05a446a95536,2,1,"['-49,15', '-48,15']",2,land,"[[0, 7, 0], [0, 8, 0]]","[-48.5, 15.0]",2.3763648429587017,6.630057911854778e+22
1788,0xf87e31492faf9a91b02ee0deaad50d51d56d5d4d,17354400712967861636632104979020178784126,5200000000000000000000,1642782901000,0x40424a17f9634eeae02966f308d6dac2a06b441c,3,2,"['50,-130']",1,parcel,"[[0, 0, 0]]","[50.0, -130.0]",2.2301581473863834,1.1596822366409193e+22
1789,0xf87e31492faf9a91b02ee0deaad50d51d56d5d4d,50021507937377954129116067292469927084007,4695000000000000000000,1641713225000,0x871d2034837381a29124ccd7d2a383f07489e77a,0,1,"['146,-25']",1,parcel,"[[3, 0, 0]]","[146.0, -25.0]",2.954629844358916,1.3871987119265111e+22
1790,0xf87e31492faf9a91b02ee0deaad50d51d56d5d4d,5444517870735015415413993718908291383306,10200000000000000000000,1644654822000,0xba650840835ad316455df1332a742eb7570199ef,2,2,"['16,10', '59,-74', '126,-26']",3,road,"[[3, 0, 5], [0, 0, 2], [0, 0, 0]]","[67.0, -30.0]",2.934937766523291,2.993636521853757e+22
1791,0x959e104e1a4db6317fa58f8295f586e1a978c297,4546,60000000000000000000000,1642603739000,0xb7ed78e4511c031feeef5182edb89b3e900cf4aa,2,1,"['-46,8', '-46,7', '-45,8', '-45,7']",4,land,"[[0, 9, 0], [0, 9, 0], [0, 0, 0], [0, 0, 0]]","[-45.5, 7.5]",2.743729245505247,1.646237547303148e+23
1792,0xf87e31492faf9a91b02ee0deaad50d51d56d5d4d,115792089237316195423570985008687907807331865131313871471902012004624421093315,5150000000000000000000,1641311034000,0xbda45ccc8547e2b4312d14b8108dd478face61d4,0,2,"['-136,-61']",1,parcel,"[[0, 0, 0]]","[-136.0, -61.0]",3.1944964852537963,1.6451656899057053e+22
1793,0x959e104e1a4db6317fa58f8295f586e1a978c297,399,510000000000000000000000,1643916863000,0x42e0eaa14ac4dfde0045052deb6994665990a40f,12,2,"['-86,-55', '-86,-56', '-86,-57', '-86,-58', '-86,-59', '-85,-55', '-85,-56', '-85,-57', '-85,-58', '-85,-59', '-84,-55', '-84,-56', '-84,-57', '-84,-58', '-84,-59', '-83,-55', '-83,-56', '-83,-57', '-83,-58', '-83,-59', '-82,-55', '-82,-56', '-82,-57', '-82,-58', '-82,-59', '-81,-55', '-81,-56', '-81,-57', '-81,-58', '-81,-59', '-80,-55', '-80,-56', '-80,-57', '-80,-58', '-80,-59', '-79,-55', '-79,-56', '-79,-57', '-79,-58', '-79,-59', '-78,-55', '-78,-56', '-78,-57', '-78,-58', '-78,-59', '-77,-55', '-77,-56', '-77,-57', '-77,-58', '-77,-59', '-76,-55', '-76,-56', '-76,-57', '-76,-58', '-76,-59', '-75,-55', '-75,-56', '-75,-57', '-75,-58', '-75,-59', '-74,-55', '-74,-56', '-74,-57', '-74,-58', '-74,-59']",65,land,"[[0, 0, 0], [0, 0, 0], [0, 0, 0], [0, 0, 0], [0, 0, 0], [1, 0, 0], [1, 0, 0], [1, 0, 0], [1, 0, 0], [1, 0, 0], [2, 0, 0], [2, 0, 0], [2, 0, 0], [2, 0, 0], [2, 0, 0], [3, 0, 0], [3, 0, 0], [3, 0, 0], [3, 0, 0], [3, 0, 0], [4, 0, 0], [4, 0, 0], [4, 0, 0], [4, 0, 0], [4, 0, 0], [5, 0, 9], [5, 0, 9], [5, 0, 9], [5, 0, 9], [5, 0, 9], [6, 0, 8], [6, 0, 8], [6, 0, 8], [6, 0, 8], [6, 0, 8], [5, 0, 7], [5, 0, 7], [5, 0, 7], [5, 0, 7], [5, 0, 7], [4, 0, 6], [4, 0, 6], [4, 0, 6], [4, 0, 6], [4, 0, 6], [3, 0, 5], [3, 0, 5], [3, 0, 5], [3, 0, 5], [3, 0, 5], [2, 0, 4], [2, 0, 4], [2, 0, 4], [2, 0, 4], [2, 0, 4], [1, 0, 3], [1, 0, 3], [1, 0, 3], [1, 0, 3], [1, 0, 3], [0, 0, 2], [0, 0, 2], [0, 0, 2], [0, 0, 2], [0, 0, 2]]","[-80.0, -57.0]",2.6601644067675365,1.3566838474514438e+24
1794,0xf87e31492faf9a91b02ee0deaad50d51d56d5d4d,1020847100762815390390123822295304634321,10000000000000000000000,1644453161000,0xe0faba4256e2ca17442dc54e59c1c3f6ef8c216e,2,1,"['-1,16', '2,-46', '2,-47', '7,-18']",4,road,"[[0, 0, 6], [0, 0, 0], [0, 0, 0], [0, 0, 8]]","[2.5, -23.75]",3.3539721443673747,3.3539721443673746e+22
1795,0x959e104e1a4db6317fa58f8295f586e1a978c297,4599,21988000000000000000000,1643782508000,0xcf0e97a0db5c3fc82fc43b0594bb5b2e8936e32a,3,2,"['59,-21', '59,-22', '60,-21', '60,-22']",4,land,"[[7, 8, 0], [7, 8, 0], [8, 7, 0], [8, 7, 0]]","[59.5, -21.5]",2.697334799791993,5.930899757782634e+22
1796,0xf87e31492faf9a91b02ee0deaad50d51d56d5d4d,9868188640707215440437863615521278132190,6555000000000000000000,1642085835000,0xdc568e75bba665aeb4543ee9c2e4bea44c310f75,1,2,"['28,-34']",1,parcel,"[[0, 0, 0]]","[28.0, -34.0]",2.904286712625543,1.9037599401260435e+22
1797,0xf87e31492faf9a91b02ee0deaad50d51d56d5d4d,115792089237316195423570985008687907809713841699760440716145634256646798573497,5188000000000000000000,1641424527000,0x9b0a9f86f3594256e99aa345f9526e197147a88a,0,1,"['-129,-71', '-129,-72', '1,142']",3,road,"[[0, 0, 0], [0, 0, 0], [2, 4, 0]]","[-85.66666666666667, -0.3333333333333333]",2.9390688380014987,1.5247889131551775e+22
1798,0xf87e31492faf9a91b02ee0deaad50d51d56d5d4d,3743106036130323098097120681749450325971,5497000000000000000000,1643681378000,0xb0b3bda3124525da505ebcac54dda3f2e6c30f15,1,1,"['10,-45']",1,parcel,"[[4, 0, 0]]","[10.0, -45.0]",2.838711845336331,1.5604399013813811e+22
1799,0xf87e31492faf9a91b02ee0deaad50d51d56d5d4d,13951577043758477001998358904702496669639,5444000000000000000000,1643137665000,0xed5ac2512cd3d0bdaea55b42abefc77c54a7f209,0,1,"['40,-57']",1,parcel,"[[2, 0, 0]]","[40.0, -57.0]",2.1260324733787064,1.1574120785073676e+22
1800,0xf87e31492faf9a91b02ee0deaad50d51d56d5d4d,115792089237316195423570985008687907845103207859538040916336593429550692564966,4400000000000000000000,1645129221000,0xda3374ebd805b3d2aa6ee2bc5fcb6d9cc00667e3,2,4,"['-25,-26', '21,68']",2,road,"[[0, 0, 0], [8, 3, 0]]","[-2.0, 21.0]",3.092036288372708,1.3604959668839916e+22
1801,0xf87e31492faf9a91b02ee0deaad50d51d56d5d4d,115792089237316195423570985008687907841360101823407717818239472747801242238939,4900000000000000000000,1644910056000,0x3b7844dc08464c3324c45bbf93bf5ecc2b8b156e,0,1,"['-36,-37']",1,parcel,"[[0, 0, 0]]","[-36.0, -37.0]",2.851976334924339,1.3974684041129262e+22
1802,0xf87e31492faf9a91b02ee0deaad50d51d56d5d4d,115792089237316195423570985008687907844762925492617102452873218822118924353559,6000000000000000000000,1642192486000,0x7057a463ff4effbe109b689edebddfd27c582e4b,0,1,"['-26,23', '-26,22', '-25,23', '-25,22', '-24,22']",5,road,"[[1, 0, 0], [0, 0, 0], [1, 0, 0], [0, 0, 0], [0, 0, 0]]","[-25.2, 22.4]",2.9626491224649576,1.7775894734789746e+22
1803,0xf87e31492faf9a91b02ee0deaad50d51d56d5d4d,115792089237316195423570985008687907815498641937416394595023002582986858168282,6388000000000000000000,1641221872000,0xf334664e20c8c8c69467fcbd30cfb567889dbe96,0,1,"['-112,-38']",1,parcel,"[[0, 0, 0]]","[-112.0, -38.0]",3.2654965487737213,2.085999195356653e+22
1804,0xf87e31492faf9a91b02ee0deaad50d51d56d5d4d,20416942015256307807802476445906092687228,4800000000000000000000,1646158207000,0xab2f743f916ec3b46574f60e3ad77fca075a81e1,6,5,"['59,-132']",1,parcel,"[[0, 0, 0]]","[59.0, -132.0]",2.8446006763798737,1.3654083246623394e+22
1805,0x959e104e1a4db6317fa58f8295f586e1a978c297,4581,8869000000000000000000,1640959085000,0x9c177efe6094c8969bd4009b03b1caabe64bdeb2,0,1,"['-118,-63', '-42,-68', '65,-30', '66,-30']",4,land,"[[0, 0, 0], [1, 0, 9], [7, 8, 0], [7, 8, 0]]","[-7.25, -47.75]",3.2837753609862053,2.9123803676586654e+22
1806,0xf87e31492faf9a91b02ee0deaad50d51d56d5d4d,115792089237316195423570985008687907843742078391854287062483094999823619719194,7000000000000000000000,1642959862000,0xf0bf2535207174593fb23bfa98b000a72daa2538,0,1,"['-41,42', '-28,26', '136,-149']",3,road,"[[0, 9, 0], [0, 0, 0], [0, 0, 0]]","[22.333333333333332, -27.0]",2.1191673192784792,1.4834171234949356e+22
1807,0xf87e31492faf9a91b02ee0deaad50d51d56d5d4d,115792089237316195423570985008687907806311018030551056081511888182329116458968,5000000000000000000000,1643040393000,0x6adf3bea0dc42ce10e33fbc6e819a6d681eb9e16,0,2,"['-139,-40']",1,parcel,"[[3, 0, 0]]","[-139.0, -40.0]",2.097272260649448,1.048636130324724e+22
1808,0xf87e31492faf9a91b02ee0deaad50d51d56d5d4d,12930729942995661611608235082407192035268,4987000000000000000000,1641979865000,0xb8f5431f3052a1167578736334ae77b6e4798db3,0,1,"['37,-60']",1,parcel,"[[2, 0, 0]]","[37.0, -60.0]",2.943249112150101,1.4677983322292554e+22
1809,0xf87e31492faf9a91b02ee0deaad50d51d56d5d4d,2041694201525630780780247644590609268754,6500000000000000000000,1645479699000,0x87a54ba159e39e58d95ab520bd4514eded0dd082,1,1,"['6,18']",1,parcel,"[[4, 0, 8]]","[6.0, 18.0]",2.493529758005366,1.620794342703488e+22
1810,0x2a187453064356c898cae034eaed119e1663acb8,57185297863566513972942179262897328960165422902043644479318401249366126846168,199000000000000000000,1641590949000,0xfeadcdeca6b69ac7bd6ccd20b0e642d3f13c925e,0,2,[],0,,[],[0],3.080049033207626,6.129297576083176e+20
1811,0xf87e31492faf9a91b02ee0deaad50d51d56d5d4d,115792089237316195423570985008687907851568572831035871722140710970754288582597,4275000000000000000000,1641487680000,0x45f836a8990948f75b16df23f1e5f330f499306f,1,3,"['-6,-59']",1,parcel,"[[2, 0, 0]]","[-6.0, -59.0]",3.3829650695793463,1.4462175672451706e+22
1812,0xf87e31492faf9a91b02ee0deaad50d51d56d5d4d,115792089237316195423570985008687907813797230102811702277706129545828017110995,5949000000000000000000,1642861119000,0xc7e5daf6f794547febc2d588b66be2500f3c3a32,2,4,"['-117,-45']",1,parcel,"[[0, 0, 0]]","[-117.0, -45.0]",2.0414460677600186,1.214456265710435e+22
1813,0xf87e31492faf9a91b02ee0deaad50d51d56d5d4d,140,7388000000000000000000,1642306770000,0x11b732a046a0a668a0e11321e4617ff579bc19b2,0,2,"['0,140']",1,parcel,"[[0, 2, 0]]","[0.0, 140.0]",2.9998911780482875,2.2163196023420748e+22
1814,0xf87e31492faf9a91b02ee0deaad50d51d56d5d4d,115792089237316195423570985008687907811755535901286071496925881901237407842260,5497000000000000000000,1641811236000,0xea786dced43d63e8867d48d03a93a0937bddf1c7,1,1,"['-123,-44']",1,parcel,"[[0, 0, 0]]","[-123.0, -44.0]",2.955280483500563,1.6245176817802593e+22
1815,0x959e104e1a4db6317fa58f8295f586e1a978c297,4653,9950000000000000000000,1643389407000,0x4a1bf5d5f3a824c4353614369451d5233d4d6f06,1,1,"['-49,-58', '-49,-59', '-20,-30', '23,128', '24,129', '24,128', '54,31']",7,road,"[[0, 0, 2], [0, 0, 2], [0, 0, 0], [0, 0, 0], [0, 0, 0], [0, 0, 0], [2, 5, 0]]","[1.0, 38.42857142857143]",2.294435983046395,2.2829638031311632e+22
1816,0xf87e31492faf9a91b02ee0deaad50d51d56d5d4d,115792089237316195423570985008687907825026548211202671571997491591076368089050,4868000000000000000000,1645890197000,0xc865aacb792d87e41039522e94a45edcbe26cc5c,1,1,"['-84,-38']",1,parcel,"[[2, 0, 0]]","[-84.0, -38.0]",2.686743487271149,1.3079067296035953e+22
1817,0xf87e31492faf9a91b02ee0deaad50d51d56d5d4d,115792089237316195423570985008687907817200053772021086912339875620145699225556,5550000000000000000000,1644059699000,0x959e104e1a4db6317fa58f8295f586e1a978c297,0,1,[],0,,[],[0],2.827924994351074,1.569498371864846e+22
1818,0xf87e31492faf9a91b02ee0deaad50d51d56d5d4d,115792089237316195423570985008687907839318407621882087037459225103210632970304,6000000000000000000000,1644172718000,0x006b082e8a781fdbaf499fd11aacfcebaf83d382,1,3,"['-41,64']",1,parcel,"[[8, 1, 0]]","[-41.0, 64.0]",3.318725280995242,1.991235168597145e+22
1819,0xf87e31492faf9a91b02ee0deaad50d51d56d5d4d,115792089237316195423570985008687907822984854009677040791217243946485758820269,5100000000000000000000,1643542030000,0x9b88a0a6e7f25553800d184b8db2b962b99389da,0,2,"['-90,-83']",1,parcel,"[[0, 0, 0]]","[-90.0, -83.0]",2.3763648429587017,1.2119460699089379e+22
1820,0xf87e31492faf9a91b02ee0deaad50d51d56d5d4d,115792089237316195423570985008687907853269984665640564039457584007913129639814,8888000000000000000000,1643250063000,0x4b78c38753d9408c9039d3751757d0ec32b18dc4,1,1,"['-1,-122']",1,parcel,"[[0, 0, 0]]","[-1.0, -122.0]",2.1741773039497394,1.9324087877505286e+22
1821,0xf87e31492faf9a91b02ee0deaad50d51d56d5d4d,48320096102773261811799194255311086026695,6100000000000000000000,1642434772000,0x226edfa9fb3a5ea2a084b064b7494773bced6924,2,2,"['141,-57']",1,parcel,"[[8, 2, 0]]","[141.0, -57.0]",2.919809374476844,1.7810837184308748e+22
1822,0xf87e31492faf9a91b02ee0deaad50d51d56d5d4d,115792089237316195423570985008687907833193325017305194695118482169438805164019,4999000000000000000000,1645325653000,0x80b82daf9fee4ff667a3b3a429cc545b13b45213,0,1,"['-60,-13', '-57,149', '-42,85', '22,-45', '41,74']",5,road,"[[8, 3, 0], [0, 0, 0], [7, 4, 0], [1, 0, 0], [8, 0, 0]]","[-19.2, 50.0]",2.910514160240482,1.454966028704217e+22
1823,0xf87e31492faf9a91b02ee0deaad50d51d56d5d4d,115792089237316195423570985008687907817540336138942025375803250227577467437031,5222000000000000000000,1645630658000,0x70d6d7cb90da07ee36ab3685ff03950d690d68b8,2,3,"['-106,-25']",1,parcel,"[[1, 5, 0]]","[-106.0, -25.0]",2.585236181947326,1.3500103342128938e+22
1824,0xf87e31492faf9a91b02ee0deaad50d51d56d5d4d,115792089237316195423570985008687907819241747973546717693120123264736308494273,5944000000000000000000,1642782600000,0xb24b20cab56401bec9de589efea541e9cdcf547b,0,2,"['-101,-63']",1,parcel,"[[0, 0, 0]]","[-101.0, -63.0]",2.2301581473863834,1.3256060028064662e+22
1825,0x959e104e1a4db6317fa58f8295f586e1a978c297,2772,9498000000000000000000,1644324625000,0xc143759083a5cc47b8f23e1a8aa8fddb6ebf6041,2,2,"['-75,-63', '-43,-70', '-43,-71', '-42,-70', '-42,-71', '13,14', '22,89']",7,road,"[[1, 0, 3], [2, 0, 8], [1, 0, 8], [2, 0, 9], [1, 0, 9], [2, 0, 4], [3, 2, 0]]","[-30.0, -34.57142857142857]",3.495626507486707,3.320146056810874e+22
1826,0x959e104e1a4db6317fa58f8295f586e1a978c297,1362,160000000000000000000000,1642690652000,0xf519172dc3cc531786db0db7292a51a1bcfa7d82,4,1,"['-51,79', '-51,78', '-51,77', '-51,76', '-51,75', '-51,74', '-50,80', '-50,79', '-50,78', '-50,77', '-50,76', '-50,75', '-50,74', '-49,80', '-49,79', '-49,78', '-49,77', '-49,76', '-49,75', '-49,74', '-48,80', '-48,79', '-48,78', '-48,77', '-48,76', '-48,75', '-48,74', '-47,80', '-47,79', '-47,78', '-47,77', '-47,76', '-47,75', '-47,74']",34,land,"[[0, 0, 0], [0, 0, 0], [0, 0, 0], [0, 0, 0], [0, 0, 0], [0, 0, 0], [0, 0, 0], [0, 0, 0], [0, 0, 0], [0, 0, 0], [0, 0, 0], [0, 0, 0], [0, 0, 0], [0, 0, 0], [0, 0, 0], [0, 0, 0], [0, 0, 0], [0, 0, 0], [0, 0, 0], [0, 0, 0], [0, 0, 0], [0, 0, 0], [0, 0, 0], [0, 0, 0], [0, 0, 0], [0, 0, 0], [0, 0, 0], [0, 0, 0], [0, 0, 0], [0, 0, 0], [0, 0, 0], [0, 0, 0], [0, 0, 0], [0, 0, 0]]","[-48.94117647058823, 76.91176470588235]",2.6360883603314003,4.21774137653024e+23
1827,0xf87e31492faf9a91b02ee0deaad50d51d56d5d4d,12250165209153784684681485867543655612357,5687000000000000000000,1641914146000,0x018d00b6ea67739b7367b3481cd357c68f5d24ad,1,2,"['35,-59']",1,parcel,"[[0, 0, 0]]","[35.0, -59.0]",2.943249112150101,1.6738257700797624e+22
1828,0xf87e31492faf9a91b02ee0deaad50d51d56d5d4d,4423670769972200025023869896612986748793,5950000000000000000000,1641074670000,0x4401576799a42f021293b524e962ccedc0d5e3d6,0,1,"['12,-135']",1,parcel,"[[0, 0, 1]]","[12.0, -135.0]",3.362912168662877,2.000932740354412e+22
1829,0xf87e31492faf9a91b02ee0deaad50d51d56d5d4d,21778071482940061661655974875633165533183,8900000000000000000000,1641710516000,0xd9c4c7225b2dcabbb3629cc3faea4217e8d523fd,3,2,"['63,-1']",1,parcel,"[[0, 0, 8]]","[63.0, -1.0]",2.954629844358916,2.629620561479435e+22
1830,0xf87e31492faf9a91b02ee0deaad50d51d56d5d4d,115792089237316195423570985008687907809713841699760440716145634256646798573496,5188000000000000000000,1641424503000,0x9b0a9f86f3594256e99aa345f9526e197147a88a,0,1,"['-129,-71', '-129,-72', '1,142']",3,road,"[[0, 0, 0], [0, 0, 0], [2, 4, 0]]","[-85.66666666666667, -0.3333333333333333]",2.9390688380014987,1.5247889131551775e+22
1831,0xf87e31492faf9a91b02ee0deaad50d51d56d5d4d,13271012309916600075071609689838960246794,5797000000000000000000,1643779350000,0x959e104e1a4db6317fa58f8295f586e1a978c297,0,1,[],0,,[],[0],2.697334799791993,1.5636449834394184e+22
1832,0xf87e31492faf9a91b02ee0deaad50d51d56d5d4d,47299249002010446421409070433015781392236,5700000000000000000000,1642595242000,0x822cd9762117d7570b13f7791170937fbe4b17ab,0,1,"['-41,124', '138,-148']",2,road,"[[1, 5, 0], [1, 0, 0]]","[48.5, -12.0]",2.743729245505247,1.5639256699379907e+22
1833,0xf87e31492faf9a91b02ee0deaad50d51d56d5d4d,1701411834604692317316873037158841057307,5999000000000000000000,1643663584000,0x349a43a0e1da6b4755a4414e892c2d6a1e890810,0,1,"['5,27']",1,parcel,"[[3, 0, 0]]","[5.0, 27.0]",2.838711845336331,1.7029432360172652e+22
1834,0xf87e31492faf9a91b02ee0deaad50d51d56d5d4d,1020847100762815390390123822295304634322,10000000000000000000000,1644452813000,0xe0faba4256e2ca17442dc54e59c1c3f6ef8c216e,3,1,"['-1,16', '2,-46', '2,-47', '7,-18']",4,road,"[[0, 0, 6], [0, 0, 0], [0, 0, 0], [0, 0, 8]]","[2.5, -23.75]",3.3539721443673747,3.3539721443673746e+22
1835,0xf87e31492faf9a91b02ee0deaad50d51d56d5d4d,115792089237316195423570985008687907809033276965918563789218885041783262150686,6169000000000000000000,1643901011000,0xae8f1177a7c84a77bf53c26caf114a8c02a2e573,0,1,"['-130,30']",1,parcel,"[[2, 3, 0]]","[-130.0, 30.0]",2.6601644067675365,1.6410554225348932e+22
1836,0xf87e31492faf9a91b02ee0deaad50d51d56d5d4d,115792089237316195423570985008687907805290170929788240691121764360033811824665,9600000000000000000000,1641305505000,0xc0619c121c2c7dc4bfdaf6fa6a081b1443e2b0e3,2,1,"['-141,25', '-92,-18', '2,62']",3,road,"[[0, 5, 0], [0, 2, 7], [0, 0, 0]]","[-77.0, 23.0]",3.1944964852537963,3.0667166258436445e+22
1837,0xf87e31492faf9a91b02ee0deaad50d51d56d5d4d,7486212072260646196194241363498900652040,9000000000000000000000,1643123600000,0x5b3d787303d8127e66f7238274fae328896fd199,1,1,"['-150,-146', '-36,-10', '20,-120', '22,8', '39,-63', '55,-13', '89,-36']",7,road,"[[0, 0, 0], [8, 0, 0], [0, 0, 0], [6, 0, 0], [4, 0, 0], [3, 0, 0], [1, 2, 0]]","[5.571428571428571, -54.285714285714285]",2.1260324733787064,1.9134292260408357e+22
1838,0x959e104e1a4db6317fa58f8295f586e1a978c297,4669,12999000000000000000000,1645119232000,0x9ad7316a8196c5a5165378dd575e9d1d14f6e631,0,1,"['-19,-105', '-19,-106']",2,land,"[[0, 0, 0], [0, 0, 0]]","[-19.0, -105.5]",3.092036288372708,4.019337971255684e+22
1839,0xf87e31492faf9a91b02ee0deaad50d51d56d5d4d,115792089237316195423570985008687907829109936614253933133557986880257586626541,5245000000000000000000,1644642006000,0x06200a2a217500f54c94f622054d53cfcdc0e15c,1,1,"['-72,-19', '-71,-18']",2,road,"[[6, 7, 8], [5, 6, 7]]","[-71.5, -18.5]",2.934937766523291,1.5393748585414662e+22
1840,0xf87e31492faf9a91b02ee0deaad50d51d56d5d4d,19055812547572553953948978016179019841407,4700000000000000000000,1644904379000,0x72afd6d26029dce834eee9eb4d38386e7bb4f627,2,2,"['55,-129']",1,parcel,"[[0, 0, 0]]","[55.0, -129.0]",2.851976334924339,1.3404288774144394e+22
1841,0xf87e31492faf9a91b02ee0deaad50d51d56d5d4d,43556142965880123323311949751266331066350,4999000000000000000000,1642078213000,0x055b14df809d19c5dae62ffc943a1c33d1d265a8,2,3,"['20,23', '127,-18']",2,road,"[[0, 0, 0], [0, 0, 0]]","[73.5, 2.5]",2.904286712625543,1.451852927641509e+22
1842,0xf87e31492faf9a91b02ee0deaad50d51d56d5d4d,19396094914493492417412352623610788052880,8888000000000000000000,1642191359000,0xf10b5ccce3f0862f7601af4c13f66acaf466ac58,1,1,"['56,-112']",1,parcel,"[[0, 0, 0]]","[56.0, -112.0]",2.9626491224649576,2.633202540046854e+22
1843,0xf87e31492faf9a91b02ee0deaad50d51d56d5d4d,115792089237316195423570985008687907830811348448858625450874859917416427683950,5269000000000000000000,1642958831000,0x4b8e07d2f7c3e7ba40b3483da30764623ec9e461,0,1,"['-66,110']",1,parcel,"[[4, 7, 0]]","[-66.0, 110.0]",2.1191673192784792,1.1165892605278306e+22
1844,0x959e104e1a4db6317fa58f8295f586e1a978c297,3447,6000000000000000000000,1640957425000,0x5ce213893956bbf4249a7f8a079331280065eec6,3,2,"['-108,-62', '-91,-74', '-85,-35', '-38,98', '4,-69', '8,-94', '11,61', '12,-94', '40,-61', '56,111']",10,road,"[[1, 0, 0], [4, 0, 0], [1, 0, 0], [0, 2, 0], [0, 0, 2], [0, 0, 2], [0, 0, 0], [0, 0, 2], [5, 0, 0], [3, 5, 0]]","[-19.1, -21.9]",3.2837753609862053,1.970265216591723e+22
1845,0xf87e31492faf9a91b02ee0deaad50d51d56d5d4d,115792089237316195423570985008687907827068242412728302352777739235666977357795,4475000000000000000000,1641212805000,0xb955dc4785ac0e821ecda15415e2614c62f7ad23,0,4,"['-78,-29']",1,parcel,"[[8, 0, 0]]","[-78.0, -29.0]",3.2654965487737213,1.4613097055762403e+22
1846,0xf87e31492faf9a91b02ee0deaad50d51d56d5d4d,33007389591331030955947336920881516511221,5885000000000000000000,1645466389000,0x3578d3742ce119f44879ca7c57e877209c7ab4d3,0,1,"['96,-11']",1,parcel,"[[2, 2, 4]]","[96.0, -11.0]",2.493529758005366,1.467442262586158e+22
1847,0xf87e31492faf9a91b02ee0deaad50d51d56d5d4d,6125082604576892342340742933771827806088,5900000000000000000000,1646157873000,0x3a5937abd337251df24edac6fcedae9997d381da,0,1,"['17,-120']",1,parcel,"[[0, 0, 0]]","[17.0, -120.0]",2.8446006763798737,1.6783143990641256e+22
1848,0xf87e31492faf9a91b02ee0deaad50d51d56d5d4d,115792089237316195423570985008687907841700384190328656281702847355233010450326,6450000000000000000000,1642858213000,0xd2845295e8c35d0d19e9f092249bca88f99cb881,0,1,"['-35,-106']",1,parcel,"[[0, 0, 0]]","[-35.0, -106.0]",2.0414460677600186,1.3167327137052118e+22
1849,0xf87e31492faf9a91b02ee0deaad50d51d56d5d4d,115792089237316195423570985008687907851568572831035871722140710970754288582598,4275000000000000000000,1641487680000,0x762c86cbd4e0b88d8d734ec8507b29e00d09b4fd,1,3,"['-6,-58', '15,-64']",2,road,"[[2, 0, 0], [0, 0, 7]]","[4.5, -61.0]",3.3829650695793463,1.4462175672451706e+22
1850,0xf87e31492faf9a91b02ee0deaad50d51d56d5d4d,115792089237316195423570985008687907844762925492617102452873218822118924353489,4750000000000000000000,1641585897000,0x959e104e1a4db6317fa58f8295f586e1a978c297,1,1,[],0,,[],[0],3.080049033207626,1.4630232907736223e+22
1851,0xf87e31492faf9a91b02ee0deaad50d51d56d5d4d,115792089237316195423570985008687907834214172118068010085508605991734109798408,5999000000000000000000,1641978861000,0xbc9b5877f0b15408b2c15c0581a51a960c34bf01,2,2,"['-56,8']",1,parcel,"[[4, 0, 0]]","[-56.0, 8.0]",2.943249112150101,1.7656551423788456e+22
1852,0xf87e31492faf9a91b02ee0deaad50d51d56d5d4d,115792089237316195423570985008687907842040666557249594745166221962664778661781,5960000000000000000000,1643040314000,0xbc6aca2c9044e45b91f65b39de991af96095bfe1,0,1,"['-34,-107']",1,parcel,"[[0, 0, 0]]","[-34.0, -107.0]",2.097272260649448,1.249974267347071e+22
1853,0xf87e31492faf9a91b02ee0deaad50d51d56d5d4d,51042355038140769519506191114765231718376,5099000000000000000000,1641804011000,0x15fa2492b93a2f70772202835229f7ede0865a73,0,3,"['55,-11', '149,-24']",2,road,"[[3, 0, 0], [0, 0, 0]]","[102.0, -17.5]",2.955280483500563,1.506897518536937e+22
1854,0x959e104e1a4db6317fa58f8295f586e1a978c297,4588,26000000000000000000000,1643383325000,0x72f835e889705966db801419b1cc580f17db1d02,0,1,"['-24,25', '-23,25', '-22,26', '-22,25']",4,land,"[[2, 0, 0], [1, 0, 0], [0, 0, 0], [0, 0, 0]]","[-22.75, 25.25]",2.294435983046395,5.965533555920627e+22
1855,0xf87e31492faf9a91b02ee0deaad50d51d56d5d4d,115792089237316195423570985008687907825026548211202671571997491591076368089069,5500000000000000000000,1642302541000,0xb9247eed91830950373f657d2e1fe843b1a4d152,0,2,"['-84,-19']",1,parcel,"[[6, 0, 8]]","[-84.0, -19.0]",2.9998911780482875,1.6499401479265582e+22
1856,0xf87e31492faf9a91b02ee0deaad50d51d56d5d4d,115792089237316195423570985008687907812776383002048886887316005723532712476614,6000000000000000000000,1645846473000,0x704e944b47803dc3bd1810d71870b9e3f044316c,0,2,"['-120,-58']",1,parcel,"[[0, 0, 0]]","[-120.0, -58.0]",2.7507194804919237,1.6504316882951541e+22
1857,0xf87e31492faf9a91b02ee0deaad50d51d56d5d4d,15312706511442230855851857334429569515539,5980000000000000000000,1644045464000,0x959e104e1a4db6317fa58f8295f586e1a978c297,0,1,[],0,,[],[0],2.827924994351074,1.6910991466219421e+22
1858,0xf87e31492faf9a91b02ee0deaad50d51d56d5d4d,24160048051386630905899597127655543013333,6325000000000000000000,1642432920000,0x95b3a979fedc5533c9e4678c3d998652270dfc54,0,3,"['8,63', '70,-43']",2,road,"[[0, 0, 0], [1, 3, 8]]","[39.0, 10.0]",2.919809374476844,1.8467794293566038e+22
1859,0xf87e31492faf9a91b02ee0deaad50d51d56d5d4d,24840612785228507832826346342519079436269,5500000000000000000000,1644171973000,0xf5d1eaf99d4b5f21e815288012870cd9ffe30d07,1,1,"['-123,-23', '26,-28', '72,-19']",3,road,"[[2, 3, 0], [0, 0, 0], [7, 2, 9]]","[-8.333333333333334, -23.333333333333332]",3.318725280995242,1.825298904547383e+22
1860,0xf87e31492faf9a91b02ee0deaad50d51d56d5d4d,115792089237316195423570985008687907837616995787277394720142352066051791912907,8888000000000000000000,1644320356000,0x471f3d8547f333da6af3a3cbe08dcffe95633c73,1,1,"['-47,-53']",1,parcel,"[[0, 0, 4]]","[-47.0, -53.0]",3.3015594156099715,2.9344260085941426e+22
1861,0x2a187453064356c898cae034eaed119e1663acb8,75813217472704458082128562858715667284025988388531214398141900085862766779306,100000000000000000000,1645619944000,0x0749d1abb5ca9128432b612644c0ea1e9c6cc9af,0,1,[],0,,[],[0],2.585236181947326,2.585236181947326e+20
1862,0xf87e31492faf9a91b02ee0deaad50d51d56d5d4d,115792089237316195423570985008687907843742078391854287062483094999823619719192,7000000000000000000000,1642688418000,0xebff93d8ac49c037519e84a075bf231023224ddc,0,1,"['-28,25', '-28,24']",2,road,"[[0, 0, 0], [0, 0, 0]]","[-28.0, 24.5]",2.6360883603314003,1.8452618522319802e+22
1863,0xf87e31492faf9a91b02ee0deaad50d51d56d5d4d,115792089237316195423570985008687907847144902061063671697116841074141301833708,4980000000000000000000,1641064290000,0x8b81e64b6d4ebe2ec0f155df28c54ae2f20189dd,1,3,"['-117,-63', '-116,-63', '-52,-97', '-22,-142', '-19,-20', '21,-52', '32,-146', '64,-1']",8,road,"[[0, 0, 0], [0, 0, 0], [0, 0, 0], [0, 0, 8], [8, 0, 0], [0, 0, 0], [3, 0, 0], [0, 0, 7]]","[-26.125, -73.0]",3.362912168662877,1.6747302599941127e+22
1864,0xf87e31492faf9a91b02ee0deaad50d51d56d5d4d,115792089237316195423570985008687907844762925492617102452873218822118924353414,4000000000000000000000,1643230612000,0xecef73d95760fab26006f52b73907c3b96c57a4a,5,2,"['-26,-122', '-25,-123']",2,road,"[[1, 0, 0], [0, 0, 0]]","[-25.5, -122.5]",2.1741773039497394,8.696709215798957e+21
1865,0xf87e31492faf9a91b02ee0deaad50d51d56d5d4d,115792089237316195423570985008687907819922312707388594620046872479599844917153,5160000000000000000000,1645325637000,0x3b1adc9cfa2fc290135d777b4046496e17320181,0,1,"['-105,-52', '-99,-95', '-59,-140', '-51,-140', '-37,149', '-37,148', '-22,28']",7,road,"[[0, 0, 0], [0, 0, 0], [0, 0, 0], [0, 0, 0], [9, 0, 0], [8, 0, 0], [0, 0, 0]]","[-58.57142857142857, -14.571428571428571]",2.910514160240482,1.5018253066840886e+22
1866,0xf87e31492faf9a91b02ee0deaad50d51d56d5d4d,115792089237316195423570985008687907830811348448858625450874859917416427683949,5199000000000000000000,1642779157000,0x89e4fd306eacf8b8c9546411f0489fcd358706bd,2,1,"['-66,109']",1,parcel,"[[5, 7, 0]]","[-66.0, 109.0]",2.2301581473863834,1.1594592208261808e+22
1867,0x959e104e1a4db6317fa58f8295f586e1a978c297,4572,25888000000000000000000,1641415534000,0xd8dea6275144b0b5cb742771344a91f48eab4335,0,1,"['-89,-99', '-89,-100', '-88,-100', '-87,-99', '-87,-100']",5,land,"[[0, 0, 0], [0, 0, 0], [0, 0, 0], [0, 0, 0], [0, 0, 0]]","[-88.0, -99.6]",2.9390688380014987,7.60866140781828e+22
1868,0xf87e31492faf9a91b02ee0deaad50d51d56d5d4d,21437789116019123198192600268201397321727,8900000000000000000000,1641710429000,0xe5009e81b5e6346c3b32e857fee02b059a716b96,3,2,"['62,-1']",1,parcel,"[[0, 0, 9]]","[62.0, -1.0]",2.954629844358916,2.629620561479435e+22
1869,0x959e104e1a4db6317fa58f8295f586e1a978c297,1385,66500000000000000000000,1643662110000,0x4a34d03130503961f656fb9d26c5aec511d8eccc,12,1,"['-125,20', '-124,20', '-123,20', '-122,20', '-121,20', '141,-123', '142,-123']",7,road,"[[0, 0, 0], [0, 0, 0], [0, 0, 0], [0, 0, 0], [0, 0, 0], [8, 2, 0], [7, 3, 0]]","[-47.42857142857143, -20.857142857142858]",2.838711845336331,1.88774337714866e+23
1870,0xf87e31492faf9a91b02ee0deaad50d51d56d5d4d,115792089237316195423570985008687907843061513658012410135556345784960083296233,4950000000000000000000,1641913774000,0xb3d2eba0dc2bc02bfccdeade1fc7956627d482ea,2,3,"['-31,-23']",1,parcel,"[[0, 0, 0]]","[-31.0, -23.0]",2.943249112150101,1.4569083105143001e+22
1871,0xf87e31492faf9a91b02ee0deaad50d51d56d5d4d,19396094914493492417412352623610788053039,6969000000000000000000,1642595020000,0x9171151750be624a47a2727969ff2f3950024404,1,1,"['57,47']",1,parcel,"[[2, 0, 4]]","[57.0, 47.0]",2.743729245505247,1.9121049111926065e+22
1872,0xf87e31492faf9a91b02ee0deaad50d51d56d5d4d,13271012309916600075071609689838960246792,5999000000000000000000,1643779332000,0x959e104e1a4db6317fa58f8295f586e1a978c297,0,1,[],0,,[],[0],2.697334799791993,1.6181311463952168e+22
1873,0xf87e31492faf9a91b02ee0deaad50d51d56d5d4d,19736377281414430880875727231042556264430,5479000000000000000000,1643539182000,0x6b2983374dc31ef793fcecaca418a7231dcfa89b,0,1,"['57,-17', '57,-18']",2,road,"[[5, 0, 0], [5, 0, 0]]","[57.0, -17.5]",2.3763648429587017,1.3020102974570727e+22
1874,0xf87e31492faf9a91b02ee0deaad50d51d56d5d4d,115792089237316195423570985008687907814477794836653579204632878760691553533851,5149000000000000000000,1643118406000,0x52af362deb54513904a324f7ab8eabfe309c7cff,0,3,"['-115,-101']",1,parcel,"[[8, 0, 0]]","[-115.0, -101.0]",2.1260324733787064,1.094694120542696e+22
1875,0x959e104e1a4db6317fa58f8295f586e1a978c297,3684,15500000000000000000000,1644445558000,0xa9cadcd89f4906c82672b4154ffb19c4e8409ab5,6,4,"['58,-127', '58,-128', '59,-127', '59,-128', '142,-24', '142,-25']",6,road,"[[9, 0, 0], [0, 0, 0], [9, 0, 0], [0, 0, 0], [7, 0, 0], [7, 0, 0]]","[86.33333333333333, -93.16666666666667]",3.3539721443673747,5.198656823769431e+22
1876,0xf87e31492faf9a91b02ee0deaad50d51d56d5d4d,14972424144521292392388482726997801304059,5075000000000000000000,1645114041000,0xb93d67f9d52832f0cd235ded8d80b1cce7f107a4,0,1,"['43,-5']",1,parcel,"[[4, 0, 0]]","[43.0, -5.0]",3.092036288372708,1.5692084163491494e+22
1877,0xf87e31492faf9a91b02ee0deaad50d51d56d5d4d,50021507937377954129116067292469927084011,4380000000000000000000,1641300411000,0xd91fbb9d4fd7cceb4b167ba827b68ad4d2d0c385,0,2,"['146,-21']",1,parcel,"[[3, 0, 0]]","[146.0, -21.0]",3.1944964852537963,1.3991894605411629e+22
1878,0xf87e31492faf9a91b02ee0deaad50d51d56d5d4d,11569600475311907757754736652680119189493,5899000000000000000000,1643899342000,0x1594b387b4bfcb588587e915bdb6217577a6e67c,0,1,"['33,-11']",1,parcel,"[[2, 0, 0]]","[33.0, -11.0]",2.6601644067675365,1.56923098355217e+22
1879,0xf87e31492faf9a91b02ee0deaad50d51d56d5d4d,4763953136893138488487244504044754960358,7199000000000000000000,1644898383000,0x82c7da0ef67d1b2bd4a408c27daae2f15b5b1128,6,3,"['13,-26']",1,parcel,"[[0, 0, 0]]","[13.0, -26.0]",2.851976334924339,2.053137763512032e+22
1880,0xf87e31492faf9a91b02ee0deaad50d51d56d5d4d,115792089237316195423570985008687907803929041462104486837268265930306738978698,4969000000000000000000,1642191120000,0x704ce716b05fd42474ede301d97d1f528ed00436,0,2,"['-146,-118']",1,parcel,"[[0, 0, 0]]","[-146.0, -118.0]",2.9626491224649576,1.4721403489528373e+22
1881,0xf87e31492faf9a91b02ee0deaad50d51d56d5d4d,14632141777600353928925108119566033092668,5399000000000000000000,1644638468000,0x3fc22828d0a9bdc40c0bb98641f1881a3d731aa4,2,1,"['43,60']",1,parcel,"[[6, 3, 8]]","[43.0, 60.0]",2.934937766523291,1.584572900145925e+22
1882,0xf87e31492faf9a91b02ee0deaad50d51d56d5d4d,115792089237316195423570985008687907851568572831035871722140710970754288582517,7997000000000000000000,1642957005000,0x959e104e1a4db6317fa58f8295f586e1a978c297,1,1,[],0,,[],[0],2.1191673192784792,1.6946981052269998e+22
1883,0x959e104e1a4db6317fa58f8295f586e1a978c297,3338,6500000000000000000000,1640957388000,0x8ccb77857455039cdf9faf3e29b165e2f6c1144e,1,2,[],0,,[],[0],3.2837753609862053,2.1344539846410334e+22
1884,0x959e104e1a4db6317fa58f8295f586e1a978c297,2856,80000000000000000000000,1645457024000,0x57eadd1811affbd06c03787caa973e626c090c62,7,1,"['-138,-27', '-138,-28', '-138,-29', '-137,-27', '-137,-28', '-137,-29', '-136,-27', '-136,-28', '-136,-29']",9,land,"[[0, 7, 0], [1, 8, 0], [2, 9, 0], [0, 7, 0], [1, 8, 0], [1, 9, 0], [0, 7, 0], [0, 8, 0], [0, 9, 0]]","[-137.0, -28.0]",2.493529758005366,1.994823806404293e+23
1885,0xf87e31492faf9a91b02ee0deaad50d51d56d5d4d,3743106036130323098097120681749450326079,5087000000000000000000,1641799372000,0x2a3a033f637c076012bc80ef893c380b68bd360c,0,1,"['11,63']",1,parcel,"[[0, 0, 0]]","[11.0, 63.0]",2.955280483500563,1.5033511819567365e+22
1886,0xf87e31492faf9a91b02ee0deaad50d51d56d5d4d,47299249002010446421409070433015781392367,3990000000000000000000,1641209555000,0x7249b7fe2ae88eebf51aa0f0abd50a6bdca7eb51,0,1,"['138,-17', '139,-17']",2,road,"[[0, 0, 0], [0, 0, 0]]","[138.5, -17.0]",3.3512812933629488,1.3371612360518165e+22
1887,0xf87e31492faf9a91b02ee0deaad50d51d56d5d4d,115792089237316195423570985008687907828089089513491117743167863057962281992080,4825000000000000000000,1642077386000,0xe05de1d5407290ab9edcdfeca2d8001653eb384f,0,3,"['-75,-112', '120,-18']",2,road,"[[0, 0, 0], [0, 0, 0]]","[22.5, -65.0]",2.904286712625543,1.4013183388418243e+22
1888,0xf87e31492faf9a91b02ee0deaad50d51d56d5d4d,115792089237316195423570985008687907851568572831035871722140710970754288582599,4275000000000000000000,1641487680000,0x0e4fdc385bc5c9328424f9e9f372c0087707d09e,1,3,"['-6,-57']",1,parcel,"[[2, 0, 0]]","[-6.0, -57.0]",3.3829650695793463,1.4462175672451706e+22
1889,0xf87e31492faf9a91b02ee0deaad50d51d56d5d4d,29264283555200707857850216239132066185198,6000000000000000000000,1643037781000,0xe63b9cf35426bd76f40e90d7e63252f9b28a4b4d,0,2,"['-63,39', '85,-18']",2,road,"[[0, 1, 0], [6, 6, 8]]","[11.0, 10.5]",2.097272260649448,1.2583633563896689e+22
1890,0x959e104e1a4db6317fa58f8295f586e1a978c297,1353,99000000000000000000000,1642858064000,0x6baba143160f3485bcf58dead612219894883cad,3,2,"['13,88', '13,87', '13,86', '14,88', '14,87', '14,86', '15,88', '15,87', '15,86']",9,land,"[[0, 0, 0], [0, 0, 0], [0, 0, 0], [0, 0, 0], [0, 0, 0], [0, 0, 0], [0, 0, 0], [0, 0, 0], [0, 0, 0]]","[14.0, 87.0]",2.0414460677600186,2.0210316070824186e+23
1891,0xf87e31492faf9a91b02ee0deaad50d51d56d5d4d,49681225570457015665652692685038158872553,4288000000000000000000,1641585633000,0x143bbadd6be7135268952d728cb7363831792ca2,1,1,"['145,-23']",1,parcel,"[[4, 0, 0]]","[145.0, -23.0]",3.080049033207626,1.3207250254394298e+22
1892,0x2a187453064356c898cae034eaed119e1663acb8,48982957792434242475034588066455414567064930154016906695314616019838877781915,200000000000000000000,1642295486000,0xf9b232ab04cda41b771ed0815256c11ffddb60bd,0,1,[],0,,[],[0],2.9998911780482875,5.999782356096575e+20
1893,0xf87e31492faf9a91b02ee0deaad50d51d56d5d4d,46618684268168569494482321218152244969522,5000000000000000000000,1643382531000,0x119e2daece6e347a028e64cea5469cd5aad58564,0,1,"['137,50']",1,parcel,"[[6, 8, 0]]","[137.0, 50.0]",2.294435983046395,1.1472179915231974e+22
1894,0x959e104e1a4db6317fa58f8295f586e1a978c297,3782,12000000000000000000000,1644037681000,0x5ce213893956bbf4249a7f8a079331280065eec6,2,2,"['-108,-62', '-91,-74', '-85,-35', '-38,98', '4,-69', '8,-94', '11,61', '12,-94', '40,-61', '56,111']",10,road,"[[1, 0, 0], [4, 0, 0], [1, 0, 0], [0, 2, 0], [0, 0, 2], [0, 0, 2], [0, 0, 0], [0, 0, 2], [5, 0, 0], [3, 5, 0]]","[-19.1, -21.9]",2.827924994351074,3.3935099932212885e+22
1895,0xf87e31492faf9a91b02ee0deaad50d51d56d5d4d,31305977756726338638630463883722675453803,5400000000000000000000,1645613221000,0x0056db98538704fa5914d259c6e569318e6837f8,2,1,"['-34,-97', '-34,-98', '90,-149', '91,-149']",4,road,"[[0, 0, 0], [0, 0, 0], [0, 0, 0], [0, 0, 0]]","[28.25, -123.25]",2.646401249777144,1.4290566748796577e+22
1896,0xf87e31492faf9a91b02ee0deaad50d51d56d5d4d,50021507937377954129116067292469927083913,4780000000000000000000,1646147435000,0xccbc1ae679c3522b6b2578f6636d4c377284a350,0,2,"['146,-119']",1,parcel,"[[3, 7, 0]]","[146.0, -119.0]",2.8446006763798737,1.3597191233095795e+22
1897,0xf87e31492faf9a91b02ee0deaad50d51d56d5d4d,115792089237316195423570985008687907838978125254961148573995850495778864758893,5300000000000000000000,1642429595000,0x9d6939c3686dc5ed44ebb8f02ba13207beef0eef,3,4,"['-42,109']",1,parcel,"[[4, 6, 0]]","[-42.0, 109.0]",2.919809374476844,1.5474989684727273e+22
1898,0xf87e31492faf9a91b02ee0deaad50d51d56d5d4d,13271012309916600075071609689838960246720,5247000000000000000000,1644165385000,0xa3d1bb5547f72d823d300226df28337143e901f8,0,1,"['38,-64']",1,parcel,"[[3, 0, 0]]","[38.0, -64.0]",3.318725280995242,1.7413351549382034e+22
1899,0xf87e31492faf9a91b02ee0deaad50d51d56d5d4d,46278401901247631031018946610720476758065,5187000000000000000000,1644308567000,0x6f1574d609f34ab192497631a4c85998365b050d,1,1,"['136,49']",1,parcel,"[[7, 9, 0]]","[136.0, 49.0]",3.3015594156099715,1.7125188688768924e+22
1900,0xf87e31492faf9a91b02ee0deaad50d51d56d5d4d,22118353849861000125119349483064933744639,9440000000000000000000,1641060072000,0x8b81e64b6d4ebe2ec0f155df28c54ae2f20189dd,4,1,"['-117,-63', '-116,-63', '-52,-97', '-22,-142', '-19,-20', '21,-52', '32,-146', '64,-1']",8,road,"[[0, 0, 0], [0, 0, 0], [0, 0, 0], [0, 0, 8], [8, 0, 0], [0, 0, 0], [3, 0, 0], [0, 0, 7]]","[-26.125, -73.0]",3.362912168662877,3.174589087217756e+22
1901,0xf87e31492faf9a91b02ee0deaad50d51d56d5d4d,115792089237316195423570985008687907844762925492617102452873218822118924353413,5000000000000000000000,1643228188000,0x9a739c2e212754c3d8432cb717dc9437e5b3dfae,5,3,"['-26,-123']",1,parcel,"[[0, 0, 0]]","[-26.0, -123.0]",2.1741773039497394,1.0870886519748696e+22
1902,0x959e104e1a4db6317fa58f8295f586e1a978c297,353,20000000000000000000000,1642776955000,0xf3e8417e5905f0a8c0fdda5456eecb12da3fd034,4,2,"['5,25', '5,24']",2,land,"[[3, 0, 0], [3, 0, 0]]","[5.0, 24.5]",2.2301581473863834,4.4603162947727665e+22
1903,0xf87e31492faf9a91b02ee0deaad50d51d56d5d4d,115792089237316195423570985008687907817880618505862963839266624835009235648460,5500000000000000000000,1645323854000,0x3b1adc9cfa2fc290135d777b4046496e17320181,1,1,"['-105,-52', '-99,-95', '-59,-140', '-51,-140', '-37,149', '-37,148', '-22,28']",7,road,"[[0, 0, 0], [0, 0, 0], [0, 0, 0], [0, 0, 0], [9, 0, 0], [8, 0, 0], [0, 0, 0]]","[-58.57142857142857, -14.571428571428571]",2.910514160240482,1.600782788132265e+22
1904,0xf87e31492faf9a91b02ee0deaad50d51d56d5d4d,115792089237316195423570985008687907845103207859538040916336593429550692564869,6149000000000000000000,1643656828000,0xecef73d95760fab26006f52b73907c3b96c57a4a,0,1,"['-26,-122', '-25,-123']",2,road,"[[1, 0, 0], [0, 0, 0]]","[-25.5, -122.5]",2.838711845336331,1.74552391369731e+22
1905,0xf87e31492faf9a91b02ee0deaad50d51d56d5d4d,115792089237316195423570985008687907835915583952672702402825479028892950855579,6199000000000000000000,1645844844000,0x575963f8770b87b058fd3c49652f05902b25c0e5,0,2,"['-52,-101']",1,parcel,"[[0, 0, 0]]","[-52.0, -101.0]",2.7507194804919237,1.7051710059569436e+22
1906,0xf87e31492faf9a91b02ee0deaad50d51d56d5d4d,3743106036130323098097120681749450325898,4987000000000000000000,1641977738000,0xb4a10d958b9ce7d479e634e6084dd00fbe717931,1,1,"['10,-118']",1,parcel,"[[2, 0, 0]]","[10.0, -118.0]",2.943249112150101,1.4677983322292554e+22
1907,0xf87e31492faf9a91b02ee0deaad50d51d56d5d4d,7145929705339707732730866756067132440700,5950000000000000000000,1642685313000,0xd36746b694ca8e3ddde83df16944501201a7d116,0,1,"['21,124']",1,parcel,"[[0, 0, 0]]","[21.0, 124.0]",2.6360883603314003,1.5684725743971832e+22
1908,0xf87e31492faf9a91b02ee0deaad50d51d56d5d4d,13271012309916600075071609689838960246705,5777000000000000000000,1643116172000,0x80727338b14b457f628639ebe0e982bb8f419a07,2,2,"['38,-79']",1,parcel,"[[3, 0, 0]]","[38.0, -79.0]",2.1260324733787064,1.2282089598708787e+22
1909,0x959e104e1a4db6317fa58f8295f586e1a978c297,2745,18999000000000000000000,1641414875000,0xfc0f5ef42c41a66756a0d4c5809fafa21bfd3919,3,4,"['26,-143', '26,-144', '27,-143', '27,-144']",4,land,"[[1, 0, 0], [2, 0, 0], [1, 0, 0], [2, 0, 0]]","[26.5, -143.5]",2.9390688380014987,5.583936885319047e+22
1910,0xf87e31492faf9a91b02ee0deaad50d51d56d5d4d,51042355038140769519506191114765231718322,4999000000000000000000,1641705220000,0x20ae9f9f03c74e855052ddfb0930012a43812788,0,1,"['149,-77', '149,-78']",2,road,"[[0, 0, 0], [0, 0, 0]]","[149.0, -77.5]",2.954629844358916,1.4770194591950221e+22
1911,0xf87e31492faf9a91b02ee0deaad50d51d56d5d4d,115792089237316195423570985008687907834554454484988948548971980599165878009722,4788000000000000000000,1641909673000,0xea5bb62185c507dafed0b11a601297135199ea0d,1,2,"['-56,-134']",1,parcel,"[[0, 0, 0]]","[-56.0, -134.0]",2.943249112150101,1.4092276748974683e+22
1912,0xf87e31492faf9a91b02ee0deaad50d51d56d5d4d,13271012309916600075071609689838960246793,5898000000000000000000,1643779332000,0x959e104e1a4db6317fa58f8295f586e1a978c297,0,1,[],0,,[],[0],2.697334799791993,1.5908880649173175e+22
1913,0x959e104e1a4db6317fa58f8295f586e1a978c297,1400,14999000000000000000000,1645102174000,0xdf9460eb19b8094cf3c2ff0a4c22e14caac0dd9b,1,1,"['-109,-63', '-43,15', '-42,15']",3,land,"[[0, 0, 0], [0, 0, 0], [0, 0, 0]]","[-64.66666666666667, -11.0]",3.092036288372708,4.637745228930225e+22
1914,0xf87e31492faf9a91b02ee0deaad50d51d56d5d4d,19736377281414430880875727231042556264431,5479000000000000000000,1643538964000,0x6b2983374dc31ef793fcecaca418a7231dcfa89b,0,1,"['57,-17', '57,-18']",2,road,"[[5, 0, 0], [5, 0, 0]]","[57.0, -17.5]",2.3763648429587017,1.3020102974570727e+22
1915,0xf87e31492faf9a91b02ee0deaad50d51d56d5d4d,115792089237316195423570985008687907812776383002048886887316005723532712476634,8888000000000000000000,1644443964000,0xfd6758f4e738497fb1c7ffc98da352f26b0fffd4,6,1,"['-120,-38']",1,parcel,"[[0, 0, 0]]","[-120.0, -38.0]",3.3539721443673747,2.9810104419137228e+22
1916,0xf87e31492faf9a91b02ee0deaad50d51d56d5d4d,115792089237316195423570985008687907840679537089565840891312723532937705816039,4420000000000000000000,1641296446000,0x07782a932791ab916582f57e9956b4599eb752f2,0,1,"['-38,-25']",1,parcel,"[[0, 0, 0]]","[-38.0, -25.0]",3.2654965487737213,1.4433494745579847e+22
1917,0x2a187453064356c898cae034eaed119e1663acb8,88619442912717508923131613429973903966110653719659336372623897179779068471828,110000000000000000000,1642594280000,0x2e31545dda63e8197f808273c66c94c9cb9353e1,0,1,[],0,,[],[0],2.743729245505247,3.0181021700557714e+20
1918,0xf87e31492faf9a91b02ee0deaad50d51d56d5d4d,3402823669209384634633746074317682114622,5388000000000000000000,1642187264000,0x4cf0c965f930b055649e9d8639b7ca25867b197d,0,1,"['10,62']",1,parcel,"[[0, 0, 0]]","[10.0, 62.0]",2.9626491224649576,1.5962753471841191e+22
1919,0xf87e31492faf9a91b02ee0deaad50d51d56d5d4d,20076659648335369344339101838474324476036,9000000000000000000000,1644896077000,0xc3baa0fa5f21af0157548bebf57028516fca7a71,3,2,"['30,25', '59,132', '74,-144']",3,road,"[[0, 0, 0], [0, 0, 0], [0, 5, 0]]","[54.333333333333336, 4.333333333333333]",2.851976334924339,2.566778701431905e+22
1920,0x959e104e1a4db6317fa58f8295f586e1a978c297,328,20000000000000000000000,1643888733000,0xf179344bbec75ad4522bd6b2c780b2e13b3469a2,5,3,"['-107,20', '-106,20', '-59,-24', '-59,-25', '-58,-24', '-58,-25', '-33,145', '8,68', '8,18', '9,19', '39,72']",11,road,"[[4, 0, 0], [4, 0, 0], [7, 0, 0], [7, 0, 0], [6, 0, 0], [6, 0, 0], [5, 7, 0], [2, 0, 4], [6, 0, 8], [7, 0, 9], [0, 8, 0]]","[-37.81818181818182, 24.0]",2.559175162581649,5.1183503251632976e+22
1921,0xf87e31492faf9a91b02ee0deaad50d51d56d5d4d,115792089237316195423570985008687907803588759095183548373804891322874970767383,7222000000000000000000,1644637440000,0x3ec7e89506e2493a4e4dab96b9b71192af379d1b,0,2,"['-150,32', '-146,23', '-88,-20']",3,road,"[[0, 1, 0], [0, 4, 0], [4, 6, 9]]","[-128.0, 11.666666666666666]",2.934937766523291,2.119612054983121e+22
1922,0xf87e31492faf9a91b02ee0deaad50d51d56d5d4d,115792089237316195423570985008687907816859771405100148448876501012713931014099,6199000000000000000000,1645443860000,0x451fd29a6651226fd297845560dcbece5e006761,1,1,"['-108,-45']",1,parcel,"[[0, 0, 0]]","[-108.0, -45.0]",2.7121559002340634,1.681265442555096e+22
1923,0xf87e31492faf9a91b02ee0deaad50d51d56d5d4d,115792089237316195423570985008687907814137512469732640741169504153259785322395,5199000000000000000000,1642956769000,0xa697ed3b07a1b5e9b0f1a242d7471e9eda1ed60f,0,2,"['-116,-101']",1,parcel,"[[7, 0, 0]]","[-116.0, -101.0]",2.1191673192784792,1.1017550892928814e+22
1924,0x959e104e1a4db6317fa58f8295f586e1a978c297,3209,8000000000000000000000,1640957230000,0xf179344bbec75ad4522bd6b2c780b2e13b3469a2,2,2,"['-107,20', '-106,20', '-33,145', '8,68', '8,18', '9,19', '39,72']",7,road,"[[4, 0, 0], [4, 0, 0], [5, 7, 0], [2, 0, 4], [6, 0, 8], [7, 0, 9], [0, 8, 0]]","[-26.0, 51.714285714285715]",3.2837753609862053,2.627020288788964e+22
1925,0x959e104e1a4db6317fa58f8295f586e1a978c297,4605,9995000000000000000000,1641798157000,0xa5273056e39d0e6b9b42a1a573364d2ac1768754,0,1,"['-27,-41', '-27,-42', '26,128']",3,road,"[[8, 0, 0], [7, 0, 0], [0, 0, 0]]","[-9.333333333333334, 15.0]",2.955280483500563,2.9538028432588125e+22
1926,0xf87e31492faf9a91b02ee0deaad50d51d56d5d4d,50021507937377954129116067292469927084012,4000000000000000000000,1641196464000,0x515731fae006e8223861853b32dce023adc7801e,0,1,"['146,-20']",1,parcel,"[[3, 0, 0]]","[146.0, -20.0]",3.3512812933629488,1.3405125173451795e+22
1927,0xf87e31492faf9a91b02ee0deaad50d51d56d5d4d,115792089237316195423570985008687907808012429865155748398828761219487957516251,5650000000000000000000,1642076981000,0xd52e7e6cfc54dc437bf5a4535766e7516e0cea25,0,4,"['-134,-37']",1,parcel,"[[0, 0, 0]]","[-134.0, -37.0]",2.904286712625543,1.6409219926334315e+22
1928,0xf87e31492faf9a91b02ee0deaad50d51d56d5d4d,115792089237316195423570985008687907844422643125696163989409844214687156142033,4750000000000000000000,1641585546000,0x959e104e1a4db6317fa58f8295f586e1a978c297,1,1,[],0,,[],[0],3.080049033207626,1.4630232907736223e+22
1929,0xf87e31492faf9a91b02ee0deaad50d51d56d5d4d,115792089237316195423570985008687907824345983477360794645070742376212831666158,6666000000000000000000,1643034312000,0x7ebc5bb4f5948a932ca00f2e8c001911c98f5262,1,1,"['-86,-18']",1,parcel,"[[5, 8, 7]]","[-86.0, -18.0]",2.097272260649448,1.398041688948922e+22
1930,0xf87e31492faf9a91b02ee0deaad50d51d56d5d4d,4423670769972200025023869896612986748796,6690000000000000000000,1642292442000,0x55d089524b6561ac6a27219d004dba15a7ecde4a,1,1,"['12,-132']",1,parcel,"[[0, 0, 1]]","[12.0, -132.0]",2.9998911780482875,2.006927198114304e+22
1931,0xf87e31492faf9a91b02ee0deaad50d51d56d5d4d,115792089237316195423570985008687907834554454484988948548971980599165878009755,5188000000000000000000,1641486602000,0xdfa20eacea73656c93811ecdc7bcae034fe10e70,0,1,"['-56,-101', '-55,-101']",2,road,"[[0, 0, 0], [0, 0, 0]]","[-55.5, -101.0]",3.3829650695793463,1.7550822780977648e+22
1932,0xf87e31492faf9a91b02ee0deaad50d51d56d5d4d,115792089237316195423570985008687907839318407621882087037459225103210632970361,5283000000000000000000,1642425134000,0xc08ab3ff7702758a67e34be9be00607fd35e08ff,0,1,"['-41,121']",1,parcel,"[[1, 5, 0]]","[-41.0, 121.0]",2.919809374476844,1.5425352925361167e+22
1933,0xf87e31492faf9a91b02ee0deaad50d51d56d5d4d,141,5677000000000000000000,1642855136000,0x11cf66fbf7632e4f137630a7f11915a33b03be13,1,3,"['0,141']",1,parcel,"[[1, 3, 0]]","[0.0, 141.0]",2.0414460677600186,1.1589289326673624e+22
1934,0x959e104e1a4db6317fa58f8295f586e1a978c297,4194,21000000000000000000000,1643373382000,0x6e6ee1d11e05998c77c4cb2dca3b8cf7e397e498,8,2,"['-86,-120', '64,-126', '64,-127', '65,-126', '65,-127']",5,land,"[[0, 0, 0], [7, 9, 0], [7, 9, 0], [6, 8, 0], [6, 8, 0]]","[34.4, -125.2]",2.294435983046395,4.818315564397429e+22
1935,0xf87e31492faf9a91b02ee0deaad50d51d56d5d4d,13951577043758477001998358904702496669691,5199000000000000000000,1645612475000,0x29624034e5c2b853b4927bbbe7bfd7d220c5602b,0,1,"['40,-5']",1,parcel,"[[4, 0, 0]]","[40.0, -5.0]",2.646401249777144,1.3758640097591371e+22
1936,0xf87e31492faf9a91b02ee0deaad50d51d56d5d4d,115792089237316195423570985008687907802567911994420732983414767500579666132973,6800000000000000000000,1642773854000,0x1f91ccbd5d95c67e9772e500bc25e17b2c636916,4,1,"['-150,-19']",1,parcel,"[[0, 0, 0]]","[-150.0, -19.0]",2.2301581473863834,1.5165075402227408e+22
1937,0xf87e31492faf9a91b02ee0deaad50d51d56d5d4d,19055812547572553953948978016179019841565,5980000000000000000000,1644030502000,0x8b52ff65e37bd4c7b6f857676ffc67df4e790100,0,1,"['56,29']",1,parcel,"[[4, 3, 0]]","[56.0, 29.0]",2.827924994351074,1.6910991466219421e+22
1938,0xf87e31492faf9a91b02ee0deaad50d51d56d5d4d,115792089237316195423570985008687907826047395311965486962387615413371672723389,4933000000000000000000,1646101282000,0xf46b076ff8ac8ae163fcd6d9a6e076903845cd09,0,1,"['-81,-67']",1,parcel,"[[5, 0, 9]]","[-81.0, -67.0]",2.850489929171568,1.4061466820603344e+22
1939,0x959e104e1a4db6317fa58f8295f586e1a978c297,3298,50800000000000000000000,1644164045000,0x072fa5eb0fa34587d6355d6a0a9913ecc6b62025,6,4,"['-86,-116', '-86,-117', '-86,-118', '-85,-116', '-85,-117', '-85,-118', '-84,-116', '-84,-117', '-84,-118']",9,land,"[[0, 0, 0], [0, 0, 0], [0, 0, 0], [0, 0, 0], [0, 0, 0], [0, 0, 0], [0, 0, 0], [0, 0, 0], [0, 0, 0]]","[-85.0, -117.0]",3.318725280995242,1.685912442745583e+23
1940,0xf87e31492faf9a91b02ee0deaad50d51d56d5d4d,7145929705339707732730866756067132440594,9999000000000000000000,1643115073000,0xb2e19dd996848818d972dd3a60a1b7faffb82330,0,2,"['-150,-137', '-132,-45', '-96,-88', '-56,-18', '-37,49', '2,34', '3,40', '10,13', '12,-31', '18,15', '19,10', '19,9', '19,8', '20,11', '20,10', '20,9', '21,20', '21,19', '21,18', '23,11', '67,-121', '71,29']",22,road,"[[0, 0, 0], [0, 0, 0], [0, 0, 0], [4, 7, 0], [0, 2, 0], [0, 0, 0], [1, 0, 0], [1, 0, 3], [2, 0, 0], [5, 0, 7], [6, 0, 8], [6, 0, 8], [6, 0, 8], [7, 0, 9], [7, 0, 9], [7, 0, 9], [8, 0, 0], [8, 0, 0], [8, 0, 0], [9, 0, 0], [3, 6, 0], [0, 3, 0]]","[-3.8636363636363638, -6.136363636363637]",2.1260324733787064,2.1258198701313685e+22
1941,0xf87e31492faf9a91b02ee0deaad50d51d56d5d4d,7826494439181584659657615970930668863617,5222000000000000000000,1645811110000,0xf5d76e14417bacf4fa273e7ad22a91da4c90968a,0,1,"['23,129']",1,parcel,"[[0, 0, 0]]","[23.0, 129.0]",2.7507194804919237,1.4364257127128826e+22
1942,0x959e104e1a4db6317fa58f8295f586e1a978c297,918,49999000000000000000000,1643221351000,0x0bb71223a36253f9cb704a065099d2ffe187f85d,10,5,"['44,-52', '44,-53', '45,-52', '45,-53', '46,-53', '47,-53']",6,land,"[[0, 0, 7], [0, 0, 7], [0, 0, 6], [0, 0, 6], [0, 0, 5], [0, 0, 4]]","[45.166666666666664, -52.666666666666664]",2.1741773039497394,1.0870669102018302e+23
1943,0x959e104e1a4db6317fa58f8295f586e1a978c297,1286,425000000000000000000000,1642680262000,0xa83bd770a30e0717b0047340c8d39fba369e4718,2,2,"['52,49', '52,48', '52,47', '52,46', '52,45', '52,44', '52,43', '52,42', '52,41', '52,40', '52,39', '53,49', '53,48', '53,47', '53,46', '53,45', '53,44', '53,43', '53,42', '53,41', '53,40', '53,39', '54,49', '54,48', '54,47', '54,46', '54,45', '54,44', '54,43', '54,42', '54,41', '54,40', '54,39', '55,49', '55,48', '55,47', '55,46', '55,45', '55,44', '55,43', '55,42', '55,41', '55,40', '55,39', '56,49', '56,48', '56,47', '56,46', '56,45', '56,44', '56,43', '56,42']",52,land,"[[0, 0, 0], [0, 0, 0], [0, 0, 0], [0, 0, 0], [0, 0, 0], [0, 0, 0], [0, 0, 0], [0, 0, 0], [0, 0, 0], [0, 0, 0], [0, 0, 0], [0, 0, 0], [0, 0, 0], [0, 0, 0], [0, 0, 0], [0, 0, 0], [0, 0, 0], [0, 0, 0], [0, 0, 0], [0, 0, 0], [0, 0, 0], [0, 0, 0], [0, 0, 0], [0, 0, 0], [0, 0, 0], [0, 0, 0], [0, 0, 0], [0, 0, 0], [0, 0, 0], [0, 0, 0], [0, 0, 0], [0, 0, 0], [0, 0, 0], [0, 0, 0], [0, 0, 0], [0, 0, 0], [0, 0, 0], [0, 0, 0], [0, 0, 0], [0, 0, 0], [0, 0, 0], [0, 0, 0], [0, 0, 0], [0, 0, 0], [0, 0, 0], [0, 0, 0], [0, 0, 0], [0, 0, 0], [0, 0, 0], [0, 0, 0], [0, 0, 0], [0, 0, 0]]","[53.88461538461539, 44.23076923076923]",2.6360883603314003,1.1203375531408451e+24
1944,0x959e104e1a4db6317fa58f8295f586e1a978c297,4646,21773000000000000000000,1643651989000,0xe17aeafd1d18b455232c92b77b03d042e1877e12,1,1,"['36,9', '36,8', '37,9', '37,8']",4,land,"[[7, 0, 0], [6, 0, 0], [7, 0, 0], [6, 0, 0]]","[36.5, 8.5]",2.838711845336331,6.1807273008507935e+22
1945,0xf87e31492faf9a91b02ee0deaad50d51d56d5d4d,47639531368931384884872445040447549603827,4098000000000000000000,1641411673000,0x21f1786b80a34ca19c829a5cb369f6dc81f849d0,0,2,"['139,-13']",1,parcel,"[[0, 0, 0]]","[139.0, -13.0]",2.9390688380014987,1.2044304098130141e+22
1946,0xf87e31492faf9a91b02ee0deaad50d51d56d5d4d,49340943203536077202189318077606390661092,6200000000000000000000,1641901409000,0xae064428d9aeeb87fb1489360bbec12cb7ff77dd,0,3,"['140,-20', '144,-28', '146,-24']",3,road,"[[9, 0, 0], [5, 0, 0], [3, 0, 0]]","[143.33333333333334, -24.0]",2.832719320096719,1.7562859784599658e+22
1947,0xf87e31492faf9a91b02ee0deaad50d51d56d5d4d,115792089237316195423570985008687907835235019218830825475898729814029414432908,5190000000000000000000,1644298575000,0xd3f754fedd3a188089d783960a2cf11101be0f44,2,3,"['-55,-135', '-53,140']",2,road,"[[0, 0, 0], [9, 0, 0]]","[-54.0, 2.5]",3.3015594156099715,1.7135093367015754e+22
1948,0xf87e31492faf9a91b02ee0deaad50d51d56d5d4d,18375247813730677027022228801315483418734,5088000000000000000000,1645298145000,0x2a7095e7be29a617db19de83e9eefb52bea24183,0,1,"['50,111', '50,110', '51,111', '54,111', '54,110']",5,road,"[[9, 9, 0], [9, 8, 0], [8, 9, 0], [5, 7, 0], [5, 7, 0]]","[51.8, 110.6]",2.910514160240482,1.4808696047303572e+22
1949,0xf87e31492faf9a91b02ee0deaad50d51d56d5d4d,8847341539944400050047739793225973497753,4649000000000000000000,1641048217000,0xc191aef54931c125bec4ea53269e0cae94fa8da6,1,1,"['25,-103']",1,parcel,"[[5, 0, 0]]","[25.0, -103.0]",3.362912168662877,1.5634178672113714e+22
1950,0xf87e31492faf9a91b02ee0deaad50d51d56d5d4d,51042355038140769519506191114765231718323,4999000000000000000000,1641705018000,0x20ae9f9f03c74e855052ddfb0930012a43812788,0,1,"['149,-77', '149,-78']",2,road,"[[0, 0, 0], [0, 0, 0]]","[149.0, -77.5]",2.954629844358916,1.4770194591950221e+22
1951,0xf87e31492faf9a91b02ee0deaad50d51d56d5d4d,115792089237316195423570985008687907827408524779649240816241113843098745569317,6250000000000000000000,1641971925000,0x8a41d1d5a177d0256329eb63d10cca69c19d66dd,3,2,"['-76,37']",1,parcel,"[[0, 2, 0]]","[-76.0, 37.0]",2.943249112150101,1.839530695093813e+22
1952,0xf87e31492faf9a91b02ee0deaad50d51d56d5d4d,115792089237316195423570985008687907828769654247332994670094612272825818415120,6150000000000000000000,1643536867000,0xb915324f65edf34a1c2c80b48ed3514b29813f80,1,2,"['-72,16', '60,-18']",2,road,"[[4, 2, 6], [8, 7, 0]]","[-6.0, -1.0]",2.3763648429587017,1.4614643784196016e+22
1953,0xf87e31492faf9a91b02ee0deaad50d51d56d5d4d,20416942015256307807802476445906092687357,5069000000000000000000,1645075218000,0xcc24cf0d8a1e23d4e7bb872032a44c6f960710b9,0,1,"['59,-3']",1,parcel,"[[2, 9, 0]]","[59.0, -3.0]",3.281030614668921,1.663154418575676e+22
1954,0xf87e31492faf9a91b02ee0deaad50d51d56d5d4d,115792089237316195423570985008687907839658689988803025500922599710642401181593,4697000000000000000000,1644436505000,0x5f9cb81e7cc544f39116aedd844cb0cd74af026f,0,2,"['-41,-103']",1,parcel,"[[0, 0, 0]]","[-41.0, -103.0]",3.3539721443673747,1.5753607162093558e+22
1955,0xf87e31492faf9a91b02ee0deaad50d51d56d5d4d,26542024619833200150143219379677920493598,7994000000000000000000,1642173028000,0x7bbb5e85872c907ca25631f8e011ff1ea03575a2,0,1,"['78,30']",1,parcel,"[[0, 4, 0]]","[78.0, 30.0]",2.9626491224649576,2.368341708498487e+22
1956,0xf87e31492faf9a91b02ee0deaad50d51d56d5d4d,21778071482940061661655974875633165533171,5432000000000000000000,1644856121000,0x2037e98b57c37e2094abdd677bd8da824cb9cc09,0,2,"['63,-13']",1,parcel,"[[6, 4, 8]]","[63.0, -13.0]",2.851976334924339,1.549193545130901e+22
1957,0x959e104e1a4db6317fa58f8295f586e1a978c297,4658,11999000000000000000000,1643779229000,0x28fc4d5adc40fa57a324f4cfaac465e24ae3efba,1,1,"['-86,-110', '-73,41', '-34,-9', '-4,48', '22,-1', '25,128', '25,-83', '33,16', '38,10', '38,9', '38,8', '39,10', '39,9', '39,8']",14,land,"[[0, 0, 0], [8, 2, 0], [7, 0, 0], [1, 3, 0], [0, 0, 0], [0, 0, 0], [0, 0, 0], [0, 0, 0], [8, 0, 0], [7, 0, 0], [6, 0, 0], [8, 0, 0], [7, 0, 0], [6, 0, 0]]","[9.928571428571429, 6.0]",2.697334799791993,3.236532026270413e+22
1958,0x959e104e1a4db6317fa58f8295f586e1a978c297,120,14000000000000000000000,1641295688000,0x03e2c10b74a260f46ab5cf881938c5888a6142df,0,1,"['-91,-61', '-51,-110', '-50,-110', '-26,-23', '-19,25', '-15,-125', '-13,-143', '-12,-143', '-12,-150', '13,-143', '15,-125', '17,16', '31,-118', '34,-1', '34,-2', '36,103', '59,106']",17,road,"[[0, 0, 0], [0, 0, 0], [0, 0, 0], [0, 0, 0], [0, 0, 0], [0, 0, 6], [0, 0, 9], [0, 0, 9], [0, 0, 0], [0, 0, 9], [0, 0, 6], [4, 0, 6], [0, 0, 0], [0, 0, 0], [1, 0, 0], [0, 2, 0], [0, 2, 0]]","[-2.9411764705882355, -59.05882352941177]",3.2654965487737213,4.57169516828321e+22
1959,0xf87e31492faf9a91b02ee0deaad50d51d56d5d4d,21097506749098184734729225660769629110150,5100000000000000000000,1642592293000,0x880022503fe93c8842612187800d7cdc17b11770,5,7,"['61,-122']",1,parcel,"[[4, 0, 0]]","[61.0, -122.0]",2.8616232703619104,1.4594278678845744e+22
1960,0xf87e31492faf9a91b02ee0deaad50d51d56d5d4d,115792089237316195423570985008687907852249137564877748649067460185617825005445,6456000000000000000000,1643886718000,0x959e104e1a4db6317fa58f8295f586e1a978c297,0,2,[],0,,[],[0],2.559175162581649,1.6522034849627125e+22
1961,0xf87e31492faf9a91b02ee0deaad50d51d56d5d4d,115792089237316195423570985008687907839658689988803025500922599710642401181593,5399000000000000000000,1644630937000,0x5f9cb81e7cc544f39116aedd844cb0cd74af026f,0,2,"['-41,-103']",1,parcel,"[[0, 0, 0]]","[-41.0, -103.0]",2.934937766523291,1.584572900145925e+22
1962,0xf87e31492faf9a91b02ee0deaad50d51d56d5d4d,115792089237316195423570985008687907840339254722644902427849348925505937604710,9500000000000000000000,1645438453000,0xe0a46c097c698e8b14a61b6e9690fa1821aed880,1,1,"['-38,102', '-28,-49']",2,road,"[[0, 2, 0], [0, 0, 0]]","[-33.0, 26.5]",2.7121559002340634,2.5765481052223603e+22
1963,0xf87e31492faf9a91b02ee0deaad50d51d56d5d4d,2722258935367507707706996859454145691710,5800000000000000000000,1642953396000,0xf326e6da24e93e4e69bb456844ad607479ca9a01,0,1,"['8,62']",1,parcel,"[[0, 0, 0]]","[8.0, 62.0]",2.1191673192784792,1.229117045181518e+22
1964,0xf87e31492faf9a91b02ee0deaad50d51d56d5d4d,4083388403051261561560495289181218537352,5199000000000000000000,1641795460000,0x959e104e1a4db6317fa58f8295f586e1a978c297,0,2,[],0,,[],[0],2.955280483500563,1.5364503233719427e+22
1965,0xf87e31492faf9a91b02ee0deaad50d51d56d5d4d,115792089237316195423570985008687907832853042650384256231655107562007036952544,4449000000000000000000,1640954264000,0x332cb9afd887fbc4355892efb507f72f8d3f9605,0,2,"['-61,-32']",1,parcel,"[[9, 0, 0]]","[-61.0, -32.0]",3.2837753609862053,1.4609516581027626e+22
1966,0xf87e31492faf9a91b02ee0deaad50d51d56d5d4d,115792089237316195423570985008687907834894736851909887012435355206597646221211,5420000000000000000000,1641486389000,0xdfa20eacea73656c93811ecdc7bcae034fe10e70,0,1,"['-56,-101', '-55,-101']",2,road,"[[0, 0, 0], [0, 0, 0]]","[-55.5, -101.0]",3.3829650695793463,1.8335670677120058e+22
1967,0x959e104e1a4db6317fa58f8295f586e1a978c297,4589,30249000000000000000000,1641185544000,0x85e78b9c7128c95869d691e40ac6106f3190d9fd,1,1,"['-56,-98', '-56,-99', '-56,-100', '-55,-98', '-55,-99', '-55,-100']",6,land,"[[0, 0, 0], [0, 0, 0], [0, 0, 0], [0, 0, 0], [0, 0, 0], [0, 0, 0]]","[-55.5, -99.0]",3.3512812933629488,1.0137290784293584e+23
1968,0xf87e31492faf9a91b02ee0deaad50d51d56d5d4d,41174166397433554079068327499243953586158,5100000000000000000000,1642075786000,0xe05de1d5407290ab9edcdfeca2d8001653eb384f,1,4,"['-75,-112', '120,-18']",2,road,"[[0, 0, 0], [0, 0, 0]]","[22.5, -65.0]",2.904286712625543,1.4811862234390268e+22
1969,0xf87e31492faf9a91b02ee0deaad50d51d56d5d4d,340282366920938463463374607431768211596,8420000000000000000000,1642290114000,0x7fa440f31183deff6d935906b9c905458a4412fc,0,2,"['1,140']",1,parcel,"[[0, 2, 0]]","[1.0, 140.0]",2.9998911780482875,2.525908371916658e+22
1970,0xf87e31492faf9a91b02ee0deaad50d51d56d5d4d,115792089237316195423570985008687907832853042650384256231655107562007036952710,4470000000000000000000,1641574321000,0x7568de3ac3e1e5c8e15dbd9ac3f7aad197a5f226,0,2,"['-60,134', '29,-72']",2,road,"[[3, 0, 0], [0, 0, 0]]","[-15.5, 31.0]",3.080049033207626,1.3767819178438088e+22
1971,0x959e104e1a4db6317fa58f8295f586e1a978c297,1737,45000000000000000000000,1644022652000,0xdb4f653ed97bc21fc3f4405f3a4d6f01e57a74b8,10,2,"['-33,-98', '45,114', '45,113', '46,114', '46,113']",5,land,"[[0, 0, 0], [9, 0, 0], [9, 0, 0], [0, 0, 0], [0, 0, 0]]","[29.8, 71.2]",2.827924994351074,1.2725662474579832e+23
1972,0xf87e31492faf9a91b02ee0deaad50d51d56d5d4d,115792089237316195423570985008687907835235019218830825475898729814029414432633,5000000000000000000000,1642420696000,0x2da9f22baf48b4b677c0f39a420b2681db94f6f9,0,4,"['-54,-135']",1,parcel,"[[0, 0, 0]]","[-54.0, -135.0]",3.124674912948848,1.562337456474424e+22
1973,0xf87e31492faf9a91b02ee0deaad50d51d56d5d4d,2722258935367507707706996859454145691711,6333000000000000000000,1642769935000,0x95b3a979fedc5533c9e4678c3d998652270dfc54,0,1,"['8,63', '70,-43']",2,road,"[[0, 0, 0], [1, 3, 8]]","[39.0, 10.0]",2.2301581473863834,1.4123591547397966e+22
1974,0x959e104e1a4db6317fa58f8295f586e1a978c297,1180,22997000000000000000000,1642854964000,0x13a6a9602b2994586df94648045f7a113ba39044,5,1,"['-115,-63', '-114,-63']",2,land,"[[0, 0, 0], [0, 0, 0]]","[-114.5, -63.0]",2.0414460677600186,4.694713522027715e+22
1975,0x34ed0aa248f60f54dd32fbc9883d6137a491f4f3,293,220000000000000000000,1643368882000,0x731140ae1b313b7c855a690b037b61c1a1c049cd,0,1,[],0,,[],[0],2.26664990562353,4.986629792371766e+20
1976,0xf87e31492faf9a91b02ee0deaad50d51d56d5d4d,6465364971497830805804117541203596017672,8888000000000000000000,1645610128000,0xb2e19dd996848818d972dd3a60a1b7faffb82330,0,1,"['-150,-137', '-132,-45', '-96,-88', '-56,-18', '-37,49', '2,34', '3,40', '10,13', '12,-31', '18,15', '19,10', '19,9', '19,8', '20,11', '20,10', '20,9', '21,20', '21,19', '21,18', '23,11', '67,-121', '71,29']",22,road,"[[0, 0, 0], [0, 0, 0], [0, 0, 0], [4, 7, 0], [0, 2, 0], [0, 0, 0], [1, 0, 0], [1, 0, 3], [2, 0, 0], [5, 0, 7], [6, 0, 8], [6, 0, 8], [6, 0, 8], [7, 0, 9], [7, 0, 9], [7, 0, 9], [8, 0, 0], [8, 0, 0], [8, 0, 0], [9, 0, 0], [3, 6, 0], [0, 3, 0]]","[-3.8636363636363638, -6.136363636363637]",2.646401249777144,2.3521214308019253e+22
1977,0xf87e31492faf9a91b02ee0deaad50d51d56d5d4d,19396094914493492417412352623610788052870,4820000000000000000000,1646087855000,0x6d41814969c07d1f541d66bc0eb5d9aec471ef62,5,7,"['56,-122']",1,parcel,"[[4, 0, 0]]","[56.0, -122.0]",2.850489929171568,1.373936145860696e+22
1978,0xf87e31492faf9a91b02ee0deaad50d51d56d5d4d,115792089237316195423570985008687907816859771405100148448876501012713931014081,5499000000000000000000,1643650569000,0xd8fa4d9eeb5b27e6e41ab9454950c9c7171df6df,0,1,"['-108,-63']",1,parcel,"[[0, 0, 0]]","[-108.0, -63.0]",2.838711845336331,1.5610076437504485e+22
1979,0xf87e31492faf9a91b02ee0deaad50d51d56d5d4d,115792089237316195423570985008687907802567911994420732983414767500579666132975,6420000000000000000000,1643220148000,0x7565eeb79bffbec5353c34827ecc0ea8205d96d9,4,1,"['-150,-17']",1,parcel,"[[2, 0, 0]]","[-150.0, -17.0]",2.1741773039497394,1.3958218291357327e+22
1980,0xf87e31492faf9a91b02ee0deaad50d51d56d5d4d,115792089237316195423570985008687907834894736851909887012435355206597646221178,5025000000000000000000,1642677481000,0xdb4afcdcdb7287a10d222100feaecdeffde646a0,3,2,"['-55,-134']",1,parcel,"[[0, 0, 0]]","[-55.0, -134.0]",2.743729245505247,1.3787239458663865e+22
1981,0xf87e31492faf9a91b02ee0deaad50d51d56d5d4d,47639531368931384884872445040447549603824,4100000000000000000000,1641045707000,0xce8255c6d8d2d6ed54425501bd599b512e9fd28c,0,1,"['139,-16']",1,parcel,"[[0, 0, 0]]","[139.0, -16.0]",3.362912168662877,1.3787939891517797e+22
1982,0x959e104e1a4db6317fa58f8295f586e1a978c297,3298,52222000000000000000000,1644160944000,0x072fa5eb0fa34587d6355d6a0a9913ecc6b62025,6,4,"['-86,-116', '-86,-117', '-86,-118', '-85,-116', '-85,-117', '-85,-118', '-84,-116', '-84,-117', '-84,-118']",9,land,"[[0, 0, 0], [0, 0, 0], [0, 0, 0], [0, 0, 0], [0, 0, 0], [0, 0, 0], [0, 0, 0], [0, 0, 0], [0, 0, 0]]","[-85.0, -117.0]",3.318725280995242,1.733104716241335e+23
1983,0x959e104e1a4db6317fa58f8295f586e1a978c297,3535,82888000000000000000000,1643028207000,0x8dbfbd35f8bc9622ef907c372f4d91188d4de8b3,7,5,"['35,-71', '35,-72', '35,-73', '35,-74', '35,-75', '36,-71', '36,-72', '36,-73', '36,-74', '36,-75', '37,-71', '37,-72', '37,-73', '37,-74', '37,-75']",15,land,"[[0, 0, 0], [0, 0, 0], [0, 0, 0], [0, 0, 0], [0, 0, 0], [1, 0, 0], [1, 0, 0], [1, 0, 0], [1, 0, 0], [1, 0, 0], [2, 0, 0], [2, 0, 0], [2, 0, 0], [2, 0, 0], [2, 0, 0]]","[36.0, -73.0]",2.097272260649448,1.7383870314071144e+23
1984,0xf87e31492faf9a91b02ee0deaad50d51d56d5d4d,47639531368931384884872445040447549603702,6740000000000000000000,1641900147000,0xf7c0d9cd888db54d5864940fad6f33e326744e27,7,1,"['139,-138']",1,parcel,"[[0, 0, 0]]","[139.0, -138.0]",2.832719320096719,1.9092528217451884e+22
1985,0xf87e31492faf9a91b02ee0deaad50d51d56d5d4d,115792089237316195423570985008687907834214172118068010085508605991734109798354,5690000000000000000000,1644422162000,0x989b85f93ec96150b222266ff1687708c923236b,3,2,"['-57,-46']",1,parcel,"[[3, 0, 5]]","[-57.0, -46.0]",3.3539721443673747,1.908410150145036e+22
1986,0xf87e31492faf9a91b02ee0deaad50d51d56d5d4d,39132472195907923298288079854653344317403,6675000000000000000000,1641701129000,0x6f3562a5064bea639bc6c7d44fb96951724aff57,0,2,"['114,-37']",1,parcel,"[[0, 1, 0]]","[114.0, -37.0]",2.954629844358916,1.9722154211095762e+22
1987,0xf87e31492faf9a91b02ee0deaad50d51d56d5d4d,17014118346046923173168730371588410572910,5149000000000000000000,1644297354000,0x2a7095e7be29a617db19de83e9eefb52bea24183,0,2,"['50,111', '50,110', '51,111', '54,111', '54,110']",5,road,"[[9, 9, 0], [9, 8, 0], [8, 9, 0], [5, 7, 0], [5, 7, 0]]","[51.8, 110.6]",3.3015594156099715,1.6999729430975742e+22
1988,0xf87e31492faf9a91b02ee0deaad50d51d56d5d4d,13271012309916600075071609689838960246856,5383000000000000000000,1643536114000,0xf179344bbec75ad4522bd6b2c780b2e13b3469a2,0,2,"['-107,20', '-106,20', '-33,145', '8,68', '8,18', '9,19', '39,72']",7,road,"[[4, 0, 0], [4, 0, 0], [5, 7, 0], [2, 0, 4], [6, 0, 8], [7, 0, 9], [0, 8, 0]]","[-26.0, 51.714285714285715]",2.3763648429587017,1.2791971949646692e+22
1989,0xf87e31492faf9a91b02ee0deaad50d51d56d5d4d,25521177519070384759753095557382615859056,6888000000000000000000,1641967819000,0xc3baa0fa5f21af0157548bebf57028516fca7a71,2,3,"['30,25', '59,132', '74,-144']",3,road,"[[0, 0, 0], [0, 0, 0], [0, 5, 0]]","[54.333333333333336, 4.333333333333333]",2.943249112150101,2.0273099884489897e+22
1990,0xf87e31492faf9a91b02ee0deaad50d51d56d5d4d,18375247813730677027022228801315483418735,5399000000000000000000,1645297874000,0x2a7095e7be29a617db19de83e9eefb52bea24183,0,1,"['50,111', '50,110', '51,111', '54,111', '54,110']",5,road,"[[9, 9, 0], [9, 8, 0], [8, 9, 0], [5, 7, 0], [5, 7, 0]]","[51.8, 110.6]",2.910514160240482,1.5713865951138361e+22
1991,0xf87e31492faf9a91b02ee0deaad50d51d56d5d4d,3743106036130323098097120681749450325972,6496000000000000000000,1643761809000,0x086094b503436539a50b6b5197661f12557c13bb,0,1,"['-25,13', '10,-44']",2,road,"[[0, 0, 0], [5, 0, 0]]","[-7.5, -15.5]",2.697334799791993,1.7521886859448788e+22
1992,0xf87e31492faf9a91b02ee0deaad50d51d56d5d4d,115792089237316195423570985008687907846124054960300856306726717251845997199396,5988000000000000000000,1641290942000,0xa72d04774a11344e91976357ab398c5e4ed275af,1,1,"['-21,36']",1,parcel,"[[0, 0, 0]]","[-21.0, 36.0]",3.2654965487737213,1.9553793334057045e+22
1993,0x959e104e1a4db6317fa58f8295f586e1a978c297,4427,13000000000000000000000,1642589818000,0xed07d4fc439ed39b0df22ddc80cbd44aa6a0adc3,2,1,"['-141,-27']",1,parcel,"[[0, 7, 0]]","[-141.0, -27.0]",2.8616232703619104,3.7201102514704838e+22
1994,0xf87e31492faf9a91b02ee0deaad50d51d56d5d4d,48660378469694200275262568862742854238151,4149000000000000000000,1641397884000,0xab3de4b71254f38f066bdc004bff9a038b672c7e,0,1,"['142,-57']",1,parcel,"[[7, 3, 0]]","[142.0, -57.0]",2.9390688380014987,1.2194196608868216e+22
1995,0xf87e31492faf9a91b02ee0deaad50d51d56d5d4d,115792089237316195423570985008687907842380948924170533208629596570096546873436,12000000000000000000000,1642952741000,0x537f61f275c922e5a428ff57c09f92b3ec0e555c,2,1,"['-32,92']",1,parcel,"[[0, 2, 0]]","[-32.0, 92.0]",2.1191673192784792,2.543000783134175e+22
1996,0xf87e31492faf9a91b02ee0deaad50d51d56d5d4d,41514448764354492542531702106675721797617,5600000000000000000000,1642071704000,0x167e6c08433e81bd709179b2afc23de517c70c23,0,3,"['121,-15', '139,-147']",2,road,"[[0, 0, 0], [2, 9, 0]]","[130.0, -81.0]",3.10225498674441,1.7372627925768696e+22
1997,0xf87e31492faf9a91b02ee0deaad50d51d56d5d4d,13611294676837538538534984297270728458368,5100000000000000000000,1644297232000,0xf29c4a8775ae2e581dd18503cb12229a54f48285,2,3,"['40,128']",1,parcel,"[[4, 8, 0]]","[40.0, 128.0]",3.3015594156099715,1.6837953019610854e+22
1998,0x959e104e1a4db6317fa58f8295f586e1a978c297,134,149500000000000000000000,1641395007000,0x03e2c10b74a260f46ab5cf881938c5888a6142df,9,3,"['-91,-61', '-26,-23', '-19,25', '-15,-125', '-13,-143', '-12,-143', '-12,-150', '13,-143', '15,-125', '17,16', '31,-118', '34,-1', '34,-2', '36,103', '59,106', '139,-104', '139,-105', '139,-106', '139,-107', '139,-108', '140,-104', '140,-105', '140,-106', '140,-107', '140,-108', '141,-104', '141,-105', '141,-106', '141,-107', '141,-108', '142,-104', '142,-105', '142,-106', '142,-107', '142,-108', '143,-104', '143,-105', '143,-106', '143,-107', '143,-108', '144,-104', '144,-105', '144,-106', '144,-107', '144,-108', '145,-104', '145,-105', '145,-106', '145,-107', '145,-108', '146,-104', '146,-105', '146,-106', '146,-107', '146,-108', '147,-104', '147,-105', '147,-106', '147,-107', '147,-108', '148,-104', '148,-105', '148,-106', '148,-107', '148,-108', '149,-104', '149,-105', '149,-106', '149,-107', '149,-108']",70,land,"[[0, 0, 0], [0, 0, 0], [0, 0, 0], [0, 0, 6], [0, 0, 9], [0, 0, 9], [0, 0, 0], [0, 0, 9], [0, 0, 6], [4, 0, 6], [0, 0, 0], [0, 0, 0], [1, 0, 0], [0, 2, 0], [0, 2, 0], [0, 0, 0], [0, 0, 0], [0, 0, 0], [0, 0, 0], [0, 0, 0], [9, 1, 0], [9, 1, 0], [9, 1, 0], [9, 1, 0], [9, 1, 0], [8, 2, 0], [8, 2, 0], [8, 2, 0], [8, 2, 0], [8, 2, 0], [7, 3, 0], [7, 3, 0], [7, 3, 0], [7, 3, 0], [7, 3, 0], [6, 4, 0], [6, 4, 0], [6, 4, 0], [6, 4, 0], [6, 4, 0], [5, 5, 0], [5, 5, 0], [5, 5, 0], [5, 5, 0], [5, 5, 0], [4, 6, 0], [4, 6, 0], [4, 6, 0], [4, 6, 0], [4, 6, 0], [3, 7, 0], [3, 7, 0], [3, 7, 0], [3, 7, 0], [3, 7, 0], [2, 8, 0], [2, 8, 0], [2, 8, 0], [2, 8, 0], [2, 8, 0], [1, 9, 0], [1, 9, 0], [1, 9, 0], [1, 9, 0], [1, 9, 0], [0, 0, 0], [0, 0, 0], [0, 0, 0], [0, 0, 0], [0, 0, 0]]","[113.87142857142857, -94.48571428571428]",2.9390688380014987,4.3939079128122406e+23
1999,0xf87e31492faf9a91b02ee0deaad50d51d56d5d4d,115792089237316195423570985008687907847825466794905548624043590289004838256684,7100000000000000000000,1641388813000,0xb389bd9eb9c2fdf4775182af6450f3524f30bcdc,3,2,"['-16,44']",1,parcel,"[[0, 7, 0]]","[-16.0, 44.0]",2.9390688380014987,2.0867388749810642e+22